팀,이름,WAAwithADJ,출장,선발,이닝,기회,자살,보살,실책,수비율,RF9,RNG,E+,RAA,/133,POSADJ,RAAwithADJ,WAAw/oADJ
KIA,가뇽,0.185,2,28,159.2,26,8,18,0,1.0,1.47,1.53,0.32,1.96,14.67,0.0,1.96,0.185
KIA,고영창,-0.061,2,0,58.0,10,2,7,1,0.9,1.4,-0.47,-0.08,-0.64,-13.28,0.0,-0.64,-0.061
KIA,김규성,0.23800000000000002,113,69,798.4,464,200,252,12,2.908,14.850000000000001,1.17,-0.25,0.92,-8.540000000000001,1.66,2.5900000000000003,0.07699999999999997
KIA,김기훈,-0.098,1,7,52.0,7,1,4,2,0.714,0.87,-0.79,-0.3,-1.05,-24.11,0.0,-1.05,-0.098
KIA,김도영,0.134,90,60,567.2,219,76,130,13,0.941,3.27,0.58,-0.75,-0.17,-0.37,1.47,1.29,-0.018
KIA,김민식,1.34,108,137,1224.1,1086,968,109,9,2.972,24.66,2.25,-0.009999999999999981,2.98,10.809999999999999,10.61,13.59,0.29000000000000004
KIA,김석환,-0.132,38,22,204.2,60,60,0,0,1.0,2.64,0.54,0.17,-0.15,-0.89,-1.11,-1.26,-0.016
KIA,김선빈,0.23800000000000002,259,338,2775.3,1488,611,857,20,2.9619999999999997,14.530000000000001,-5.289999999999999,3.13,-2.1700000000000004,0.6800000000000002,4.81,2.65,-0.24000000000000002
KIA,김유신,-0.142,15,11,54.1,14,0,12,2,0.857,1.99,-1.16,-0.3,-1.44,-31.62,0.0,-1.44,-0.142
KIA,김태진,-0.116,93,141,1231.2,410,127,259,24,1.887,5.74,-2.3899999999999997,-1.01,-3.3899999999999997,-9.540000000000001,2.1399999999999997,-1.25,-0.32699999999999996
KIA,김호령,0.43399999999999994,106,96,964.2,291,278,8,5,2.9370000000000003,8.1,-1.77,-0.49,2.4299999999999997,13.160000000000002,1.6700000000000002,4.1,0.26899999999999996
KIA,나성범,-0.791,132,132,1131.2,230,223,4,3,0.987,1.81,0.2,0.32,-2.08,-2.2,-5.77,-7.85,-0.209
KIA,나주환,-0.017,15,62,553.2,181,60,112,9,1.944,6.24,-0.8799999999999999,-0.13999999999999999,-0.9999999999999999,15.639999999999999,0.76,-0.2499999999999999,-0.089
KIA,나지완,-1.867,26,152,1194.2,248,244,3,1,1.995,3.79,-9.71,0.45,-13.17,-37.9,-6.54,-19.71,-1.252
KIA,놀린,-0.075,21,21,124.0,22,2,19,1,0.955,1.52,-0.9,0.11,-0.73,-7.0,0.0,-0.73,-0.075
KIA,류지혁,-0.396,205,184,1622.4,807,541,245,21,1.947,9.059999999999999,-2.08,0.16999999999999998,-1.9100000000000001,-3.09,-2.07,-3.98,-0.192
KIA,멩덴,0.052,21,21,120.0,21,7,14,0,1.0,1.58,0.25,0.22,0.53,5.24,0.0,0.53,0.052
KIA,박동원,0.887,107,92,818.0,736,665,67,4,0.995,8.05,-0.77,0.4,1.8,2.64,6.79,8.59,0.186
KIA,박민,0.14,13,11,94.2,39,13,24,2,0.949,3.52,0.93,-0.04,0.9,11.32,0.48,1.37,0.091
KIA,박정우,0.041,28,16,159.0,48,47,1,0,1.0,2.72,0.32,0.08,0.33,2.49,0.07,0.4,0.033
KIA,박준표,-0.021,3,0,51.2,11,6,4,1,0.909,1.74,-0.16,-0.1,-0.23,-5.27,0.0,-0.23,-0.021
KIA,박진태,0.014,59,0,65.0,8,0,8,0,1.0,1.11,0.25,0.12,0.14,2.6,0.0,0.14,0.014
KIA,박찬호,2.013,256,391,3379.2999999999997,1725,618,1046,61,2.893,13.29,2.91,-0.05999999999999995,2.84,2.77,17.38,20.21,0.279
KIA,백용환,0.157,2,20,199.0,169,158,8,3,0.982,7.51,0.01,-0.32,-0.15,-0.89,1.81,1.66,-0.014
KIA,브룩스,-0.08299999999999999,15,36,229.1,65,21,41,3,1.91,5.029999999999999,-0.84,-0.15000000000000002,-0.87,-9.76,0.0,-0.87,-0.08299999999999999
KIA,소크라테스,0.196,125,125,1084.2,328,321,2,5,0.985,2.68,5.55,-0.29,0.6,0.66,1.32,1.92,0.061
KIA,양현종,-0.20199999999999999,32,61,347.2,51,8,38,5,1.806,2.38,-1.97,-0.22,-1.99,-13.59,0.0,-1.99,-0.20199999999999999
KIA,오선우,-0.116,1,9,111.0,22,21,1,0,1.0,1.78,-1.07,0.07,-0.62,-6.74,-0.61,-1.23,-0.059
KIA,유민상,-1.3579999999999999,18,121,1050.0,1002,935,58,9,1.99,17.119999999999997,-4.6899999999999995,-0.11000000000000001,-4.8,-16.56,-9.49,-14.29,-0.457
KIA,윤중현,0.259,77,13,135.4,33,5,27,1,1.944,4.48,2.41,0.07999999999999999,2.56,45.79,0.0,2.56,0.259
KIA,이민우,-0.2,18,34,163.0,33,9,20,4,1.818,3.27,-1.7000000000000002,-0.48,-2.08,-31.08,0.0,-2.08,-0.2
KIA,이우성,-0.86,123,55,638.2,141,136,2,3,2.952,5.529999999999999,-4.15,-0.22000000000000003,-5.470000000000001,-36.230000000000004,-3.08,-8.55,-0.55
KIA,이의리,-0.094,48,47,248.2,30,8,19,3,1.8,1.9100000000000001,-0.9800000000000001,-0.04,-0.9,-5.14,0.0,-0.9,-0.094
KIA,이진영,0.052,16,11,107.0,26,25,1,0,1.0,2.19,0.2,0.06,0.56,6.22,-0.03,0.53,0.055
KIA,이창진,-0.231,194,182,1585.5,415,408,6,1,2.995,6.5600000000000005,1.3000000000000003,0.7,0.24999999999999978,-15.399999999999999,-2.75,-2.5,0.05700000000000002
KIA,임기영,0.388,57,76,409.29999999999995,63,9,51,3,2.893,3.92,3.4000000000000004,0.27,3.87,34.269999999999996,0.0,3.87,0.388
KIA,장영석,-0.269,2,10,84.0,43,29,11,3,0.93,4.29,-2.32,-0.38,-2.7,-38.43,-0.13,-2.83,-0.257
KIA,장현식,-0.099,122,0,128.2,23,5,16,2,1.826,3.07,-0.64,-0.13,-0.98,-18.25,0.0,-0.98,-0.099
KIA,정해영,0.045,119,0,121.1,27,7,18,2,1.852,3.7199999999999998,0.54,-0.14,0.45000000000000007,8.01,0.0,0.45000000000000007,0.045
KIA,최원준,-2.011,136,231,2040.0,546,521,14,11,1.9609999999999999,4.74,-11.83,-0.98,-15.86,-21.259999999999998,-5.08,-20.950000000000003,-1.505
KIA,최정민,0.062,20,3,59.0,14,13,1,0,1.0,2.14,0.7,0.05,0.65,13.27,-0.03,0.62,0.065
KIA,최정용,-0.016000000000000007,30,18,228.3,124,48,72,4,1.935,9.45,-0.4,-0.2,-0.6,-4.79,0.4,-0.19999999999999996,-0.05499999999999999
KIA,최형우,0.018,19,17,133.0,35,34,1,0,1.0,2.37,1.27,0.09,0.84,7.56,-0.67,0.17,0.086
KIA,터커,-3.019,118,262,2170.1,641,615,22,4,1.988,5.42,-12.6,0.71,-19.5,-20.54,-12.57,-32.07,-1.819
KIA,파노니,0.127,14,14,82.2,16,0,15,1,0.938,1.63,1.17,0.01,1.22,17.69,0.0,1.22,0.127
KIA,한승택,1.5010000000000001,147,172,1484.2,1402,1282,112,8,2.9859999999999998,25.15,0.8300000000000001,0.56,2.1599999999999997,7.26,12.86,15.01,0.228
KIA,한승혁,-0.03,24,16,80.1,15,4,9,2,0.867,1.46,-0.13,-0.2,-0.29,-4.31,0.0,-0.29,-0.03
KIA,홍종표,0.151,1,20,192.2,128,57,71,0,1.0,5.98,0.78,0.45,1.23,7.63,0.35,1.57,0.117
KIA,황대인,-1.911,199,219,1847.1999999999998,1857,1731,112,14,2.974,27.66,-3.75,0.6299999999999999,-3.12,-1.5999999999999996,-15.700000000000001,-18.82,-0.327
KIA,황윤호,0.141,2,17,160.1,58,9,45,4,0.931,3.03,1.5,-0.32,1.19,8.85,0.29,1.48,0.113
LG,가르시아,-0.139,39,38,330.1,160,60,94,6,0.963,4.2,-1.6,-0.3,-1.91,-6.92,0.57,-1.34,-0.197
LG,고우석,-0.0010000000000000009,123,0,118.2,27,6,19,2,1.857,3.8,-0.2,-0.14,0.010000000000000009,0.39000000000000057,0.0,0.010000000000000009,-0.0010000000000000009
LG,구본혁,0.6779999999999999,119,24,646.1,289,87,195,7,1.954,7.99,4.5,0.54,5.04,18.67,1.9500000000000002,6.99,0.489
LG,김대유,-0.167,64,0,50.2,12,2,8,2,0.833,1.78,-1.4,-0.31,-1.68,-39.67,0.0,-1.68,-0.167
LG,김민성,1.175,199,217,1858.5,492,134,342,16,2.897,6.89,6.119999999999999,2.49,8.61,11.33,3.23,11.84,0.8550000000000001
LG,김용의,-0.039,88,8,387.2,381,331,49,1,1.994,17.66,2.41,0.47,2.6399999999999997,16.02,-3.0300000000000002,-0.39,0.255
LG,김윤식,-0.05700000000000001,60,37,247.5,49,10,37,2,2.931,4.8100000000000005,-0.81,0.14,-0.54,-4.819999999999999,0.0,-0.54,-0.05700000000000001
LG,김재성,0.187,54,16,198.2,176,162,13,1,0.994,7.93,0.14,0.1,0.16,0.98,1.7,1.86,0.016
LG,김진성,0.019,67,0,58.0,10,0,10,0,1.0,1.55,0.01,0.14,0.19,3.82,0.0,0.19,0.019
LG,김현수,-1.438,179,282,2369.2,568,550,15,3,2.985,6.33,-1.1199999999999999,0.79,-1.98,-3.88,-12.76,-14.75,-0.202
LG,김호은,0.067,2,15,120.1,102,97,4,1,0.99,7.55,1.9,-0.03,1.73,17.2,-1.02,0.71,0.164
LG,라모스,-0.534,40,140,1114.1,1177,1086,81,10,1.98,19.060000000000002,4.71,-0.15000000000000002,4.550000000000001,6.41,-10.14,-5.59,0.421
LG,루이즈,0.031,25,24,209.0,66,25,38,3,0.955,2.71,-0.06,0.01,-0.05,-0.28,0.34,0.29,-0.005
LG,문보경,1.258,220,192,1670.3000000000002,976,707,257,12,1.975,11.07,14.26,1.9100000000000001,16.17,24.08,-3.78,12.39,1.638
LG,문성주,0.802,85,69,637.1,178,173,4,1,1.98,4.93,11.22,0.23000000000000004,10.780000000000001,36.53,-2.96,7.82,1.106
LG,박해민,1.858,144,142,1206.0,361,356,3,2,0.995,2.68,14.97,0.39,15.88,15.76,1.98,17.86,1.652
LG,백승현,0.094,3,11,112.0,34,8,25,1,0.971,2.65,0.6,0.14,0.74,7.9,0.25,0.99,0.07
LG,보어,-0.218,27,27,200.0,196,181,12,3,0.985,8.69,-0.24,-0.22,-0.46,-2.78,-1.7,-2.16,-0.047
LG,서건창,-0.10900000000000004,123,112,937.2,495,214,276,5,1.98,9.399999999999999,-4.04,1.47,-2.5700000000000003,-6.44,1.58,-0.99,-0.271
LG,손호영,-0.522,35,30,266.0,126,51,69,6,1.845,6.75,-5.33,-0.42,-5.76,-55.269999999999996,0.51,-5.24,-0.573
LG,송은범,-0.011,3,1,56.0,7,2,5,0,1.0,1.13,-0.14,0.11,-0.12,-2.6,0.0,-0.12,-0.011
LG,송찬의,0.003,27,18,163.0,110,66,40,4,0.964,5.85,0.96,-0.45,0.22,1.63,-0.19,0.03,0.023
LG,수아레즈,-0.044,23,22,115.1,17,4,12,1,0.941,1.25,-0.51,0.02,-0.44,-4.62,0.0,-0.44,-0.044
LG,신민재,0.198,23,7,154.0,60,41,18,1,1.964,7.0,2.03,0.0,1.8199999999999998,27.89,0.23,2.06,0.176
LG,안익훈,-0.182,43,0,82.0,11,11,0,0,1.0,1.21,-1.55,0.04,-1.67,-24.44,-0.16,-1.84,-0.166
LG,양석환,0.287,1,37,293.0,170,129,37,4,0.977,5.1,3.96,-0.09,3.87,15.8,-0.86,3.01,0.369
LG,오지환,4.933,271,402,3369.2,1734,568,1123,43,2.925,13.549999999999999,29.02,3.53,32.55,35.04,17.54,50.1,3.199
LG,윌슨,0.168,3,25,144.2,39,15,24,0,1.0,2.43,1.39,0.29,1.78,14.71,0.0,1.78,0.168
LG,유강남,2.546,263,356,2978.3,2645,2446,186,13,2.9859999999999998,23.87,-2.0700000000000003,1.74,0.010000000000000064,-0.030000000000000027,25.799999999999997,25.799999999999997,-0.007000000000000006
LG,이민호,-0.008000000000000002,53,64,331.3,63,18,39,6,2.751,4.64,0.24000000000000002,-0.49,-0.08000000000000002,-0.7100000000000001,0.0,-0.08000000000000002,-0.008000000000000002
LG,이상영,0.022,21,9,50.0,7,1,6,0,1.0,1.26,0.11,0.09,0.23,5.41,0.0,0.23,0.022
LG,이상호,0.061000000000000006,94,26,369.2,217,104,107,6,1.946,10.25,0.72,-0.20999999999999996,0.5100000000000001,3.5300000000000002,0.11,0.6299999999999999,0.049
LG,이성우,0.275,37,31,348.2,318,299,17,2,1.986,16.48,-0.25,0.11000000000000001,-0.27,-0.10000000000000009,3.1,2.83,-0.024
LG,이영빈,-0.024999999999999994,100,45,441.0,334,222,103,9,1.95,12.85,1.03,-0.62,0.4,5.45,-0.71,-0.31000000000000005,0.045
LG,이재원,0.229,101,77,676.0,154,148,5,1,1.9849999999999999,4.0600000000000005,4.53,0.22999999999999998,5.61,19.26,-3.33,2.29,0.567
LG,이정용,-0.013000000000000001,131,0,128.3,21,4,15,2,1.806,2.63,0.07,-0.12000000000000001,-0.13,-2.74,0.0,-0.13,-0.013000000000000001
LG,이천웅,-0.112,61,118,1058.4,245,241,3,1,1.994,4.12,-0.17000000000000015,0.31,-1.9000000000000001,-2.3000000000000003,0.6799999999999999,-1.23,-0.175
LG,이형종,-0.635,44,96,840.2,188,178,4,6,1.9369999999999998,3.84,-0.8500000000000001,-0.72,-2.21,-7.290000000000001,-4.43,-6.640000000000001,-0.21400000000000002
LG,임찬규,0.13799999999999998,42,66,340.6,62,18,41,3,2.841,4.67,1.14,0.12999999999999998,1.4500000000000002,10.47,0.0,1.4500000000000002,0.13799999999999998
LG,장준원,0.125,2,18,186.0,51,19,31,1,0.98,2.42,0.64,0.35,1.0,6.42,0.32,1.32,0.095
LG,정근우,-0.624,3,31,253.0,149,59,81,9,0.94,4.98,-5.84,-1.22,-7.05,-33.37,0.44,-6.61,-0.665
LG,정우영,0.251,140,0,198.0,71,14,56,1,2.963,9.48,2.66,0.21000000000000002,2.61,44.150000000000006,0.0,2.61,0.251
LG,정주현,-0.014000000000000012,73,178,1401.0,852,321,509,22,1.943,10.649999999999999,-1.72,-1.01,-2.74,-2.74,2.49,-0.25,-0.255
LG,정찬헌,0.076,14,31,168.1,32,15,16,1,1.929,3.49,0.5700000000000001,0.13,0.79,11.08,0.0,0.79,0.076
LG,진해수,-0.033,3,0,50.0,10,3,7,0,1.0,1.8,-0.09,0.1,-0.35,-8.49,0.0,-0.35,-0.033
LG,차우찬,0.002,3,13,64.0,9,0,8,1,0.889,1.13,0.05,-0.07,0.02,0.46,0.0,0.02,0.002
LG,채은성,-1.045,205,279,2288.2,1294,1220,61,13,2.972,13.32,5.75,0.05000000000000002,4.76,7.640000000000001,-15.07,-10.309999999999999,0.45399999999999996
LG,최동환,-0.071,50,0,107.0,12,4,5,3,1.514,1.51,-0.43,-0.37,-0.73,-15.93,0.0,-0.73,-0.071
LG,켈리,0.0020000000000000157,59,85,516.2,90,31,58,1,2.968,4.67,-1.14,0.8899999999999999,0.02000000000000013,0.5699999999999994,0.0,0.02000000000000013,0.0020000000000000157
LG,플럿코,0.055,28,28,162.0,12,1,11,0,1.0,0.67,0.05,0.4,0.53,3.94,0.0,0.53,0.055
LG,한석현,-0.084,10,7,58.0,8,7,0,1,0.875,1.09,0.03,-0.17,-0.6,-12.36,-0.25,-0.85,-0.059
LG,허도환,0.165,63,27,254.2,224,211,13,0,1.0,7.92,0.56,0.37,-0.52,-2.43,2.1,1.59,-0.054
LG,홍창기,0.754,243,335,2958.5,716,696,15,5,2.98,6.5,11.74,0.78,12.7,17.939999999999998,-4.8100000000000005,7.89,1.242
NC,강진성,-1.8619999999999999,117,213,1796.3000000000002,1612,1493,102,17,1.98,15.919999999999998,-2.6399999999999997,-0.30000000000000004,-3.26,-3.77,-15.78,-19.04,-0.333
NC,구창모,-0.03699999999999999,22,33,204.3,28,7,19,2,1.856,2.3200000000000003,-0.4899999999999999,0.07,-0.30000000000000004,-1.7799999999999994,0.0,-0.30000000000000004,-0.03699999999999999
NC,권희동,-0.30000000000000004,114,174,1525.4,366,346,14,6,2.947,6.210000000000001,0.19,-0.27,3.5,6.08,-6.41,-2.9099999999999997,0.31799999999999995
NC,김기환,0.6759999999999999,116,65,643.1,164,157,3,4,1.951,4.470000000000001,8.41,-0.44,8.41,31.27,-1.8499999999999999,6.5600000000000005,0.8620000000000001
NC,김성욱,0.298,4,41,472.1,121,118,3,0,1.0,2.31,2.93,0.27,5.01,12.69,-1.87,3.13,0.476
NC,김시훈,-0.083,59,7,83.1,15,2,10,3,0.8,1.3,-0.32,-0.39,-0.8,-11.56,0.0,-0.8,-0.083
NC,김영규,0.216,112,21,196.4,59,13,46,0,3.0,8.1,1.77,0.42000000000000004,2.16,39.17,0.0,2.16,0.216
NC,김응민,0.233,34,17,179.2,181,163,17,1,0.995,9.02,0.25,0.06,0.75,4.98,1.46,2.2,0.079
NC,김주원,1.178,155,134,1198.3,659,264,372,23,1.9249999999999998,9.469999999999999,6.26,-0.17000000000000004,6.09,9.28,5.3100000000000005,11.4,0.636
NC,김준완,0.321,2,16,176.0,50,46,4,0,1.0,2.56,0.63,0.1,3.94,26.8,-0.57,3.37,0.376
NC,김찬형,-0.797,19,21,260.29999999999995,132,45,76,11,1.8679999999999999,8.780000000000001,-8.21,-1.4,-9.62,-78.23,1.16,-8.46,-0.906
NC,김태군,1.026,101,110,1001.1,941,865,67,9,1.9809999999999999,16.8,1.01,-0.32999999999999996,1.69,3.72,8.73,10.43,0.167
NC,김태진,0.017,3,19,183.0,62,20,40,2,0.968,2.95,-0.14,0.07,-0.06,-0.38,0.22,0.16,-0.004
NC,김한별,0.11,24,4,78.2,38,11,23,4,0.895,3.89,1.17,-0.49,0.68,10.27,0.37,1.05,0.071
NC,김형준,0.2,3,13,164.1,153,142,10,1,0.994,8.33,0.41,0.03,0.63,4.58,1.5,2.13,0.059
NC,나성범,-0.608,128,175,1450.4,330,318,7,5,1.979,4.09,-0.54,-0.05999999999999997,1.3900000000000001,1.1400000000000001,-7.72,-6.33,0.139
NC,노진혁,1.031,214,325,2693.3,1097,403,661,33,2.904,10.57,-3.08,2.35,-0.7400000000000002,-0.3100000000000005,11.379999999999999,10.639999999999999,-0.07900000000000001
NC,도태훈,-0.01999999999999999,152,49,619.2,355,231,116,8,1.947,9.71,0.54,0.01999999999999999,0.5599999999999998,-1.6799999999999997,-0.8099999999999999,-0.25,0.065
NC,라이트,-0.086,3,29,157.2,16,9,7,0,1.0,0.91,-1.34,0.32,-0.92,-6.96,0.0,-0.92,-0.086
NC,루친스키,-0.08299999999999999,63,91,554.4,106,36,62,8,2.777,4.77,-0.6799999999999999,-0.42000000000000004,-0.8,-5.13,0.0,-0.8,-0.08299999999999999
NC,마티니,-1.301,120,120,1006.1,499,461,26,12,0.976,4.36,-5.19,-1.23,-6.37,-7.57,-6.43,-12.8,-0.647
NC,모창민,-0.226,3,18,147.2,134,121,11,2,0.985,8.05,-0.9,-0.17,-1.07,-8.64,-1.33,-2.4,-0.1
NC,박건우,-0.128,85,85,693.2,165,158,4,3,0.982,2.1,-2.25,-0.14,-1.95,-3.36,0.68,-1.26,-0.197
NC,박대온,0.284,98,64,572.3,543,513,26,4,1.9849999999999999,16.89,-0.9099999999999999,0.039999999999999994,-2.02,-9.129999999999999,4.74,2.73,-0.20700000000000002
NC,박민우,1.0459999999999998,151,261,2167.2,1203,549,633,21,2.949,14.75,5.87,1.21,7.08,8.899999999999999,3.78,10.86,0.675
NC,박석민,0.405,59,157,1233.4,388,131,233,24,2.822,9.83,3.2600000000000002,-1.04,2.2199999999999998,11.87,1.94,4.16,0.222
NC,박준영,-0.08499999999999999,175,143,1304.3000000000002,464,160,280,24,2.83,8.77,-4.54,-0.43999999999999995,-4.97,-26.740000000000002,4.180000000000001,-0.81,-0.505
NC,서호철,0.448,80,51,496.2,219,84,130,5,0.977,3.88,3.22,0.38,3.6,8.68,0.68,4.28,0.378
NC,손아섭,-0.056,108,108,894.2,203,193,7,3,0.985,2.01,6.5,0.12,3.91,5.23,-4.45,-0.54,0.404
NC,송명기,-0.2,52,58,317.5,37,8,24,5,2.597,2.72,-1.87,-0.32,-2.0300000000000002,-26.369999999999997,0.0,-2.0300000000000002,-0.2
NC,신민혁,0.031,56,48,263.1,44,16,26,2,1.909,2.91,0.010000000000000009,0.15999999999999998,0.29,3.5200000000000005,0.0,0.29,0.031
NC,알테어,0.15799999999999997,130,258,2172.4,656,645,7,4,1.988,5.41,1.54,0.24,-2.3,-2.5100000000000002,3.9,1.61,-0.21400000000000002
NC,양의지,2.234,144,224,1830.3000000000002,1713,1585,121,7,2.983,25.03,1.84,1.26,6.8100000000000005,10.23,16.189999999999998,22.990000000000002,0.665
NC,오영수,-0.592,77,63,554.2,532,487,41,4,0.993,8.57,-1.31,0.26,-1.12,-2.43,-4.58,-5.7,-0.117
NC,원종현,-0.192,132,0,173.1,34,10,20,4,2.652,4.66,-1.37,-0.43,-1.96,-40.019999999999996,0.0,-1.96,-0.192
NC,윤형준,-0.201,48,25,224.0,213,190,17,6,1.942,16.67,0.5899999999999999,-0.78,-0.19000000000000017,-4.989999999999998,-1.88,-2.06,-0.009000000000000008
NC,이명기,-1.62,123,222,1805.0,388,372,10,6,2.947,5.71,-8.94,-0.18000000000000005,-7.25,-21.450000000000003,-8.96,-16.21,-0.745
NC,이상호,-0.041,4,9,206.1,130,96,33,1,0.992,5.63,-0.35,0.27,-0.08,-0.44,-0.35,-0.43,-0.007
NC,이용찬,0.007,59,0,60.2,9,2,6,1,0.889,1.19,0.08,-0.05,0.06,1.25,0.0,0.06,0.007
NC,이원재,-0.482,26,45,416.1,374,344,27,3,1.979,15.99,-1.3399999999999999,0.09,-1.25,-13.04,-3.68,-4.93,-0.127
NC,이재학,0.11900000000000001,45,53,264.2,49,15,30,4,2.762,4.6,1.26,-0.24000000000000002,1.1600000000000001,16.07,0.0,1.1600000000000001,0.11900000000000001
NC,전민수,-0.191,24,8,72.0,12,12,0,0,1.0,1.5,-0.57,0.03,-1.54,-25.66,-0.37,-1.92,-0.153
NC,정범모,0.003,19,3,53.2,46,45,1,0,1.0,7.71,-0.4,0.08,-0.43,-9.56,0.46,0.03,-0.043
NC,정진기,-0.41,97,49,500.1,110,106,3,1,1.9889999999999999,3.7,-2.5700000000000003,0.07,-2.38,-5.26,-1.77,-4.15,-0.233
NC,정현,-0.289,44,24,239.2,96,42,52,2,0.979,3.53,-3.58,0.26,-3.32,-16.57,0.42,-2.9,-0.33
NC,지석훈,0.47,30,44,496.2,239,88,145,6,1.955,8.41,3.37,0.22,3.5900000000000003,17.93,1.29,4.88,0.346
NC,천재환,-0.192,27,3,80.1,20,19,1,0,1.0,2.24,-1.4,0.06,-1.74,-25.87,-0.11,-1.85,-0.18
NC,최성영,0.077,2,13,60.2,6,1,5,0,1.0,0.89,0.66,0.12,0.82,16.14,0.0,0.82,0.077
NC,최승민,-0.375,58,13,192.2,54,53,0,1,1.95,4.93,-3.21,-0.09000000000000001,-3.67,-45.79,-0.020000000000000004,-3.69,-0.373
NC,최정원,0.059000000000000004,66,63,573.0,285,125,151,9,1.9249999999999998,8.16,0.22,-0.41000000000000003,-0.19,-1.9300000000000002,0.77,0.5900000000000001,-0.018
NC,파슨스,0.094,24,24,133.0,22,6,16,0,1.0,1.49,0.63,0.25,0.94,8.46,0.0,0.94,0.094
SK,고종욱,-0.401,2,39,302.2,61,59,0,2,0.967,1.75,-0.19,-0.23,-2.59,-10.25,-1.65,-4.24,-0.245
SK,김강민,0.424,3,69,658.1,216,207,7,2,0.991,2.93,1.13,-0.08,3.29,5.98,1.19,4.48,0.312
SK,김경호,-0.071,2,20,228.0,50,49,1,0,1.0,1.97,0.24,0.13,0.23,1.23,-0.98,-0.75,0.022
SK,김성현,0.296,3,113,936.2,503,197,296,10,0.98,4.74,-1.46,0.6,-0.86,-1.1,3.97,3.11,-0.082
SK,김창평,-0.134,2,23,208.1,111,39,69,3,0.973,4.67,-1.67,-0.12,-1.79,-10.28,0.38,-1.41,-0.169
SK,김태훈,-0.065,2,8,62.0,6,1,3,2,0.667,0.58,-0.33,-0.28,-0.69,-13.41,0.0,-0.69,-0.065
SK,남태혁,-0.054,2,5,52.0,55,53,2,0,1.0,9.52,-0.18,0.08,-0.1,-2.3,-0.47,-0.57,-0.01
SK,노수광,-0.046,2,17,170.2,47,43,2,2,0.957,2.37,-0.15,-0.31,-0.25,-1.77,-0.23,-0.49,-0.024
SK,로맥,-1.333,3,127,1080.2,1018,950,56,12,0.988,8.38,-4.26,-0.63,-4.89,-5.41,-9.52,-14.41,-0.452
SK,문승원,0.009,3,25,145.2,23,4,16,3,0.87,1.24,0.31,-0.31,0.09,0.77,0.0,0.09,0.009
SK,박민호,0.079,3,0,52.0,12,1,11,0,1.0,2.08,0.7,0.1,0.84,19.34,0.0,0.84,0.079
SK,박성한,0.192,1,29,258.0,138,63,71,4,0.971,4.67,0.66,-0.03,0.63,2.93,1.39,2.02,0.06
SK,박종훈,0.132,3,28,157.1,23,5,18,0,1.0,1.32,0.98,0.31,1.4,10.65,0.0,1.4,0.132
SK,서진용,0.05,2,0,61.0,3,0,3,0,1.0,0.44,0.19,0.12,0.53,10.48,0.0,0.53,0.05
SK,오준혁,-0.051,2,27,196.2,43,43,0,0,1.0,1.97,1.19,0.11,0.53,3.25,-1.07,-0.53,0.051
SK,오태곤,-0.176,0,47,386.0,139,118,19,2,0.986,3.19,-0.2,0.07,-0.26,-0.82,-1.62,-1.88,-0.023
SK,윤석민,-0.081,2,12,115.0,55,40,13,2,0.964,4.15,-0.54,-0.1,-0.65,-6.72,-0.2,-0.85,-0.062
SK,이건욱,-0.014,2,25,122.0,9,2,7,0,1.0,0.66,-0.48,0.24,-0.15,-1.48,0.0,-0.15,-0.014
SK,이재원,0.571,3,65,545.1,461,422,36,3,0.994,7.56,-0.54,0.18,1.07,2.36,4.86,5.94,0.103
SK,이현석,0.182,3,28,283.1,226,202,22,2,0.991,7.12,0.11,0.0,-0.64,-2.72,2.55,1.9,-0.061
SK,이홍구,0.04,2,16,131.1,116,108,7,1,0.991,7.88,0.01,-0.01,-0.76,-6.92,1.18,0.42,-0.073
SK,이흥련,0.229,1,35,297.1,282,262,17,3,0.989,8.45,0.62,-0.18,-0.28,-1.12,2.68,2.4,-0.026
SK,정의윤,-0.11,2,22,174.0,44,43,1,0,1.0,2.28,-0.11,0.1,-0.22,-1.49,-0.94,-1.16,-0.021
SK,정진기,-0.098,3,31,280.0,82,78,0,4,0.951,2.51,2.25,-0.64,0.14,0.61,-1.17,-1.03,0.014
SK,정현,-0.042,3,32,358.0,183,54,122,7,0.962,4.43,-1.85,-0.33,-2.18,-7.3,1.74,-0.44,-0.207
SK,조이현,0.051,2,7,77.0,12,4,7,1,0.917,1.29,0.54,-0.05,0.54,8.45,0.0,0.54,0.051
SK,채태인,-0.052,1,11,75.1,71,69,2,0,1.0,8.48,0.01,0.12,0.13,2.08,-0.69,-0.56,0.012
SK,최정,0.342,3,118,987.2,257,76,170,11,0.957,2.24,1.03,0.83,1.86,2.25,1.82,3.68,0.172
SK,최준우,-0.239,3,52,441.1,255,104,143,8,0.969,5.04,-2.74,-0.57,-3.31,-8.99,0.8,-2.52,-0.315
SK,최지훈,0.667,3,118,1007.1,269,257,8,4,0.985,2.37,6.63,-0.25,9.45,11.23,-2.47,6.98,0.903
SK,최항,0.283,2,37,320.0,193,85,105,3,0.985,5.34,2.26,0.16,2.42,9.04,0.57,2.99,0.229
SK,핀토,-0.008,2,30,162.0,33,11,22,0,1.0,1.83,-0.52,0.32,-0.09,-0.63,0.0,-0.09,-0.008
SK,한유섬,-0.23,2,48,392.0,81,78,1,2,0.975,1.81,-0.19,-0.17,-0.3,-0.93,-2.16,-2.46,-0.028
SSG,가빌리오,0.097,15,15,81.1,10,3,7,0,1.0,1.11,0.79,0.15,0.97,14.3,0.0,0.97,0.097
SSG,고종욱,-0.625,40,33,216.0,29,27,1,1,0.966,1.17,-5.08,-0.1,-5.16,-28.58,-1.12,-6.27,-0.514
SSG,김강민,0.675,170,75,908.0,242,234,6,2,1.987,4.7,3.53,0.09,5.12,14.89,1.54,6.65,0.52
SSG,김광현,0.149,28,28,173.1,38,6,30,2,0.947,1.87,1.32,0.03,1.43,9.9,0.0,1.43,0.149
SSG,김민식,0.487,77,47,447.0,366,328,35,3,0.992,7.31,1.0,0.05,1.0,2.67,3.68,4.67,0.104
SSG,김상수,0.017,49,0,58.1,15,4,11,0,1.0,2.31,0.04,0.11,0.17,3.54,0.0,0.17,0.017
SSG,김성현,0.69,230,156,1497.3000000000002,780,276,484,20,1.9489999999999998,9.100000000000001,2.64,0.43000000000000005,3.06,4.6,3.65,6.72,0.318
SSG,김재현,-0.157,17,6,59.0,15,5,9,1,0.933,2.14,-1.61,-0.02,-1.63,-33.05,0.12,-1.51,-0.169
SSG,김찬형,0.031,62,30,315.0,133,43,87,3,0.977,3.71,-0.65,0.34,-0.32,-1.21,0.63,0.31,-0.032
SSG,김창평,-0.054,21,4,60.2,15,11,4,0,1.0,2.23,-0.88,0.09,-0.45,-8.8,-0.09,-0.54,-0.045
SSG,김태훈,-0.13,63,0,58.0,6,0,4,2,0.667,0.62,-0.7,-0.29,-1.3,-26.89,0.0,-1.3,-0.13
SSG,김택형,-0.054,123,0,135.2,31,9,20,2,1.8519999999999999,3.7300000000000004,-0.48,-0.11,-0.52,-10.4,0.0,-0.52,-0.054
SSG,노경은,0.078,41,8,79.2,19,8,11,0,1.0,2.15,0.65,0.2,0.75,11.32,0.0,0.75,0.078
SSG,노바,-0.05,12,12,63.2,9,6,2,1,0.889,1.13,-0.47,-0.04,-0.48,-9.08,0.0,-0.48,-0.05
SSG,라가레스,-0.12,46,46,394.2,101,97,2,2,0.98,2.26,0.81,-0.14,0.81,2.46,-1.98,-1.17,0.083
SSG,로맥,-0.304,94,93,770.0,733,690,41,2,0.997,8.54,2.52,1.05,3.57,5.55,-6.63,-3.06,0.356
SSG,모리만도,0.016,12,12,75.1,10,0,9,1,0.9,1.08,0.13,-0.01,0.16,2.48,0.0,0.16,0.016
SSG,문승원,-0.007,9,9,50.1,9,3,5,1,0.889,1.43,0.01,-0.11,-0.07,-1.75,0.0,-0.07,-0.007
SSG,박성한,0.748,266,243,2183.2,1150,411,692,47,1.918,9.1,-2.79,-0.88,-3.6799999999999997,-4.01,11.100000000000001,7.42,-0.371
SSG,박종훈,0.012,9,9,54.1,19,6,12,1,0.947,2.98,0.2,-0.1,0.12,2.71,0.0,0.12,0.012
SSG,서진용,-0.055,132,0,134.2,23,8,15,0,2.0,3.08,-0.33999999999999997,0.30000000000000004,-0.54,-9.74,0.0,-0.54,-0.055
SSG,안상현,0.33799999999999997,53,18,192.0,113,42,68,3,1.943,10.25,3.02,-0.08000000000000002,2.9299999999999997,33.92,0.33999999999999997,3.2600000000000002,0.303
SSG,오원석,-0.078,64,45,254.0,43,10,30,3,1.8639999999999999,2.79,-0.8300000000000001,-0.03,-0.75,-5.93,0.0,-0.75,-0.078
SSG,오준혁,0.044,23,12,93.1,19,17,2,0,1.0,1.83,0.13,0.07,0.89,11.37,-0.46,0.43,0.092
SSG,오태곤,0.853,230,111,1218.3000000000002,616,564,48,4,1.987,9.26,10.24,0.43999999999999995,15.42,29.189999999999998,-7.22,8.19,1.591
SSG,이재원,0.802,199,158,1338.3000000000002,1188,1118,59,11,1.9809999999999999,15.82,-2.29,-0.22,-3.34,-6.029999999999999,11.27,7.93,-0.346
SSG,이정범,-0.11,17,17,109.0,21,19,1,1,0.952,1.65,-0.66,-0.15,-0.55,-6.01,-0.57,-1.12,-0.054
SSG,이태양,0.0,69,31,215.2,35,10,24,1,1.944,2.85,-0.34,0.27,0.020000000000000018,0.8700000000000001,0.0,0.020000000000000018,0.0
SSG,이현석,0.283,37,25,220.0,201,184,15,2,0.99,8.14,0.25,-0.07,0.95,5.17,1.89,2.84,0.095
SSG,이흥련,0.44100000000000006,108,53,508.0,438,410,27,1,1.9969999999999999,15.26,0.23,0.55,0.06,-0.77,4.3,4.36,0.004
SSG,장지훈,0.18,100,0,135.1,39,5,31,3,1.85,4.86,2.0,-0.31,1.75,34.6,0.0,1.75,0.18
SSG,전의산,-0.625,62,56,477.2,479,442,29,8,0.983,8.87,-1.41,-0.69,-2.09,-5.25,-3.98,-6.08,-0.215
SSG,정의윤,-0.382,35,31,222.0,47,45,2,0,1.0,1.91,-2.47,0.12,-2.68,-14.47,-1.14,-3.83,-0.268
SSG,정현,-0.131,12,5,67.0,31,9,20,2,0.936,3.9,-1.24,-0.21,-1.45,-25.83,0.12,-1.32,-0.143
SSG,조이현,-0.106,30,8,66.2,10,2,8,0,1.0,1.35,-1.22,0.12,-1.07,-19.23,0.0,-1.07,-0.106
SSG,최경모,0.021,92,15,249.1,103,36,63,4,0.961,3.57,-0.19,-0.07,-0.26,-1.25,0.46,0.2,-0.027
SSG,최민준,0.165,89,13,154.1,32,9,22,1,1.9409999999999998,3.6799999999999997,1.41,0.13,1.62,26.03,0.0,1.62,0.165
SSG,최상민,-0.079,21,3,58.0,23,23,0,0,1.0,3.57,-0.52,0.04,-0.57,-11.75,-0.19,-0.76,-0.059
SSG,최정,1.094,240,239,1987.1,558,155,379,24,1.914,4.82,6.3100000000000005,1.25,7.5600000000000005,9.12,3.42,10.98,0.754
SSG,최주환,-0.258,178,173,1364.3000000000002,915,550,343,22,1.95,11.71,0.18000000000000016,-1.0899999999999999,-0.8999999999999999,-2.9400000000000004,-1.51,-2.42,-0.10400000000000004
SSG,최지훈,2.758,268,256,2293.1,648,626,19,3,1.991,5.08,16.11,0.75,27.85,28.49,-0.87,26.98,2.846
SSG,최항,-0.104,21,15,112.0,70,35,32,3,0.957,5.38,-0.87,-0.31,-1.18,-12.59,0.13,-1.04,-0.117
SSG,추신수,-0.795,47,47,372.1,80,79,0,1,0.988,1.91,-4.19,0.05,-6.19,-19.88,-1.96,-8.15,-0.604
SSG,크론,-0.465,63,61,533.2,589,543,43,3,0.995,9.88,-0.5,0.42,-0.07,-0.17,-4.38,-4.46,-0.008
SSG,폰트,0.137,54,54,329.2,38,8,28,2,1.8929999999999998,1.97,0.8699999999999999,0.33,1.35,10.030000000000001,0.0,1.35,0.137
SSG,하재훈,-0.238,44,24,209.2,49,45,3,1,0.98,2.06,-2.58,-0.06,-1.34,-7.68,-0.96,-2.3,-0.139
SSG,한유섬,-0.013999999999999957,233,223,1890.4,444,433,9,2,1.991,4.22,8.49,0.9400000000000001,9.41,11.6,-9.690000000000001,-0.29000000000000004,0.959
kt,강민국,-0.178,18,48,423.2,218,88,124,6,1.952,9.83,-2.92,-0.06999999999999999,-2.99,-9.68,1.08,-1.91,-0.283
kt,강백호,-2.206,149,269,2291.2,2398,2178,189,31,2.955,26.68,0.30000000000000016,-2.27,-2.6,3.5999999999999996,-20.5,-23.1,-0.25899999999999995
kt,강현우,-0.005,2,6,81.1,62,50,11,1,0.984,6.75,-0.04,-0.08,-0.79,-11.67,0.74,-0.05,-0.075
kt,고영표,0.201,54,53,348.29999999999995,95,28,63,4,1.9300000000000002,4.67,1.8599999999999999,-0.03999999999999998,1.98,13.69,0.0,1.98,0.201
kt,권동진,0.07,111,22,350.2,203,76,118,9,1.9249999999999998,10.440000000000001,0.15,-0.66,-0.51,-0.2999999999999998,1.17,0.67,-0.047999999999999994
kt,김건형,-0.026,11,11,85.0,10,9,1,0,1.0,1.06,-0.74,0.06,0.17,2.43,-0.43,-0.26,0.017
kt,김민수,-0.4,135,19,241.3,45,17,23,5,2.673,4.77,-3.62,-0.48,-4.1,-55.31,0.0,-4.1,-0.4
kt,김민혁,-0.123,115,141,1101.0,277,268,4,5,2.944,6.58,6.01,-0.37,4.2,11.9,-5.619999999999999,-1.42,0.43799999999999994
kt,김병희,-0.183,55,34,324.29999999999995,170,100,62,8,2.857,13.71,-0.53,-0.7500000000000001,-1.29,-2.0500000000000007,-0.45,-1.73,-0.136
kt,김재윤,-0.019999999999999997,127,0,193.3,19,4,15,0,3.0,2.64,-0.18999999999999995,0.41000000000000003,-0.17000000000000004,-2.8900000000000006,0.0,-0.17000000000000004,-0.019999999999999997
kt,김준태,0.463,79,57,504.2,438,415,21,2,0.995,7.78,0.63,0.34,0.29,0.7,4.19,4.49,0.03
kt,김태훈,-0.286,20,15,118.0,25,24,1,0,1.0,1.91,-2.27,0.08,-2.24,-22.7,-0.63,-2.86,-0.223
kt,데스파이네,0.447,65,96,558.4,120,40,78,2,2.951,5.74,3.62,0.78,4.42,29.1,0.0,4.42,0.447
kt,라모스,-0.187,18,18,157.0,30,27,1,2,0.933,1.61,-1.36,-0.27,-1.03,-7.83,-0.78,-1.81,-0.106
kt,로하스,-0.267,3,106,890.0,230,219,7,4,0.983,2.29,2.78,-0.27,2.09,2.81,-5.01,-2.92,0.191
kt,문상철,0.01200000000000001,22,35,304.3,241,228,12,1,1.994,16.18,2.6500000000000004,0.21000000000000002,2.54,11.07,-2.39,0.16000000000000003,0.24
kt,박경수,1.463,182,199,1681.2,1021,382,621,18,2.944,15.95,11.41,0.5900000000000001,11.99,24.46,2.92,14.93,1.175
kt,박병호,-0.078,107,105,873.0,937,859,71,7,0.993,9.59,6.29,0.27,6.56,8.99,-7.33,-0.77,0.67
kt,박승욱,-0.396,2,27,333.2,227,119,101,7,0.969,5.93,-3.72,-0.64,-4.36,-15.65,0.15,-4.21,-0.41
kt,박영현,-0.028,52,0,51.2,7,0,6,1,0.857,1.05,-0.11,-0.07,-0.27,-6.33,0.0,-0.27,-0.028
kt,배정대,1.742,286,414,3605.3999999999996,1011,975,25,11,2.969,7.470000000000001,2.85,-0.27,11.649999999999999,11.559999999999999,6.26,17.9,1.123
kt,배제성,0.063,53,70,389.29999999999995,71,16,48,7,2.701,4.57,0.97,-0.5900000000000001,0.5999999999999999,8.86,0.0,0.5999999999999999,0.063
kt,벤자민,0.08,17,17,96.2,13,1,11,1,0.923,1.12,0.68,0.04,0.77,9.55,0.0,0.77,0.08
kt,소형준,0.307,53,75,423.1,95,34,59,2,2.943,5.98,2.44,0.52,3.17,28.82,0.0,3.17,0.307
kt,송민섭,1.034,218,9,687.0,175,166,8,1,2.983,6.83,7.0200000000000005,0.23,13.469999999999999,69.84,-2.87,10.59,1.3210000000000002
kt,신본기,0.669,155,85,815.3,337,124,208,5,1.9729999999999999,7.34,2.98,1.53,4.5,13.16,2.04,6.54,0.459
kt,심우준,2.6,266,386,3271.1,1759,652,1051,56,2.905,14.010000000000002,8.649999999999999,0.52,9.17,10.06,16.88,26.049999999999997,0.9159999999999999
kt,알몬테,-0.272,35,33,241.0,55,52,1,2,0.964,1.98,-0.89,-0.29,-1.49,-7.41,-1.25,-2.74,-0.148
kt,알포드,-0.963,66,66,522.0,95,89,2,4,0.958,1.57,-5.89,-0.45,-7.0,-16.04,-2.52,-9.51,-0.708
kt,엄상백,-0.228,43,31,192.3,24,6,14,4,1.666,1.81,-1.9499999999999997,-0.35,-2.21,-18.060000000000002,0.0,-2.21,-0.228
kt,오윤석,0.509,163,116,1044.3,706,364,332,10,1.98,12.03,5.02,0.6,5.63,20.29,-0.56,5.06,0.5660000000000001
kt,오태곤,0.086,3,8,95.2,28,27,1,0,1.0,2.63,0.5,0.05,1.42,17.79,-0.52,0.91,0.135
kt,유원상,0.0,3,0,64.0,9,4,5,0,1.0,1.27,-0.04,0.13,0.0,0.07,0.0,0.0,0.0
kt,유한준,-0.299,18,28,213.29999999999998,39,38,1,0,2.0,3.11,-1.8,0.14,-1.97,-22.119999999999997,-1.15,-3.12,-0.189
kt,이시원,-0.154,27,2,58.0,9,9,0,0,1.0,1.4,-1.37,0.04,-1.22,-25.23,-0.26,-1.49,-0.126
kt,이홍구,0.13799999999999998,35,23,240.2,193,183,9,1,1.9849999999999999,13.98,0.0,0.15,-0.74,-10.0,2.1,1.3599999999999999,-0.068
kt,장성우,2.007,212,298,2528.3,2157,2025,115,17,2.977,23.06,-1.92,0.27999999999999997,-1.6199999999999999,-2.33,22.01,20.38,-0.16
kt,장준원,0.298,33,13,151.2,67,26,41,0,1.0,3.98,2.02,0.47,2.49,19.68,0.37,2.86,0.26
kt,조용호,-0.463,251,329,2624.5,547,524,22,1,2.9939999999999998,5.63,0.9499999999999997,1.44,8.86,12.469999999999999,-13.48,-4.62,0.879
kt,주권,-0.16399999999999998,61,0,120.2,16,4,10,2,1.778,2.14,-1.6600000000000001,-0.13,-1.72,-30.419999999999998,0.0,-1.72,-0.16399999999999998
kt,천성호,-0.172,28,22,272.2,139,62,71,6,1.9089999999999998,9.129999999999999,-1.41,-0.5,-1.9100000000000001,-15.0,0.12999999999999998,-1.7799999999999998,-0.183
kt,쿠에바스,0.02500000000000001,25,50,291.1,51,18,29,4,1.84,2.89,0.30000000000000004,-0.22999999999999998,0.21999999999999997,2.68,0.0,0.21999999999999997,0.02500000000000001
kt,허도환,0.377,59,47,441.20000000000005,368,341,23,4,1.97,14.5,0.6599999999999999,-0.15,-0.07000000000000006,-3.8,3.87,3.7800000000000002,-0.001999999999999988
kt,호잉,0.349,65,68,580.0,137,129,5,3,0.978,2.08,5.2,-0.22,6.27,12.95,-2.8,3.48,0.629
kt,홍현빈,0.644,85,29,386.4,103,98,4,1,2.985,7.24,7.71,0.06,7.75,61.97,-1.52,6.22,0.7989999999999999
kt,황재균,0.185,252,375,3219.3,915,273,601,41,2.862,7.3100000000000005,-5.16,1.5699999999999998,-3.58,-4.95,5.4,1.83,-0.346
두산,강승호,0.7130000000000001,236,199,1766.3000000000002,990,415,553,22,1.956,9.81,4.6,0.23,4.83,6.6,2.17,7.0,0.492
두산,강진성,-0.099,33,20,178.2,136,129,7,0,1.0,6.85,0.31,0.29,0.37,2.49,-1.32,-0.95,0.039
두산,곽빈,0.026,48,48,245.39999999999998,38,12,24,2,1.8639999999999999,2.4699999999999998,-0.009999999999999995,0.15000000000000002,0.26,2.38,0.0,0.26,0.026
두산,국해성,-0.45,2,19,166.0,40,38,1,1,0.975,2.11,-4.15,-0.1,-3.86,-27.81,-0.92,-4.78,-0.364
두산,권민석,-0.467,29,12,217.2,83,46,34,3,1.926,7.08,-5.17,0.0,-5.16,-49.269999999999996,0.24,-4.92,-0.49
두산,김강률,0.001,49,0,51.2,11,4,7,0,1.0,1.92,-0.11,0.1,0.01,0.12,0.0,0.01,0.001
두산,김대한,-0.204,50,24,273.1,66,65,1,0,1.0,2.17,-1.08,0.21,-0.94,-4.14,-1.04,-1.98,-0.097
두산,김명신,0.08800000000000001,126,1,146.2,26,6,20,0,2.0,3.2199999999999998,0.51,0.32,0.89,15.81,0.0,0.89,0.08800000000000001
두산,김민규,-0.108,32,10,109.2,9,6,3,0,2.0,1.48,-1.08,0.22,-1.08,-22.99,0.0,-1.08,-0.108
두산,김민혁,-0.211,20,13,126.1,115,106,7,2,0.983,8.05,-0.8,-0.15,-1.25,-11.84,-0.82,-2.07,-0.128
두산,김인태,0.03400000000000003,178,174,1389.2,343,335,6,2,2.982,6.41,10.4,0.52,7.609999999999999,18.23,-7.07,0.54,0.742
두산,김재호,1.288,185,240,2117.2,1012,358,631,23,2.936,12.75,-0.6699999999999999,2.77,2.1,4.1499999999999995,10.91,13.02,0.21100000000000002
두산,김재환,-3.7279999999999998,230,355,2787.4,661,637,15,9,2.958,6.32,-16.64,-0.26,-23.9,-30.09,-14.82,-38.74,-2.294
두산,로켓,-0.11,21,21,124.0,26,7,15,4,0.846,1.6,-0.59,-0.57,-1.11,-10.71,0.0,-1.11,-0.11
두산,류지혁,-0.144,2,6,76.1,34,14,17,3,0.912,3.66,-1.37,-0.38,-1.75,-27.44,0.2,-1.55,-0.163
두산,미란다,-0.116,28,28,173.2,19,4,15,0,1.0,0.99,-1.57,0.32,-1.17,-8.09,0.0,-1.17,-0.116
두산,박건우,-0.45499999999999996,118,241,1896.0,484,471,10,3,1.988,4.57,2.81,0.52,2.5100000000000002,3.09,-7.22,-4.71,0.23000000000000004
두산,박계범,-0.029999999999999992,178,143,1225.3,542,213,310,19,1.92,7.449999999999999,-4.15,0.14,-4.01,-8.690000000000001,3.74,-0.2699999999999999,-0.406
두산,박세혁,1.862,220,288,2340.3,2107,1936,154,17,2.976,24.26,-0.89,-0.010000000000000009,-1.4200000000000002,-1.2300000000000002,20.15,18.72,-0.14200000000000002
두산,박신지,-0.049,29,9,61.2,15,4,9,2,0.867,1.9,-0.26,-0.25,-0.47,-9.14,0.0,-0.47,-0.049
두산,박종기,0.028,22,5,59.2,10,3,6,1,0.9,1.36,0.35,-0.09,0.29,5.74,0.0,0.29,0.028
두산,박치국,-0.158,2,0,71.2,14,3,9,2,0.857,1.51,-1.33,-0.26,-1.68,-27.99,0.0,-1.68,-0.158
두산,백동훈,0.06,2,1,55.0,22,21,0,1,0.955,3.44,0.98,-0.17,0.82,17.88,-0.18,0.64,0.078
두산,브랜든,-0.021,11,11,65.0,12,4,8,0,1.0,1.66,-0.4,0.16,-0.2,-3.74,0.0,-0.2,-0.021
두산,서예일,-0.12100000000000001,36,6,176.4,80,23,51,6,1.8490000000000002,7.51,-0.89,-0.7,-1.59,-22.869999999999997,0.43000000000000005,-1.1600000000000001,-0.162
두산,송승환,-0.342,9,6,60.0,16,16,0,0,1.0,2.4,-2.41,0.04,-3.06,-61.1,-0.31,-3.37,-0.311
두산,스탁,-0.034,29,29,165.0,28,11,16,1,0.964,1.47,-0.62,0.21,-0.33,-2.37,0.0,-0.33,-0.034
두산,안권수,-0.373,146,61,817.5999999999999,210,196,7,7,2.9459999999999997,6.880000000000001,0.8,-0.8300000000000001,-0.75,-0.7299999999999998,-2.9299999999999997,-3.68,-0.07800000000000001
두산,안승한,0.154,29,8,96.0,87,77,10,0,1.0,8.16,0.37,0.14,0.7,8.67,0.8,1.49,0.072
두산,안재석,-0.301,178,124,1058.1,581,223,330,28,1.902,9.36,-5.73,-1.77,-7.5,-17.61,4.47,-3.0300000000000002,-0.758
두산,알칸타라,0.1,2,31,198.2,24,1,23,0,1.0,1.09,0.53,0.4,1.06,6.39,0.0,1.06,0.1
두산,양석환,-2.076,208,208,1699.1,1615,1485,112,18,1.9769999999999999,17.09,-5.67,-0.37999999999999995,-6.05,-10.25,-14.559999999999999,-20.619999999999997,-0.6180000000000001
두산,양찬열,-0.025,36,23,195.0,47,45,1,1,0.979,2.12,1.27,-0.05,0.73,4.49,-0.97,-0.24,0.076
두산,오재원,0.058,59,53,614.4,370,189,174,7,2.959,16.42,-0.40000000000000013,0.04000000000000001,0.4700000000000001,-1.2200000000000002,0.21999999999999995,0.7,0.03899999999999999
두산,오재일,-1.008,3,110,927.1,872,833,36,3,0.997,8.43,-3.16,0.86,-2.29,-2.96,-8.56,-10.86,-0.213
두산,유희관,-0.127,18,42,199.1,30,10,18,2,1.905,2.54,-1.4,-0.010000000000000009,-1.29,-22.59,0.0,-1.29,-0.127
두산,이승진,-0.132,1,5,51.1,8,2,4,2,0.75,1.05,-1.14,-0.3,-1.4,-32.7,0.0,-1.4,-0.132
두산,이영하,0.14800000000000002,56,50,308.4,58,13,43,2,2.9130000000000003,4.77,1.08,0.26,1.51,16.85,0.0,1.51,0.14800000000000002
두산,이유찬,-0.07900000000000001,16,33,347.29999999999995,158,64,85,9,1.851,7.38,-0.94,-0.76,-1.7000000000000002,-25.080000000000002,0.98,-0.7200000000000001,-0.17300000000000001
두산,장승현,0.778,150,85,827.2,729,672,49,8,2.972,22.78,0.36,-0.38,0.69,-4.199999999999999,7.030000000000001,7.720000000000001,0.069
두산,전민재,-0.039,25,11,110.1,59,24,33,2,0.966,4.65,-0.86,0.01,-0.85,-9.21,0.47,-0.38,-0.088
두산,정상호,0.241,3,25,223.1,209,192,15,2,0.99,8.34,1.09,-0.08,0.51,2.73,1.99,2.5,0.049
두산,정수빈,0.457,226,318,2871.6000000000004,852,835,14,3,2.99,8.01,-0.9899999999999998,0.95,0.07000000000000028,-0.9900000000000002,4.99,5.0600000000000005,-0.03699999999999998
두산,정철원,0.012,58,0,72.2,22,4,18,0,1.0,2.73,-0.1,0.18,0.12,1.98,0.0,0.12,0.012
두산,조수행,0.25,192,41,763.3,218,213,3,2,2.958,7.48,4.709999999999999,0.07,4.780000000000001,20.41,-2.25,2.5400000000000005,0.47600000000000003
두산,최승용,-0.151,48,15,93.1,19,2,13,4,0.79,1.45,-0.82,-0.57,-1.46,-18.71,0.0,-1.46,-0.151
두산,최용제,0.158,50,23,306.1,245,213,25,7,1.94,13.73,0.05,-0.95,-0.99,-7.279999999999999,2.6,1.62,-0.096
두산,최원준,0.051000000000000004,62,77,446.1,55,17,35,3,2.858,3.1,-0.02999999999999997,0.36,0.55,5.459999999999999,0.0,0.55,0.051000000000000004
두산,최주환,-0.302,3,135,1059.0,582,285,287,10,0.983,4.86,-4.52,0.48,-4.04,-4.56,0.8,-3.24,-0.376
두산,페르난데스,-0.605,47,70,574.2,536,504,26,6,2.961,24.47,-0.9400000000000001,-0.17,-1.1199999999999999,-11.499999999999998,-5.01,-6.13,-0.112
두산,플렉센,-0.026,2,21,116.2,12,4,8,0,1.0,0.93,-0.59,0.23,-0.28,-2.85,0.0,-0.28,-0.026
두산,함덕주,0.008,2,6,55.1,6,2,4,0,1.0,0.98,0.21,0.11,0.09,1.86,0.0,0.09,0.008
두산,허경민,-0.16500000000000004,248,346,2949.3,851,306,518,27,2.904,7.54,-10.57,3.6,-6.98,-8.5,5.56,-1.4099999999999997,-0.7090000000000001
두산,홍건희,0.065,122,0,192.3,47,14,32,1,2.917,6.4,0.8600000000000001,0.2,0.63,13.95,0.0,0.63,0.065
롯데,강로한,0.031,16,7,79.2,35,34,0,1,0.971,3.84,0.3,-0.16,0.25,3.76,0.06,0.31,0.025
롯데,강태율,0.008999999999999994,36,19,161.2,152,133,15,4,1.94,16.45,-0.9299999999999999,-0.56,-1.3,-19.45,1.34,0.039999999999999925,-0.129
롯데,고승민,-0.321,76,62,521.2,113,107,4,2,0.982,1.92,-1.47,0.02,-0.52,-1.19,-2.62,-3.14,-0.053
롯데,구승민,0.042,143,0,184.2,24,9,15,0,3.0,3.49,0.42999999999999994,0.39,0.4,7.759999999999999,0.0,0.4,0.042
롯데,김도규,-0.075,55,0,51.0,6,1,5,0,1.0,1.06,-0.49,0.13,-0.73,-17.11,0.0,-0.73,-0.075
롯데,김동한,0.007,2,9,154.1,60,19,38,3,0.95,3.32,0.06,-0.17,-0.19,-1.5,0.27,0.08,-0.018
롯데,김민수,-0.254,119,88,808.1,485,297,180,8,1.966,10.75,-2.65,0.55,-2.1,-6.279999999999999,-0.39,-2.49,-0.21400000000000002
롯데,김원중,0.024,61,0,121.30000000000001,21,7,12,2,1.798,2.83,0.35,-0.16,0.25,5.140000000000001,0.0,0.25,0.024
롯데,김유영,-0.077,68,0,51.0,13,4,8,1,0.923,2.12,-0.24,-0.07,-0.74,-17.48,0.0,-0.74,-0.077
롯데,김재유,0.027999999999999997,63,69,649.2,182,172,4,6,1.936,4.880000000000001,0.2799999999999999,-0.88,0.21999999999999997,1.63,0.09000000000000002,0.30000000000000004,0.017999999999999995
롯데,김준태,0.7140000000000001,47,115,1079.0,950,869,73,8,1.986,16.18,0.64,-0.05000000000000002,-2.1799999999999997,-5.33,9.629999999999999,7.45,-0.21100000000000002
롯데,나균안,-0.017,39,13,117.2,23,8,13,2,0.913,1.61,-0.11,-0.11,-0.16,-1.67,0.0,-0.16,-0.017
롯데,나승엽,-0.128,43,24,231.1,136,106,25,5,0.963,5.1,0.0,-0.43,-0.43,-2.23,-0.85,-1.28,-0.043
롯데,노경은,0.133,16,35,189.1,35,7,27,1,1.96,3.22,1.11,0.18,1.3900000000000001,16.310000000000002,0.0,1.3900000000000001,0.133
롯데,렉스,-0.513,52,52,449.1,110,106,2,2,0.982,2.16,-2.47,-0.07,-3.86,-10.28,-1.22,-5.08,-0.389
롯데,마차도,3.15,127,266,2256.4,1201,463,717,21,1.9649999999999999,9.42,17.14,3.48,20.63,21.6,11.96,32.59,1.9889999999999999
롯데,민병헌,-0.813,14,83,774.2,194,192,2,0,2.0,4.05,-7.3,0.38,-9.46,-52.67,1.06,-8.39,-0.915
롯데,박세웅,0.252,58,84,467.2,101,25,70,6,2.815,5.46,2.4400000000000004,-0.21999999999999997,2.48,18.380000000000003,0.0,2.48,0.252
롯데,박승욱,0.347,96,60,554.0,273,105,158,10,0.963,4.27,1.01,0.02,1.03,2.23,2.29,3.32,0.108
롯데,반즈,0.027,31,31,186.1,38,11,25,2,0.947,1.74,0.11,0.06,0.26,1.68,0.0,0.26,0.027
롯데,배성근,-0.35300000000000004,84,29,362.29999999999995,184,78,98,8,1.928,8.81,-4.32,-0.43,-4.75,-24.709999999999997,1.22,-3.54,-0.475
롯데,샘슨,-0.02,2,25,130.0,38,4,29,5,0.868,2.29,0.44,-0.74,-0.21,-1.94,0.0,-0.21,-0.02
롯데,서준원,0.16499999999999998,61,32,221.2,54,19,34,1,2.966,6.37,1.36,0.27,1.75,25.709999999999997,0.0,1.75,0.16499999999999998
롯데,손아섭,-2.541,129,254,2174.2,471,456,9,6,1.974,3.86,-6.96,0.16999999999999998,-14.98,-16.55,-11.739999999999998,-26.72,-1.4220000000000002
롯데,스트레일리,0.06099999999999999,44,73,421.5,69,24,41,4,2.817,4.3100000000000005,0.33999999999999997,0.060000000000000005,0.62,0.09999999999999964,0.0,0.62,0.06099999999999999
롯데,스파크맨,-0.098,19,19,84.2,20,9,11,0,1.0,2.13,-1.21,0.21,-0.95,-13.48,0.0,-0.95,-0.098
롯데,신본기,0.127,2,21,293.2,115,33,80,2,0.983,3.46,0.1,0.43,0.52,2.13,0.81,1.34,0.05
롯데,신용수,-0.839,94,45,452.0,90,85,3,2,1.971,3.3,-6.16,-0.12000000000000001,-7.63,-37.91,-0.74,-8.36,-0.764
롯데,안중열,0.436,84,61,550.4,496,443,48,5,1.974,16.07,-0.12000000000000001,-0.19,-0.32000000000000006,-4.23,4.67,4.359999999999999,-0.03599999999999999
롯데,안치홍,-1.4209999999999998,235,340,2887.3,1670,757,877,36,2.934,15.18,-16.9,-0.07000000000000006,-16.98,-21.31,2.6100000000000003,-14.36,-1.667
롯데,오윤석,-0.595,24,56,509.4,335,233,93,9,1.951,12.280000000000001,-4.67,-0.6599999999999999,-5.33,-24.38,-0.9199999999999999,-6.25,-0.505
롯데,이대호,-0.374,29,75,625.2,688,625,59,4,2.979,28.86,1.4300000000000002,0.24,1.6800000000000002,9.15,-5.57,-3.89,0.16
롯데,이병규,-0.365,1,32,236.2,235,223,10,2,0.992,8.86,-1.71,-0.03,-1.74,-8.78,-2.18,-3.91,-0.162
롯데,이승헌,0.039,16,12,57.2,17,4,13,0,1.0,2.65,0.26,0.11,0.39,8.16,0.0,0.39,0.039
롯데,이인복,0.047,51,31,187.3,44,19,24,1,1.9689999999999999,3.96,0.13,0.22999999999999998,0.45,4.7,0.0,0.45,0.047
롯데,이학주,0.536,86,68,616.0,332,119,200,13,0.961,4.66,2.23,-0.16,2.08,4.04,3.01,5.09,0.219
롯데,이호연,-0.19,79,45,483.1,275,172,99,4,0.986,5.05,-1.7,0.48,-1.22,-3.03,-0.6,-1.82,-0.128
롯데,장두성,-0.259,71,11,207.1,36,35,0,1,1.9409999999999998,3.09,-2.28,-0.08000000000000002,-2.83,-31.54,0.25,-2.57,-0.28400000000000003
롯데,전준우,-3.909,225,360,3048.3,750,723,20,7,2.974,6.58,-19.09,0.38,-23.05,-29.65,-16.39,-39.46,-2.316
롯데,정보근,0.647,107,131,1055.3000000000002,1068,982,77,9,2.965,25.740000000000002,-2.09,-0.27,-2.51,-9.04,8.95,6.449999999999999,-0.259
롯데,정훈,-1.617,187,275,2303.2,1892,1764,122,6,2.99,22.299999999999997,-3.8400000000000007,2.32,-2.12,-2.7599999999999993,-14.440000000000001,-16.56,-0.175
롯데,조세진,-0.085,30,20,192.1,40,38,1,1,0.975,1.83,-0.44,-0.05,0.13,0.84,-0.94,-0.8,0.014
롯데,지시완,0.554,141,100,874.2,850,784,63,3,1.9929999999999999,17.43,0.14,0.69,-1.94,-5.27,7.38,5.4399999999999995,-0.196
롯데,최민재,-0.012,13,6,60.0,11,11,0,0,1.0,1.65,0.16,0.03,0.03,0.66,-0.15,-0.12,0.003
롯데,최준용,0.079,68,0,71.0,15,6,9,0,1.0,1.9,0.67,0.18,0.76,12.82,0.0,0.76,0.079
롯데,추재현,-0.195,99,83,722.1,175,167,5,3,1.9529999999999998,4.12,-0.98,-0.19,-0.31000000000000005,-9.85,-1.5499999999999998,-1.8699999999999999,-0.03699999999999999
롯데,프랑코,0.085,37,27,150.0,18,5,13,0,1.0,1.08,0.51,0.28,0.85,6.81,0.0,0.85,0.085
롯데,피터스,-0.687,85,85,755.2,168,163,2,3,0.982,1.97,-5.85,-0.09,-7.09,-11.24,0.43,-6.67,-0.731
롯데,한동희,0.192,240,359,3090.2,994,360,584,50,2.843,8.19,-0.5599999999999996,-0.79,-1.3399999999999999,-2.55,3.8099999999999996,2.45,-0.18500000000000005
롯데,한태양,0.198,36,20,187.0,91,31,55,5,0.945,4.14,1.33,-0.28,1.04,6.68,0.83,1.87,0.11
롯데,허일,-0.138,2,11,154.0,33,33,0,0,1.0,1.93,0.1,0.09,-0.71,-5.53,-0.74,-1.45,-0.068
롯데,황성빈,-0.967,91,81,691.2,167,158,2,7,0.958,2.08,-6.73,-0.93,-8.54,-14.78,-0.87,-9.41,-0.878
삼성,강민호,2.535,214,297,2510.3,2137,1987,131,19,2.973,22.689999999999998,-1.5899999999999999,-0.14,3.8499999999999996,5.92,21.9,25.75,0.382
삼성,강한울,-0.46299999999999997,190,131,1291.4,459,143,296,20,2.881,9.32,-8.1,-0.02999999999999997,-8.139999999999999,-25.98,3.37,-4.76,-0.796
삼성,구자욱,-0.15599999999999992,227,327,2758.2,649,619,21,9,2.956,6.26,6.77,0.08,13.45,16.3,-14.469999999999999,-1.0199999999999996,1.262
삼성,김대우,-0.064,33,13,128.2,19,5,12,2,1.846,2.34,-0.43000000000000005,-0.13999999999999999,-0.65,-14.34,0.0,-0.65,-0.064
삼성,김도환,0.11,26,26,236.4,196,188,6,2,1.979,14.71,0.060000000000000005,-0.05,-0.97,-9.61,2.08,1.12,-0.094
삼성,김동엽,-0.262,37,52,424.2,109,103,3,3,1.947,4.43,-0.18,-0.38,-0.45999999999999996,-2.38,-2.26,-2.7199999999999998,-0.043
삼성,김민수,0.255,48,26,269.1,251,230,18,3,1.984,16.259999999999998,0.04000000000000001,-0.19999999999999998,0.26,6.609999999999999,2.34,2.6,0.024
삼성,김상수,-0.472,201,285,2374.2,1378,579,771,28,2.934,15.27,-10.719999999999999,0.8099999999999999,-9.91,-21.930000000000003,5.21,-4.6899999999999995,-0.9909999999999999
삼성,김성윤,-0.34099999999999997,50,14,168.2,40,36,1,3,1.809,3.92,-2.9699999999999998,-0.49,-3.1999999999999997,-68.43,-0.21000000000000002,-3.42,-0.32
삼성,김성표,-0.075,24,3,72.0,18,17,0,1,0.944,2.13,-1.1,-0.17,-0.83,-13.85,0.08,-0.75,-0.082
삼성,김윤수,-0.015,2,0,58.0,6,0,6,0,1.0,0.93,-0.18,0.12,-0.15,-3.2,0.0,-0.15,-0.015
삼성,김응민,0.196,3,21,212.1,177,167,8,2,0.989,7.42,0.17,-0.1,0.15,0.82,1.91,2.05,0.014
삼성,김재성,0.133,26,18,171.2,140,133,5,2,0.986,7.24,0.38,-0.15,-0.14,-0.96,1.44,1.3,-0.014
삼성,김재혁,-0.013,12,9,82.1,17,15,2,0,1.0,1.86,0.3,0.06,0.25,3.63,-0.37,-0.12,0.026
삼성,김재현,-0.11,2,1,63.0,28,12,15,1,0.964,3.86,-1.4,-0.02,-1.42,-26.96,0.25,-1.17,-0.134
삼성,김지찬,0.407,221,248,2251.4,1214,462,701,51,2.876,13.86,0.52,-3.44,-2.88,-4.1899999999999995,7.07,4.19,-0.29500000000000004
삼성,김태군,0.607,69,40,390.0,347,323,23,1,0.997,7.99,0.56,0.37,2.63,8.06,3.23,5.85,0.272
삼성,김헌곤,-0.7350000000000001,189,219,1974.3000000000002,508,489,17,2,2.99,6.96,-6.24,0.75,0.71,-0.7800000000000011,-7.68,-6.97,0.02299999999999991
삼성,김현준,-0.098,113,98,868.0,252,245,4,3,0.988,2.58,-1.21,-0.02,-1.94,-2.67,0.99,-0.95,-0.2
삼성,김호재,-0.13099999999999998,94,49,595.0,279,164,107,8,2.896,13.3,-1.4200000000000002,0.03999999999999998,-1.38,-5.66,0.11,-1.28,-0.138
삼성,라이블리,0.018,2,21,112.0,25,9,14,2,0.92,1.85,0.29,-0.18,0.19,2.0,0.0,0.19,0.018
삼성,몽고메리,0.027,11,11,52.0,9,1,8,0,1.0,1.56,0.15,0.1,0.27,6.19,0.0,0.27,0.027
삼성,박계범,-0.292,3,44,401.1,163,58,98,7,0.957,3.5,-4.34,-0.19,-4.53,-13.51,1.47,-3.06,-0.432
삼성,박승규,0.768,90,76,805.2,238,235,3,0,3.0,8.35,9.21,0.46,9.45,45.739999999999995,-1.76,7.67,0.9400000000000001
삼성,박찬도,-0.313,2,28,263.0,65,64,1,0,1.0,2.22,-1.82,0.15,-2.0,-9.12,-1.3,-3.3,-0.19
삼성,박해민,2.401,127,245,2059.2,675,663,11,1,1.9969999999999999,5.87,23.799999999999997,0.8500000000000001,21.87,25.13,3.1,24.96,2.1
삼성,백정현,0.09999999999999999,53,62,340.4,69,13,54,2,2.8449999999999998,4.92,0.52,0.32,1.0,11.89,0.0,1.0,0.09999999999999999
삼성,뷰캐넌,0.043,59,83,511.2,108,42,64,2,2.9459999999999997,5.64,-0.5,0.68,0.44,2.9099999999999997,0.0,0.44,0.043
삼성,살라디노,-0.445,2,40,318.0,141,104,32,5,0.965,3.85,-2.91,-0.41,-3.83,-14.41,-0.99,-4.82,-0.354
삼성,송준석,-0.182,26,28,229.0,48,48,0,0,3.0,5.49,-0.07000000000000006,0.14,-0.53,-15.95,-1.18,-1.71,-0.06499999999999999
삼성,수아레즈,0.113,30,29,173.2,44,15,27,2,0.955,2.18,0.97,0.03,1.09,7.49,0.0,1.09,0.113
삼성,심창민,0.005,59,0,51.1,2,1,1,0,1.0,0.35,0.06,0.1,0.05,1.1,0.0,0.05,0.005
삼성,안주형,0.195,17,3,55.0,38,13,25,0,1.0,6.22,1.6,0.15,1.75,38.12,0.09,1.84,0.185
삼성,양우현,0.004,1,7,55.0,29,9,17,3,0.897,4.26,0.41,-0.46,-0.06,-1.2,0.1,0.04,-0.005
삼성,오선진,-0.384,120,86,753.1,297,123,162,12,1.9169999999999998,6.86,-6.0600000000000005,0.06,-5.98,-32.44,2.2199999999999998,-3.76,-0.611
삼성,오승환,0.027,120,0,119.0,12,4,6,2,1.657,1.5,0.35,-0.14,0.27,5.08,0.0,0.27,0.027
삼성,오재일,-1.537,232,225,1885.0,1876,1742,127,7,1.9929999999999999,17.85,-1.3199999999999998,2.18,0.8599999999999999,1.1199999999999999,-16.080000000000002,-15.23,0.07900000000000001
삼성,원태인,0.221,55,79,463.29999999999995,111,33,72,6,2.838,6.08,2.19,-0.20999999999999996,2.2300000000000004,17.240000000000002,0.0,2.2300000000000004,0.221
삼성,이성곤,-0.246,3,18,165.2,131,119,10,2,0.985,7.01,-2.04,-0.18,-1.27,-9.14,-1.34,-2.61,-0.119
삼성,이성규,-0.217,2,53,539.1,441,379,54,8,0.982,7.23,2.04,-0.6,1.44,3.19,-3.71,-2.27,0.137
삼성,이승현,0.058,56,0,104.1,15,5,10,0,2.0,2.5999999999999996,0.36000000000000004,0.22999999999999998,0.51,13.23,0.0,0.51,0.058
삼성,이원석,-1.257,178,282,2140.0,970,672,277,21,2.935,12.379999999999999,-11.02,1.45,-9.57,-14.3,-3.5100000000000002,-13.08,-0.92
삼성,이재현,-0.05,75,65,566.1,240,75,154,11,0.954,3.64,-2.51,-0.15,-2.65,-5.61,2.18,-0.48,-0.277
삼성,이학주,0.23700000000000002,67,104,884.3,496,189,292,15,1.936,9.76,-2.09,-0.010000000000000009,-2.1,-7.089999999999999,4.67,2.5700000000000003,-0.219
삼성,이해승,-0.255,43,27,261.1,130,43,78,9,0.931,4.17,-2.87,-0.78,-3.65,-16.74,1.22,-2.44,-0.381
삼성,최영진,-0.232,66,45,522.4,291,212,75,4,2.965,15.129999999999999,-1.66,0.52,-1.19,-9.25,-1.2,-2.38,-0.11399999999999999
삼성,최지광,0.052,59,0,51.1,10,6,4,0,1.0,1.75,0.41,0.1,0.53,12.25,0.0,0.53,0.052
삼성,최채흥,0.03900000000000001,28,46,268.1,67,17,43,7,1.8,4.08,1.02,-0.8800000000000001,0.29000000000000004,5.329999999999998,0.0,0.29000000000000004,0.03900000000000001
삼성,팔카,-0.544,1,25,196.0,92,80,10,2,0.978,4.13,-3.98,-0.2,-4.35,-26.58,-1.36,-5.72,-0.414
삼성,피렐라,-0.614,160,158,1326.1999999999998,303,289,9,5,1.979,3.9699999999999998,-2.17,-0.19,0.6000000000000001,-8.18,-6.83,-6.220000000000001,0.068
삼성,허윤동,-0.043,12,12,55.0,4,0,4,0,1.0,0.66,-0.58,0.14,-0.41,-8.99,0.0,-0.41,-0.043
삼성,황동재,0.041,16,13,66.1,10,5,5,0,1.0,1.36,0.2,0.17,0.39,7.1,0.0,0.39,0.041
키움,김규민,-0.044,3,24,238.0,74,70,3,1,0.987,2.76,0.16,-0.06,0.84,4.24,-1.3,-0.46,0.081
키움,김동혁,0.087,40,8,82.0,17,1,14,2,0.882,1.65,1.09,-0.25,0.88,12.79,0.0,0.88,0.087
키움,김상수,-0.034,2,0,51.1,8,3,4,1,0.875,1.23,-0.17,-0.1,-0.36,-8.43,0.0,-0.36,-0.034
키움,김수환,-0.391,56,52,382.1,366,325,36,5,1.9569999999999999,15.370000000000001,-0.65,-0.23,-0.89,-5.73,-2.89,-3.77,-0.092
키움,김웅빈,-0.041000000000000016,68,97,855.5,597,469,117,11,2.937,20.38,2.93,-0.20999999999999996,2.72,21.79,-3.44,-0.7200000000000003,0.28400000000000003
키움,김재웅,0.042,117,7,174.5,27,5,19,3,2.6390000000000002,3.66,0.56,-0.22,0.42999999999999994,6.41,0.0,0.42999999999999994,0.042
키움,김재현,0.28500000000000003,95,43,356.1,273,242,26,5,1.967,13.46,0.88,-0.47,-0.19,-0.45999999999999996,2.98,2.79,-0.021
키움,김주형,-0.425,85,63,612.3,292,88,185,19,2.806,11.48,-5.34,-1.56,-6.89,-37.59,2.68,-4.22,-0.696
키움,김준완,-0.225,105,79,738.1,185,174,8,3,0.984,2.22,-2.81,-0.08,1.04,1.69,-3.19,-2.15,0.109
키움,김태진,-0.136,66,60,517.0,391,292,94,5,0.987,6.72,0.82,0.04,0.74,1.72,-2.09,-1.34,0.08
키움,김태훈,-0.009000000000000001,69,2,128.1,35,8,24,3,1.83,4.49,0.32999999999999996,-0.35000000000000003,-0.09,-1.6000000000000003,0.0,-0.09,-0.009000000000000001
키움,김하성,0.833,3,127,1104.1,504,135,349,20,0.96,3.94,4.87,-0.66,4.21,4.57,4.81,9.02,0.389
키움,김혜성,2.519,271,387,3386.5,1906,767,1084,55,2.917,14.76,16.78,-1.5599999999999998,17.29,19.0,8.120000000000001,25.4,1.716
키움,김휘집,-0.583,142,118,1024.0,494,158,314,22,1.8639999999999999,7.22,-9.639999999999999,-0.52,-10.16,-24.729999999999997,4.46,-5.69,-1.043
키움,러셀,0.007,1,56,494.1,297,106,179,12,0.96,5.19,-0.39,-1.12,-1.51,-3.66,1.58,0.07,-0.143
키움,모터,-0.188,1,10,82.0,27,11,14,2,0.926,2.74,-1.44,-0.19,-1.97,-28.79,0.03,-1.94,-0.191
키움,박동원,1.107,86,148,1201.2,961,868,82,11,1.9769999999999999,14.260000000000002,0.55,-0.45999999999999996,0.78,1.5999999999999999,10.71,11.489999999999998,0.076
키움,박병호,-0.96,100,181,1522.4,1606,1470,124,12,1.9849999999999999,18.84,3.3200000000000003,0.25,3.57,5.58,-13.52,-9.95,0.346
키움,박정음,-0.10600000000000001,45,8,253.2,74,74,0,0,2.0,5.6,0.96,0.13,-1.0299999999999998,10.740000000000002,-0.22999999999999998,-1.25,-0.08300000000000002
키움,박주홍,0.0010000000000000009,24,15,137.0,49,49,0,0,2.0,6.75,1.21,0.09,0.71,11.57,-0.71,0.0,0.073
키움,박준태,-0.33999999999999997,81,139,1307.2,340,329,6,5,2.981,6.82,-1.8900000000000001,-0.27,-1.64,-10.65,-1.81,-3.45,-0.16
키움,박찬혁,-0.395,27,22,167.0,71,64,4,3,0.958,3.67,-2.22,-0.43,-2.84,-20.34,-0.98,-3.81,-0.294
키움,변상권,0.391,65,56,526.2,143,141,2,0,2.0,4.93,5.739999999999999,0.25,5.51,17.68,-1.6300000000000001,3.89,0.557
키움,브리검,0.187,12,31,168.0,40,8,30,2,1.891,4.02,1.92,-0.08,1.94,26.630000000000003,0.0,1.94,0.187
키움,서건창,0.327,71,120,1013.4000000000001,601,262,329,10,1.968,10.54,1.2,0.52,1.7099999999999997,5.639999999999999,1.79,3.5200000000000005,0.154
키움,송성문,1.903,203,200,1755.2,636,209,405,22,1.9329999999999998,7.109999999999999,15.080000000000002,0.74,15.82,24.39,2.71,18.53,1.624
키움,송우현,-0.058,66,63,560.1,119,113,5,1,0.992,1.9,-0.29,0.17,2.33,4.97,-2.91,-0.58,0.23
키움,신준우,-0.025,124,32,376.2,212,70,135,7,1.9289999999999998,9.77,-2.0,0.010000000000000009,-1.99,-13.77,1.72,-0.2699999999999999,-0.201
키움,안우진,0.167,51,51,303.2,45,8,34,3,1.866,2.46,1.39,0.09,1.6300000000000001,11.41,0.0,1.6300000000000001,0.167
키움,애플러,-0.111,33,25,140.1,26,9,13,4,0.846,1.41,-0.69,-0.45,-1.07,-9.14,0.0,-1.07,-0.111
키움,양현,0.04,3,1,60.0,12,3,8,1,0.917,1.65,0.47,-0.08,0.43,8.56,0.0,0.43,0.04
키움,예진원,0.259,46,34,303.2,85,82,3,0,1.0,2.52,3.22,0.15,3.07,12.09,-0.52,2.55,0.312
키움,요키시,-0.087,63,88,525.4,153,43,98,12,2.7670000000000003,7.279999999999999,0.18999999999999995,-1.28,-0.8300000000000001,-4.960000000000001,0.0,-0.8300000000000001,-0.087
키움,이병규,-0.003,13,7,54.0,41,36,4,1,0.976,6.67,0.38,-0.12,0.35,7.69,-0.37,-0.03,0.036
키움,이승호,-0.133,56,23,168.3,29,8,20,1,1.958,2.63,-1.34,0.17,-1.45,-11.25,0.0,-1.45,-0.133
키움,이용규,-1.5,190,180,1468.3000000000002,323,311,7,5,1.967,3.86,-5.35,-0.14,-7.99,-12.31,-7.01,-14.98,-0.7979999999999999
키움,이정후,1.8210000000000002,251,372,3213.3999999999996,865,832,25,8,2.972,7.2,8.790000000000001,0.22999999999999998,18.8,20.1,-0.28,18.509999999999998,1.8259999999999998
키움,이주형,-0.049,12,11,76.0,67,65,2,0,1.0,7.93,0.0,0.14,0.15,2.34,-0.62,-0.47,0.016
키움,이지영,1.8159999999999998,233,202,1939.4,1700,1562,120,18,2.971,23.12,-0.18999999999999997,-0.77,1.5,2.55,16.490000000000002,17.990000000000002,0.153
키움,이택근,-0.012,2,8,54.0,10,10,0,0,1.0,1.67,0.22,0.03,0.17,3.67,-0.29,-0.13,0.016
키움,임병욱,0.223,2,12,91.0,23,20,2,1,0.957,2.18,1.3,-0.16,2.18,28.7,0.16,2.35,0.208
키움,임지열,0.11399999999999999,34,25,210.0,52,49,3,0,2.0,4.18,0.44000000000000006,0.13,2.1799999999999997,40.6,-1.05,1.13,0.22199999999999998
키움,전병우,-0.01200000000000001,225,200,2029.4,1259,887,348,24,2.936,17.53,3.97,0.45999999999999996,4.430000000000001,6.17,-4.15,0.2699999999999996,0.422
키움,정찬헌,-0.011000000000000003,31,31,143.2,22,5,17,0,2.0,2.7199999999999998,-0.49,0.33,-0.10000000000000003,0.4400000000000004,0.0,-0.10000000000000003,-0.011000000000000003
키움,조상우,-0.054,3,0,54.1,4,2,2,0,1.0,0.66,-0.33,0.11,-0.58,-12.73,0.0,-0.58,-0.054
키움,주효상,0.199,2,19,191.1,172,154,14,4,0.977,7.9,0.21,-0.53,0.37,2.33,1.73,2.1,0.035
키움,최원태,0.129,56,69,358.3,75,31,43,1,2.955,5.6,0.6399999999999999,0.55,1.38,12.06,0.0,1.38,0.129
키움,크레익,-0.633,46,44,366.2,278,256,19,3,0.989,6.75,-4.01,-0.08,-3.69,-12.05,-2.68,-6.37,-0.367
키움,푸이그,-1.161,96,96,842.2,164,150,8,6,0.963,1.69,-7.08,-0.52,-7.17,-10.18,-4.27,-11.44,-0.728
키움,프레이타스,-0.014,10,10,63.0,53,44,8,1,0.981,7.43,-0.29,-0.1,-0.58,-10.96,0.44,-0.14,-0.058
키움,한현희,0.161,42,54,297.6,52,23,29,0,3.0,4.48,0.82,0.62,1.62,21.39,0.0,1.62,0.161
키움,허정협,-0.853,17,93,800.1,192,183,6,3,1.983,4.73,-3.4699999999999998,-0.13,-4.75,18.25,-4.46,-9.21,-0.43199999999999994
한화,강경학,-0.086,11,61,509.4,313,168,138,7,1.936,9.4,-0.94,-0.2,-1.1600000000000001,-3.9400000000000004,0.25,-0.9099999999999999,-0.11
한화,강상원,-0.162,31,9,130.0,29,29,0,0,1.0,2.01,-0.59,0.07,-1.36,-12.53,-0.26,-1.62,-0.136
한화,강재민,0.027,113,0,114.2,19,7,12,0,2.0,3.0,0.03,0.25,0.26,6.18,0.0,0.26,0.027
한화,권광민,-0.111,27,20,184.2,47,47,0,0,1.0,2.29,-0.04,0.13,-0.15,-0.98,-0.92,-1.07,-0.016
한화,김기중,-0.036,15,12,53.2,4,1,3,0,1.0,0.67,-0.48,0.1,-0.36,-8.05,0.0,-0.36,-0.036
한화,김도현,-0.003,2,15,64.2,11,5,5,1,0.909,1.39,0.0,-0.07,-0.03,-0.52,0.0,-0.03,-0.003
한화,김문호,-0.294,2,10,81.0,58,53,5,0,1.0,6.44,-2.07,0.1,-2.5,-37.01,-0.64,-3.14,-0.235
한화,김민우,-0.179,60,82,450.29999999999995,72,29,40,3,2.86,4.06,-2.4400000000000004,0.37,-1.8399999999999999,-15.34,0.0,-1.8399999999999999,-0.179
한화,김민하,0.22400000000000003,40,43,422.3,144,136,3,5,1.932,6.15,4.220000000000001,-0.74,4.11,19.970000000000002,-1.9,2.2,0.41100000000000003
한화,김범수,-0.07200000000000001,137,10,191.2,30,8,21,1,2.941,3.99,-0.91,0.19999999999999998,-0.7000000000000001,-11.23,0.0,-0.7000000000000001,-0.07200000000000001
한화,김인환,-0.388,75,71,604.2,628,568,56,4,0.994,9.29,0.9,0.36,1.26,2.5,-5.0,-3.74,0.131
한화,김종수,-0.116,2,0,50.0,13,4,7,2,0.846,1.98,-0.56,-0.3,-1.23,-29.43,0.0,-1.23,-0.116
한화,김지수,0.009999999999999995,12,14,120.0,34,31,2,1,1.95,4.9399999999999995,-0.25,-0.14,0.4,8.73,-0.38,0.020000000000000018,0.049
한화,김진영,-0.046,3,0,54.0,9,2,7,0,1.0,1.5,-0.1,0.11,-0.49,-10.91,0.0,-0.49,-0.046
한화,김태균,-0.205,3,51,402.0,373,352,21,0,1.0,8.35,0.82,0.64,1.46,4.35,-3.61,-2.15,0.139
한화,김태연,-0.15500000000000003,141,135,1125.0,442,196,225,21,1.907,6.73,-1.7800000000000002,-1.44,-1.5599999999999998,-0.75,0.13,-1.4300000000000002,-0.171
한화,김회성,-0.077,2,5,68.0,41,35,4,2,0.951,5.16,-0.27,-0.25,-0.52,-9.15,-0.29,-0.81,-0.049
한화,남지민,-0.042,22,20,89.0,20,7,10,3,0.85,1.72,-0.07,-0.38,-0.41,-5.48,0.0,-0.41,-0.042
한화,노수광,-0.19099999999999998,149,180,1545.3000000000002,448,430,12,6,2.964,7.83,-1.69,-0.31000000000000005,1.7200000000000002,4.92,-3.7,-1.97,0.188
한화,노시환,-0.512,191,278,2434.4,953,464,446,43,2.858,10.06,-5.72,-1.46,-7.17,-10.41,2.22,-4.96,-0.721
한화,노태형,-0.40800000000000003,15,38,323.2,218,154,57,7,1.936,12.67,-2.69,-0.6799999999999999,-3.37,-37.55,-0.77,-4.15,-0.331
한화,라미레즈,0.05,13,13,65.1,13,4,8,1,0.923,1.65,0.48,-0.04,0.48,8.75,0.0,0.48,0.05
한화,박상언,0.153,53,42,431.29999999999995,401,355,35,11,1.9489999999999998,16.05,0.46,-1.57,-2.13,-10.809999999999999,3.6500000000000004,1.51,-0.218
한화,박상원,-0.008,2,0,58.0,13,5,7,1,0.923,1.86,0.09,-0.08,-0.09,-1.82,0.0,-0.09,-0.008
한화,박정현,1.052,107,93,847.1,496,267,214,15,2.911,14.77,9.53,-0.38,9.14,30.6,1.03,10.17,0.95
한화,박한결,-0.268,2,5,59.1,27,8,17,2,0.926,3.79,-2.94,-0.22,-3.17,-63.86,0.32,-2.84,-0.298
한화,반즈,0.36,1,71,626.1,372,335,33,4,0.989,5.29,6.8,-0.11,7.99,15.26,-4.18,3.81,0.756
한화,백용환,0.059,24,19,164.2,160,149,10,1,0.994,8.69,0.2,0.05,-0.71,-5.13,1.3,0.6,-0.07
한화,변우혁,-0.075,15,10,91.1,69,57,9,3,0.957,6.5,0.05,-0.39,-0.34,-4.45,-0.39,-0.73,-0.035
한화,서폴드,0.055,2,28,165.0,38,13,24,1,0.974,2.02,0.34,0.13,0.58,4.21,0.0,0.58,0.055
한화,송광민,0.053,3,65,542.2,287,220,61,6,0.979,4.66,1.85,0.13,1.98,4.38,-1.43,0.56,0.189
한화,오선진,0.153,3,44,503.1,206,67,135,4,0.981,3.61,-0.79,0.65,-0.14,-0.33,1.75,1.61,-0.013
한화,원혁재,-0.141,9,7,55.0,16,16,0,0,1.0,2.62,-0.41,0.04,-1.07,-23.37,-0.27,-1.34,-0.113
한화,유로결,-0.288,27,17,160.2,32,30,1,1,0.969,1.74,-1.86,-0.09,-2.04,-15.21,-0.68,-2.72,-0.216
한화,유상빈,-0.164,14,13,101.0,14,14,0,0,1.0,1.25,-0.08,0.07,-1.09,-12.95,-0.5,-1.6,-0.112
한화,유장혁,0.046,33,40,357.1,102,100,2,0,2.0,4.85,0.78,0.18,0.8400000000000001,14.35,-0.3400000000000001,0.51,0.07699999999999999
한화,윤대경,-0.17900000000000002,69,23,203.3,33,11,20,2,2.822,4.09,-1.77,0.030000000000000006,-1.8900000000000001,-43.86,0.0,-1.8900000000000001,-0.17900000000000002
한화,이도윤,0.672,118,45,557.4,230,76,144,10,2.9,10.46,4.96,-0.21999999999999997,4.75,13.739999999999998,1.68,6.43,0.501
한화,이성곤,-0.492,65,54,458.1,442,412,24,6,1.974,17.23,-0.64,-0.33,-0.97,-5.35,-3.89,-4.87,-0.099
한화,이성열,-0.006,10,7,64.0,51,46,4,1,0.98,7.03,0.57,-0.08,0.49,9.12,-0.55,-0.06,0.049
한화,이시원,0.163,28,20,237.29999999999998,80,78,1,1,1.982,5.8100000000000005,2.04,-0.09,1.46,8.14,0.12,1.5699999999999998,0.151
한화,이용규,-0.89,3,106,878.1,245,242,0,3,0.988,2.48,-4.68,-0.17,-10.55,-14.38,1.03,-9.52,-0.987
한화,이원석,-0.439,55,39,386.0,96,93,1,2,1.942,4.390000000000001,-2.63,-0.2,-4.75,-35.9,0.47,-4.29,-0.487
한화,이진영,-0.537,65,55,486.1,91,87,2,2,0.978,1.65,-0.92,-0.02,-2.75,-6.77,-2.4,-5.15,-0.286
한화,이해창,0.272,22,49,447.0,405,363,37,5,1.978,15.950000000000001,0.18000000000000002,-0.36,-1.1700000000000002,-5.08,3.96,2.78,-0.11199999999999999
한화,임종찬,-0.8380000000000001,59,87,733.1,162,155,5,2,2.949,5.78,-3.89,0.09000000000000001,-4.71,-11.280000000000001,-3.76,-8.49,-0.46299999999999997
한화,장민재,0.07100000000000001,34,35,183.3,45,16,25,4,1.738,3.7700000000000005,1.19,-0.37,0.65,3.130000000000001,0.0,0.65,0.07100000000000001
한화,장시환,0.019000000000000003,85,42,264.4,49,13,33,3,2.806,4.63,0.029999999999999805,-0.04000000000000001,0.13000000000000012,5.560000000000002,0.0,0.13000000000000012,0.019000000000000003
한화,장운호,-0.549,153,118,1121.1,282,275,5,2,2.973,6.19,-1.3599999999999994,0.29000000000000004,-1.1199999999999999,-48.58,-4.52,-5.63,-0.091
한화,장지승,-0.258,21,18,146.0,33,32,0,1,0.97,1.97,0.15,-0.11,-1.82,-14.92,-0.75,-2.57,-0.183
한화,장진혁,0.11599999999999999,40,38,358.0,91,82,5,4,1.944,4.359999999999999,0.5699999999999998,-0.5299999999999999,2.6,10.97,-1.52,1.08,0.273
한화,정기훈,-0.125,1,6,66.2,22,10,10,2,0.909,2.7,-1.24,-0.22,-1.46,-26.26,0.14,-1.33,-0.138
한화,정민규,-0.087,8,7,58.0,46,39,6,1,0.978,6.98,-0.26,-0.09,-0.35,-7.23,-0.47,-0.82,-0.037
한화,정우람,0.028,2,0,54.1,12,2,10,0,1.0,1.99,0.15,0.11,0.29,6.48,0.0,0.29,0.028
한화,정은원,0.3680000000000001,241,310,2636.4,1369,602,733,34,2.932,13.68,-0.6500000000000004,-0.030000000000000027,-0.6899999999999995,-1.6800000000000015,4.63,3.9399999999999995,-0.08999999999999997
한화,정진호,0.31,44,107,927.2,247,236,8,3,1.97,4.75,5.84,-0.11000000000000001,7.54,26.459999999999997,-4.59,2.95,0.756
한화,조한민,-0.184,48,53,419.4,173,112,52,9,1.873,7.11,0.3599999999999999,-0.99,-1.7200000000000002,-23.009999999999998,-0.22999999999999998,-1.96,-0.156
한화,주현상,0.123,92,0,105.2,25,6,18,1,1.923,4.1,1.12,0.030000000000000013,1.2,26.5,0.0,1.2,0.123
한화,채드벨,-0.016,2,16,77.0,15,5,10,0,1.0,1.75,-0.38,0.15,-0.17,-2.71,0.0,-0.17,-0.016
한화,최인호,-0.231,45,74,601.4,149,144,5,0,2.0,4.49,-0.53,0.32,0.8300000000000001,3.37,-3.17,-2.35,0.08099999999999999
한화,최재훈,2.497,215,304,2554.4,2271,2075,187,9,2.989,23.9,-0.8,1.92,3.11,4.3999999999999995,22.16,25.27,0.31
한화,최진행,-0.296,1,19,146.0,33,32,0,1,0.97,1.97,-1.22,-0.12,-2.33,-19.14,-0.79,-3.13,-0.221
한화,카펜터,-0.128,31,30,170.0,25,6,16,3,0.88,1.17,-1.08,-0.28,-1.29,-9.11,0.0,-1.29,-0.128
한화,킹엄,-0.06,25,24,144.0,29,13,15,1,0.966,1.75,-0.74,0.07,-0.61,-5.04,0.0,-0.61,-0.06
한화,터크먼,-0.44,136,135,1163.2,387,373,9,5,0.987,2.95,-4.45,-0.24,-5.87,-6.04,1.55,-4.31,-0.598
한화,페냐,-0.081,13,13,67.2,13,2,9,2,0.846,1.46,-0.59,-0.23,-0.79,-13.9,0.0,-0.79,-0.081
한화,페레즈,-0.072,53,54,465.0,273,200,63,10,0.963,5.09,2.43,-1.01,0.91,2.34,-1.63,-0.72,0.091
한화,하주석,2.015,222,282,2381.2,1053,357,654,42,2.8819999999999997,11.469999999999999,7.0,0.4,7.4,6.300000000000001,12.24,19.63,0.7909999999999999
한화,허관회,-0.037,17,9,94.0,78,74,3,1,0.987,7.37,-0.17,-0.06,-1.17,-14.88,0.8,-0.37,-0.117
한화,호잉,-0.298,2,33,278.0,73,71,2,0,1.0,2.36,-1.57,0.17,-1.62,-6.98,-1.49,-3.11,-0.155
한화,힐리,0.157,61,60,527.0,525,478,42,5,0.991,8.88,6.07,-0.01,6.06,13.76,-4.5,1.56,0.608
