순위,이름,팀,WAAwithADJ,출장,선발,이닝,기회,자살,보살,실책,수비율,RF9,RNG,ARM,CS,BLK,E+,RAA,/133,POSADJ,RAAwithADJ,WAAw/oADJ
1,마차도,20롯SS, 1.896 , 2 ,139.0,1180.2, 618 , 228 ,380.0,10.0, .984 , 4.64 ,12.07,0.0, 0.00 , 0.00 ,1.55,13.62, 13.81 , 6.42 ,20.04,1.289
2,오지환,20LSS, 1.786 , 3 ,136.0,1142.0, 604 , 184 ,405.0,15.0, .975 , 4.64 ,12.31,0.0, 0.00 , 0.00 ,0.43,12.73, 13.35 , 6.24 ,18.98,1.198
3,박해민,20삼CF, 1.683 , 3 ,125.0,1055.1, 378 , 369 ,9.0,0.0, 1.000 , 3.22 ,16.79,-1.13, 0.00 , 0.00 ,0.55,16.21, 18.38 , 1.52 ,17.72,1.539
4,박찬호,20KSS, 1.045 , 2 ,136.0,1164.1, 597 , 198 ,384.0,15.0, .975 , 4.50 ,4.13,0.0, 0.00 , 0.00 ,0.5,4.63, 4.76 , 6.22 ,10.84,0.446
5,양의지,20NC, 1.001 , 3 ,97.0,792.0, 694 , 645 ,47.0,2.0, .997 , 7.86 ,-0.14,0.0, 2.48 , 0.42 ,0.73,3.47, 5.25 , 7.34 ,10.81,0.322
6,홍창기,20LCF, 0.994 , 3 ,102.0,943.2, 267 , 259 ,6.0,2.0, .993 , 2.53 ,9.83,1.65, 0.00 , 0.00 ,0.09,11.58, 14.69 , -0.98 ,10.6,1.086
7,유강남,20LC, 0.968 , 3 ,123.0,1009.2, 849 , 795 ,52.0,2.0, .998 , 7.55 ,-0.99,0.0, 0.18 , 0.86 ,1.04,1.09, 1.29 , 9.19 ,10.28,0.103
8,심우준,20KSS, 0.919 , 3 ,133.0,1157.0, 678 , 231 ,426.0,21.0, .969 , 5.11 ,4.1,0.0, 0.00 , 0.00 ,-0.73,3.38, 3.49 , 6.22 ,9.59,0.323
9,강민호,20삼C, 0.894 , 2 ,103.0,862.2, 691 , 640 ,43.0,8.0, .988 , 7.13 ,-1.17,0.0, 1.95 , 1.25 ,-0.37,1.65, 2.29 , 7.88 ,9.53,0.155
10,김혜성,20키2B, 0.863 , 3 ,125.0,1114.1, 530 , 234 ,287.0,9.0, .983 , 4.21 ,5.48,2.06, 0.00 , 0.00 ,0.53,8.08, 8.67 , 1.07 ,9.14,0.762
11,김하성,20키SS, 0.833 , 3 ,127.0,1104.1, 504 , 135 ,349.0,20.0, .960 , 3.94 ,4.87,0.0, 0.00 , 0.00 ,-0.66,4.21, 4.57 , 4.81 ,9.02,0.389
12,배정대,20KCF, 0.803 , 3 ,141.0,1221.1, 372 , 354 ,13.0,5.0, .987 , 2.70 ,1.58,5.13, 0.00 , 0.00 ,-0.41,6.31, 6.18 , 2.23 ,8.53,0.593
13,장성우,20KC, 0.782 , 3 ,114.0,952.0, 702 , 665 ,34.0,3.0, .996 , 6.61 ,-0.65,0.0, -0.89 , 0.43 ,0.75,-0.36, -0.45 , 8.64 ,8.28,-0.034
14,최재훈,20한C, 0.755 , 3 ,103.0,857.2, 779 , 727 ,47.0,5.0, .994 , 8.12 ,0.71,0.0, -0.42 , -0.30 ,0.22,0.21, 0.30 , 7.83 ,8.04,0.02
15,한동희,20롯3B, 0.746 , 2 ,130.0,1103.0, 422 , 194 ,211.0,17.0, .960 , 3.31 ,7.53,0.0, 0.00 , 0.00 ,-0.21,7.32, 7.94 , 0.59 ,7.9,0.691
16,박경수,20K2B, 0.722 , 2 ,94.0,746.1, 474 , 180 ,286.0,8.0, .983 , 5.62 ,6.19,0.0, 0.00 , 0.00 ,0.13,6.31, 10.12 , 1.36 ,7.67,0.594
17,박민우,20N2B, 0.699 , 4 ,116.0,943.2, 538 , 250 ,278.0,10.0, .981 , 5.04 ,5.58,0.0, 0.00 , 0.00 ,0.18,5.76, 7.31 , 1.73 ,7.49,0.538
18,최지훈,20SRF, 0.667 , 3 ,118.0,1007.1, 269 , 257 ,8.0,4.0, .985 , 2.37 ,6.63,3.07, 0.00 , 0.00 ,-0.25,9.45, 11.23 , -2.47 ,6.98,0.903
19,박세혁,20두C, 0.649 , 3 ,105.0,881.2, 798 , 752 ,38.0,8.0, .990 , 8.06 ,-0.45,0.0, -1.62 , 1.32 ,-0.35,-1.1, -1.50 , 7.97 ,6.86,-0.104
20,정수빈,20두CF, 0.640 , 3 ,132.0,1161.2, 336 , 328 ,7.0,1.0, .997 , 2.60 ,3.8,0.52, 0.00 , 0.00 ,0.36,4.68, 4.82 , 2.11 ,6.79,0.44
21,김민식,20KC, 0.633 , 1 ,53.0,470.1, 417 , 365 ,50.0,2.0, .995 , 7.94 ,1.09,0.0, 1.77 , -0.74 ,0.27,2.4, 6.10 , 4.21 ,6.61,0.229
22,박동원,20키C, 0.574 , 3 ,75.0,641.1, 503 , 461 ,36.0,6.0, .988 , 6.98 ,0.25,0.0, -0.15 , 0.44 ,-0.29,0.25, 0.47 , 5.85 ,6.1,0.024
23,이재원,20SC, 0.571 , 3 ,65.0,545.1, 461 , 422 ,36.0,3.0, .994 , 7.56 ,-0.54,0.0, 1.53 , -0.09 ,0.18,1.07, 2.36 , 4.86 ,5.94,0.103
24,김준태,20롯C, 0.544 , 2 ,84.0,793.0, 676 , 615 ,54.0,7.0, .990 , 7.59 ,0.74,0.0, -2.00 , 0.09 ,-0.27,-1.43, -2.17 , 7.17 ,5.74,-0.136
25,김재호,20두SS, 0.533 , 3 ,112.0,960.2, 438 , 137 ,288.0,13.0, .970 , 3.98 ,0.13,0.0, 0.00 , 0.00 ,0.28,0.41, 0.51 , 5.23 ,5.65,0.039
26,김선빈,20K2B, 0.488 , 2 ,79.0,621.1, 373 , 157 ,213.0,3.0, .992 , 5.36 ,3.22,0.0, 0.00 , 0.00 ,0.84,4.06, 7.82 , 1.13 ,5.2,0.381
27,송민섭,20KLF, 0.441 , 2 ,1.0,217.0, 54 , 50 ,4.0,0.0, 1.000 , 2.24 ,1.73,3.71, 0.00 , 0.00 ,0.12,5.56, 30.68 , -0.90 ,4.66,0.527
28,노진혁,20NSS, 0.427 , 4 ,119.0,1005.0, 477 , 182 ,286.0,9.0, .981 , 4.19 ,-1.96,0.0, 0.00 , 0.00 ,1.22,-0.75, -0.89 , 5.30 ,4.55,-0.07
29,전병우,20키3B, 0.427 , 3 ,96.0,864.1, 377 , 198 ,170.0,9.0, .976 , 3.83 ,3.75,0.0, 0.00 , 0.00 ,0.61,4.36, 6.04 , 0.13 ,4.49,0.415
30,한승택,20KC, 0.425 , 3 ,70.0,597.0, 588 , 550 ,35.0,3.0, .995 , 8.82 ,-0.44,0.0, -0.33 , -0.40 ,0.25,-0.91, -1.83 , 5.39 ,4.47,-0.087
31,김강민,20SCF, 0.424 , 3 ,69.0,658.1, 216 , 207 ,7.0,2.0, .991 , 2.93 ,1.13,2.24, 0.00 , 0.00 ,-0.08,3.29, 5.98 , 1.19 ,4.48,0.312
32,이학주,20삼SS, 0.404 , 3 ,57.0,483.1, 273 , 108 ,161.0,4.0, .985 , 5.01 ,0.98,0.0, 0.00 , 0.00 ,0.65,1.63, 4.03 , 2.61 ,4.24,0.155
33,김규성,20K2B, 0.401 , 3 ,49.0,486.0, 292 , 118 ,168.0,6.0, .980 , 5.30 ,2.9,0.0, 0.00 , 0.00 ,0.04,2.94, 7.25 , 1.24 ,4.19,0.282
34,허경민,20두3B, 0.400 , 3 ,113.0,987.0, 310 , 103 ,198.0,9.0, .971 , 2.75 ,0.83,0.0, 0.00 , 0.00 ,1.22,2.05, 2.49 , 2.23 ,4.28,0.192
35,이지영,20키C, 0.388 , 3 ,50.0,440.2, 381 , 362 ,15.0,4.0, .990 , 7.70 ,-0.02,0.0, -0.03 , 0.33 ,-0.17,0.11, 0.30 , 4.00 ,4.11,0.01
36,구본혁,20L3B, 0.387 , 3 ,17.0,381.1, 159 , 41 ,113.0,5.0, .969 , 3.64 ,2.89,0.0, 0.00 , 0.00 ,0.08,2.97, 9.32 , 1.11 ,4.08,0.282
37,서건창,20키2B, 0.382 , 3 ,52.0,440.2, 272 , 124 ,145.0,3.0, .989 , 5.49 ,2.84,0.0, 0.00 , 0.00 ,0.42,3.26, 8.87 , 0.80 ,4.07,0.307
38,구자욱,20삼LF, 0.370 , 2 ,101.0,835.0, 214 , 205 ,7.0,2.0, .991 , 2.29 ,6.84,1.62, 0.00 , 0.00 ,0.08,8.54, 12.25 , -4.59 ,3.95,0.799
39,반즈,20한1B, 0.360 , 1 ,71.0,626.1, 372 , 335 ,33.0,4.0, .989 , 5.29 ,6.8,1.29, 0.00 , 0.00 ,-0.11,7.99, 15.26 , -4.18 ,3.81,0.756
40,지석훈,20N3B, 0.349 , 2 ,35.0,382.2, 185 , 72 ,108.0,5.0, .973 , 4.23 ,2.61,0.0, 0.00 , 0.00 ,0.07,2.68, 8.39 , 0.99 ,3.67,0.255
41,최정,20S3B, 0.342 , 3 ,118.0,987.2, 257 , 76 ,170.0,11.0, .957 , 2.24 ,1.03,0.0, 0.00 , 0.00 ,0.83,1.86, 2.25 , 1.82 ,3.68,0.172
42,이정후,20키RF, 0.340 , 3 ,127.0,1094.1, 284 , 271 ,10.0,3.0, .989 , 2.31 ,6.23,1.37, 0.00 , 0.00 ,0.02,7.63, 8.34 , -3.96 ,3.66,0.708
43,김태군,20NC, 0.324 , 4 ,34.0,335.1, 319 , 297 ,19.0,3.0, .991 , 8.48 ,0.49,0.0, 0.19 , -0.18 ,-0.12,0.38, 1.37 , 3.04 ,3.43,0.036
44,김준완,20NRF, 0.321 , 2 ,16.0,176.0, 50 , 46 ,4.0,0.0, 1.000 , 2.56 ,0.63,3.22, 0.00 , 0.00 ,0.1,3.94, 26.80 , -0.57 ,3.37,0.376
45,정보근,20롯C, 0.319 , 2 ,57.0,416.1, 379 , 349 ,28.0,2.0, .995 , 8.15 ,-1.09,0.0, 0.34 , 0.16 ,0.19,-0.4, -1.14 , 3.72 ,3.32,-0.038
46,김성욱,20NRF, 0.298 , 4 ,41.0,472.1, 121 , 118 ,3.0,0.0, 1.000 , 2.31 ,2.93,1.81, 0.00 , 0.00 ,0.27,5.01, 12.69 , -1.87 ,3.13,0.476
47,김성현,20SSS, 0.296 , 3 ,113.0,936.2, 503 , 197 ,296.0,10.0, .980 , 4.74 ,-1.46,0.0, 0.00 , 0.00 ,0.6,-0.86, -1.10 , 3.97 ,3.11,-0.082
48,양석환,20L3B, 0.287 , 1 ,37.0,293.0, 170 , 129 ,37.0,4.0, .977 , 5.10 ,3.96,0.0, 0.00 , 0.00 ,-0.09,3.87, 15.80 , -0.86 ,3.01,0.369
49,최항,20S2B, 0.283 , 2 ,37.0,320.0, 193 , 85 ,105.0,3.0, .985 , 5.34 ,2.26,0.0, 0.00 , 0.00 ,0.16,2.42, 9.04 , 0.57 ,2.99,0.229
50,박승규,20삼RF, 0.278 , 3 ,46.0,440.0, 118 , 115 ,3.0,0.0, 1.000 , 2.41 ,3.01,0.86, 0.00 , 0.00 ,0.24,4.12, 11.20 , -1.19 ,2.92,0.392
51,김민성,20L3B, 0.253 , 2 ,79.0,639.2, 152 , 45 ,102.0,5.0, .967 , 2.07 ,0.55,0.0, 0.00 , 0.00 ,0.96,1.51, 2.83 , 1.16 ,2.67,0.143
52,정상호,20두C, 0.241 , 3 ,25.0,223.1, 209 , 192 ,15.0,2.0, .990 , 8.34 ,1.09,0.0, -0.51 , 0.01 ,-0.08,0.51, 2.73 , 1.99 ,2.5,0.049
53,임병욱,20키CF, 0.223 , 2 ,12.0,91.0, 23 , 20 ,2.0,1.0, .957 , 2.18 ,1.3,1.04, 0.00 , 0.00 ,-0.16,2.18, 28.70 , 0.16 ,2.35,0.208
54,김지찬,20삼2B, 0.213 , 3 ,67.0,656.2, 339 , 137 ,192.0,10.0, .971 , 4.51 ,0.54,0.04, 0.00 , 0.00 ,-0.33,0.25, 0.46 , 1.99 ,2.24,0.024
55,김형준,20NC, 0.200 , 3 ,13.0,164.1, 153 , 142 ,10.0,1.0, .994 , 8.33 ,0.41,0.0, 0.49 , -0.30 ,0.03,0.63, 4.58 , 1.50 ,2.13,0.059
56,주효상,20키C, 0.199 , 2 ,19.0,191.1, 172 , 154 ,14.0,4.0, .977 , 7.90 ,0.21,0.0, 0.48 , 0.21 ,-0.53,0.37, 2.33 , 1.73 ,2.1,0.035
57,소형준,20KP, 0.199 , 2 ,24.0,133.0, 25 , 8 ,17.0,0.0, 1.000 , 1.69 ,1.75,0.0, 0.00 , 0.09 ,0.27,2.1, 18.92 , 0.00 ,2.1,0.199
58,황재균,20K3B, 0.197 , 3 ,129.0,1125.0, 341 , 114 ,214.0,13.0, .962 , 2.62 ,-0.66,0.0, 0.00 , 0.00 ,0.83,0.17, 0.18 , 1.95 ,2.12,0.016
59,오재원,20두2B, 0.197 , 2 ,33.0,367.2, 207 , 91 ,111.0,5.0, .976 , 4.95 ,1.65,0.0, 0.00 , 0.00 ,-0.15,1.5, 4.88 , 0.58 ,2.08,0.142
60,김응민,20삼C, 0.196 , 3 ,21.0,212.1, 177 , 167 ,8.0,2.0, .989 , 7.42 ,0.17,0.0, -0.16 , 0.23 ,-0.1,0.15, 0.82 , 1.91 ,2.05,0.014
61,박성한,20SSS, 0.192 , 1 ,29.0,258.0, 138 , 63 ,71.0,4.0, .971 , 4.67 ,0.66,0.0, 0.00 , 0.00 ,-0.03,0.63, 2.93 , 1.39 ,2.02,0.06
62,가뇽,20KP, 0.185 , 2 ,28.0,159.2, 26 , 8 ,18.0,0.0, 1.000 , 1.47 ,1.53,0.0, 0.00 , 0.11 ,0.32,1.96, 14.67 , 0.00 ,1.96,0.185
63,노시환,20한3B, 0.183 , 2 ,90.0,785.0, 260 , 99 ,148.0,13.0, .950 , 2.83 ,0.3,0.0, 0.00 , 0.00 ,-0.22,0.09, 0.13 , 1.85 ,1.93,0.008
64,이현석,20SC, 0.182 , 3 ,28.0,283.1, 226 , 202 ,22.0,2.0, .991 , 7.12 ,0.11,0.0, -0.29 , -0.46 ,0.0,-0.64, -2.72 , 2.55 ,1.9,-0.061
65,이흥련,20두SC, 0.178 , 2 ,35.0,302.1, 287 , 267 ,17.0,3.0, .990 , 8.45 ,0.01,0.0, -0.45 , -0.25 ,-0.17,-0.86, -3.39 , 2.73 ,1.87,-0.081
66,정우영,20LP, 0.172 , 3 ,0.0,75.0, 27 , 7 ,20.0,0.0, 1.000 , 3.24 ,1.63,0.0, 0.00 , 0.05 ,0.15,1.83, 29.17 , 0.00 ,1.83,0.172
67,윌슨,20LP, 0.168 , 3 ,25.0,144.2, 39 , 15 ,24.0,0.0, 1.000 , 2.43 ,1.39,0.0, 0.00 , 0.10 ,0.29,1.78, 14.71 , 0.00 ,1.78,0.168
68,백용환,20KC, 0.157 , 2 ,20.0,199.0, 169 , 158 ,8.0,3.0, .982 , 7.51 ,0.01,0.0, 0.19 , -0.03 ,-0.32,-0.15, -0.89 , 1.81 ,1.66,-0.014
69,이성우,20LC, 0.156 , 3 ,20.0,236.0, 211 , 198 ,12.0,1.0, .995 , 8.01 ,-0.45,0.0, -0.57 , 0.40 ,0.14,-0.49, -2.47 , 2.14 ,1.65,-0.046
70,이해창,20한C, 0.154 , 2 ,33.0,298.0, 276 , 251 ,21.0,4.0, .986 , 8.22 ,0.04,0.0, -0.47 , -0.27 ,-0.38,-1.08, -4.33 , 2.71 ,1.63,-0.102
71,오선진,20한SS, 0.153 , 3 ,44.0,503.1, 206 , 67 ,135.0,4.0, .981 , 3.61 ,-0.79,0.0, 0.00 , 0.00 ,0.65,-0.14, -0.33 , 1.75 ,1.61,-0.013
72,임찬규,20LP, 0.152 , 2 ,26.0,147.2, 25 , 10 ,15.0,0.0, 1.000 , 1.52 ,1.21,0.0, 0.00 , 0.10 ,0.3,1.6, 13.00 , 0.00 ,1.6,0.152
73,홍종표,20K2B, 0.151 , 1 ,20.0,192.2, 128 , 57 ,71.0,0.0, 1.000 , 5.98 ,0.78,0.0, 0.00 , 0.00 ,0.45,1.23, 7.63 , 0.35 ,1.57,0.117
74,황윤호,20K3B, 0.141 , 2 ,17.0,160.1, 58 , 9 ,45.0,4.0, .931 , 3.03 ,1.5,0.0, 0.00 , 0.00 ,-0.32,1.19, 8.85 , 0.29 ,1.48,0.113
75,박석민,20N3B, 0.137 , 3 ,103.0,825.2, 229 , 76 ,139.0,14.0, .939 , 2.34 ,0.22,0.0, 0.00 , 0.00 ,-0.27,-0.05, -0.07 , 1.52 ,1.47,-0.005
76,박종훈,20SP, 0.132 , 3 ,28.0,157.1, 23 , 5 ,18.0,0.0, 1.000 , 1.32 ,0.98,0.0, 0.00 , 0.10 ,0.31,1.4, 10.65 , 0.00 ,1.4,0.132
77,브리검,20키P, 0.129 , 2 ,21.0,107.0, 26 , 5 ,20.0,1.0, .962 , 2.10 ,1.28,0.0, 0.00 , 0.07 ,0.01,1.36, 15.23 , 0.00 ,1.36,0.129
78,우규민,20삼P, 0.128 , 2 ,0.0,48.0, 14 , 2 ,12.0,0.0, 1.000 , 2.63 ,1.23,0.0, 0.00 , 0.03 ,0.1,1.35, 33.75 , 0.00 ,1.35,0.128
79,서준원,20롯P, 0.127 , 2 ,20.0,107.2, 29 , 11 ,17.0,1.0, .966 , 2.34 ,1.26,0.0, 0.00 , 0.07 ,0.02,1.35, 14.95 , 0.00 ,1.35,0.127
80,신본기,20롯3B, 0.127 , 2 ,21.0,293.2, 115 , 33 ,80.0,2.0, .983 , 3.46 ,0.1,0.0, 0.00 , 0.00 ,0.43,0.52, 2.13 , 0.81 ,1.34,0.05
81,장준원,20L3B, 0.125 , 2 ,18.0,186.0, 51 , 19 ,31.0,1.0, .980 , 2.42 ,0.64,0.0, 0.00 , 0.00 ,0.35,1.0, 6.42 , 0.32 ,1.32,0.095
82,신민재,20LCF, 0.124 , 1 ,3.0,90.0, 32 , 28 ,4.0,0.0, 1.000 , 3.20 ,1.16,-0.09, 0.00 , 0.00 ,0.08,1.15, 15.32 , 0.16 ,1.32,0.109
83,노경은,20롯P, 0.102 , 2 ,24.0,133.0, 25 , 6 ,18.0,1.0, .960 , 1.62 ,0.93,0.0, 0.00 , 0.09 ,0.07,1.08, 9.73 , 0.00 ,1.08,0.102
84,알칸타라,20두P, 0.100 , 2 ,31.0,198.2, 24 , 1 ,23.0,0.0, 1.000 , 1.09 ,0.53,0.0, 0.00 , 0.13 ,0.4,1.06, 6.39 , 0.00 ,1.06,0.1
85,김민수,20삼C, 0.100 , 2 ,7.0,68.0, 59 , 54 ,5.0,0.0, 1.000 , 7.81 ,0.14,0.0, 0.11 , 0.09 ,0.1,0.43, 7.64 , 0.61 ,1.04,0.041
86,김헌곤,20삼RF, 0.097 , 3 ,67.0,615.0, 182 , 176 ,5.0,1.0, .995 , 2.65 ,2.41,1.61, 0.00 , 0.00 ,0.16,4.17, 8.12 , -3.15 ,1.02,0.398
87,최원태,20키P, 0.096 , 2 ,21.0,110.0, 25 , 6 ,19.0,0.0, 1.000 , 2.05 ,0.73,0.0, 0.00 , 0.07 ,0.22,1.02, 11.09 , 0.00 ,1.02,0.096
88,문동욱,20한P, 0.095 , 1 ,0.0,18.0, 7 , 1 ,6.0,0.0, 1.000 , 3.50 ,0.96,0.0, 0.00 , 0.01 ,0.04,1.01, 67.10 , 0.00 ,1.01,0.095
89,백승현,20L3B, 0.094 , 3 ,11.0,112.0, 34 , 8 ,25.0,1.0, .971 , 2.65 ,0.6,0.0, 0.00 , 0.00 ,0.14,0.74, 7.90 , 0.25 ,0.99,0.07
90,유장혁,20한LF, 0.093 , 1 ,12.0,104.1, 24 , 23 ,1.0,0.0, 1.000 , 2.07 ,1.93,-0.45, 0.00 , 0.00 ,0.06,1.53, 17.59 , -0.56 ,0.97,0.147
91,임기영,20KP, 0.092 , 3 ,25.0,127.2, 15 , 2 ,13.0,0.0, 1.000 , 1.06 ,0.64,0.0, 0.00 , 0.08 ,0.26,0.98, 9.17 , 0.00 ,0.98,0.092
92,양찬열,20두RF, 0.091 , 1 ,5.0,48.2, 12 , 11 ,1.0,0.0, 1.000 , 2.22 ,0.08,1.12, 0.00 , 0.00 ,0.03,1.22, 30.05 , -0.26 ,0.96,0.116
93,김영환,20K2B, 0.089 , 0 ,1.0,18.2, 15 , 5 ,10.0,0.0, 1.000 , 7.23 ,0.86,0.0, 0.00 , 0.00 ,0.04,0.9, 57.68 , 0.03 ,0.93,0.085
94,박정현,20한SS, 0.088 , 1 ,13.0,105.0, 55 , 20 ,34.0,1.0, .982 , 4.63 ,0.36,0.0, 0.00 , 0.00 ,0.11,0.46, 5.28 , 0.46 ,0.93,0.044
95,도태훈,20N3B, 0.087 , 1 ,3.0,35.0, 10 , 4 ,6.0,0.0, 1.000 , 2.57 ,0.77,0.0, 0.00 , 0.00 ,0.1,0.87, 29.83 , 0.04 ,0.91,0.083
96,김병희,20K3B, 0.085 , 2 ,4.0,61.1, 29 , 14 ,14.0,1.0, .966 , 4.11 ,1.0,0.0, 0.00 , 0.00 ,-0.04,0.95, 18.56 , -0.05 ,0.9,0.09
97,김호재,20삼3B, 0.085 , 1 ,32.0,315.0, 112 , 49 ,59.0,4.0, .964 , 3.09 ,0.03,0.0, 0.00 , 0.00 ,0.11,0.14, 0.52 , 0.77 ,0.9,0.013
98,문상철,20K1B, 0.085 , 3 ,28.0,235.1, 164 , 154 ,9.0,1.0, .994 , 6.23 ,2.93,-0.31, 0.00 , 0.00 ,0.08,2.7, 13.76 , -1.81 ,0.89,0.256
99,김태진,20NK3B, 0.083 , 3 ,63.0,566.0, 200 , 70 ,121.0,9.0, .955 , 3.04 ,-0.04,0.0, 0.00 , 0.00 ,-0.11,-0.15, -0.32 , 1.01 ,0.86,-0.015
100,박민호,20SP, 0.079 , 3 ,0.0,52.0, 12 , 1 ,11.0,0.0, 1.000 , 2.08 ,0.7,0.0, 0.00 , 0.03 ,0.1,0.84, 19.34 , 0.00 ,0.84,0.079
101,최성영,20NP, 0.077 , 2 ,13.0,60.2, 6 , 1 ,5.0,0.0, 1.000 , 0.89 ,0.66,0.0, 0.00 , 0.04 ,0.12,0.82, 16.14 , 0.00 ,0.82,0.077
102,원태인,20삼P, 0.076 , 2 ,26.0,140.0, 30 , 12 ,17.0,1.0, .967 , 1.86 ,0.64,0.0, 0.00 , 0.09 ,0.08,0.81, 6.93 , 0.00 ,0.81,0.076
103,이재율,20NCF, 0.074 , 2 ,1.0,31.0, 12 , 12 ,0.0,0.0, 1.000 , 3.48 ,0.62,0.19, 0.00 , 0.00 ,0.02,0.83, 31.92 , -0.04 ,0.79,0.078
104,채은성,20LRF, 0.070 , 2 ,79.0,678.1, 176 , 170 ,4.0,2.0, .989 , 2.31 ,4.97,-0.51, 0.00 , 0.00 ,0.0,4.46, 7.87 , -3.72 ,0.75,0.419
105,이영하,20두P, 0.070 , 3 ,19.0,132.0, 25 , 8 ,17.0,0.0, 1.000 , 1.71 ,0.39,0.0, 0.00 , 0.09 ,0.26,0.74, 6.73 , 0.00 ,0.74,0.07
106,조현우,20KP, 0.069 , 2 ,0.0,46.2, 15 , 5 ,10.0,0.0, 1.000 , 2.89 ,0.61,0.0, 0.00 , 0.03 ,0.09,0.73, 18.85 , 0.00 ,0.73,0.069
107,배성근,20롯SS, 0.069 , 1 ,1.0,17.0, 6 , 1 ,5.0,0.0, 1.000 , 3.18 ,0.55,0.0, 0.00 , 0.00 ,0.05,0.61, 42.62 , 0.09 ,0.69,0.06
108,최용제,20두C, 0.068 , 1 ,9.0,116.1, 85 , 77 ,5.0,3.0, .965 , 6.34 ,0.04,0.0, 0.25 , -0.12 ,-0.43,-0.27, -2.76 , 0.98 ,0.72,-0.025
109,구창모,20NP, 0.068 , 3 ,14.0,93.1, 15 , 5 ,9.0,1.0, .933 , 1.35 ,0.67,0.0, 0.00 , 0.06 ,-0.01,0.72, 9.17 , 0.00 ,0.72,0.068
110,김호은,20L1B, 0.067 , 2 ,15.0,120.1, 102 , 97 ,4.0,1.0, .990 , 7.55 ,1.9,-0.14, 0.00 , 0.00 ,-0.03,1.73, 17.20 , -1.02 ,0.71,0.164
111,김현수,20KP, 0.064 , 2 ,4.0,32.1, 5 , 0 ,5.0,0.0, 1.000 , 1.39 ,0.66,0.0, 0.00 , -0.04 ,0.06,0.68, 25.06 , 0.00 ,0.68,0.064
112,김은성,20키2B, 0.063 , 1 ,1.0,22.0, 12 , 4 ,8.0,0.0, 1.000 , 4.91 ,0.57,0.0, 0.00 , 0.00 ,0.06,0.63, 34.16 , 0.04 ,0.67,0.059
113,켈리,20LP, 0.062 , 2 ,28.0,173.1, 26 , 10 ,16.0,0.0, 1.000 , 1.35 ,0.2,0.0, 0.00 , 0.11 ,0.35,0.66, 4.55 , 0.00 ,0.66,0.062
114,김영규,20NP, 0.060 , 3 ,13.0,67.2, 16 , 3 ,13.0,0.0, 1.000 , 2.13 ,0.46,0.0, 0.00 , 0.04 ,0.14,0.64, 11.33 , 0.00 ,0.64,0.06
115,백동훈,20두RF, 0.060 , 2 ,1.0,55.0, 22 , 21 ,0.0,1.0, .955 , 3.44 ,0.98,0.01, 0.00 , 0.00 ,-0.17,0.82, 17.88 , -0.18 ,0.64,0.078
116,서폴드,20한P, 0.055 , 2 ,28.0,165.0, 38 , 13 ,24.0,1.0, .974 , 2.02 ,0.34,0.0, 0.00 , 0.11 ,0.13,0.58, 4.21 , 0.00 ,0.58,0.055
117,김재웅,20키P, 0.054 , 2 ,7.0,59.2, 9 , 2 ,6.0,1.0, .889 , 1.21 ,0.61,0.0, 0.00 , 0.04 ,-0.08,0.57, 11.48 , 0.00 ,0.57,0.054
118,송광민,20한3B, 0.053 , 3 ,65.0,542.2, 287 , 220 ,61.0,6.0, .979 , 4.66 ,1.85,0.0, 0.00 , 0.00 ,0.13,1.98, 4.38 , -1.43 ,0.56,0.189
119,김인태,20두LF, 0.052 , 3 ,15.0,173.2, 39 , 39 ,0.0,0.0, 1.000 , 2.02 ,1.65,-0.25, 0.00 , 0.00 ,0.1,1.5, 10.34 , -0.95 ,0.55,0.142
120,박상언,20한C, 0.052 , 2 ,7.0,102.1, 91 , 80 ,9.0,2.0, .978 , 7.83 ,0.27,0.0, 0.03 , -0.43 ,-0.25,-0.38, -4.47 , 0.93 ,0.54,-0.036
121,정찬헌,20LP, 0.051 , 2 ,19.0,110.1, 18 , 9 ,9.0,0.0, 1.000 , 1.47 ,0.25,0.0, 0.00 , 0.07 ,0.22,0.54, 5.89 , 0.00 ,0.54,0.051
122,조이현,20SP, 0.051 , 2 ,7.0,77.0, 12 , 4 ,7.0,1.0, .917 , 1.29 ,0.54,0.0, 0.00 , 0.05 ,-0.05,0.54, 8.45 , 0.00 ,0.54,0.051
123,서진용,20SP, 0.050 , 2 ,0.0,61.0, 3 , 0 ,3.0,0.0, 1.000 , 0.44 ,0.19,0.0, 0.31 , -0.09 ,0.12,0.53, 10.48 , 0.00 ,0.53,0.05
124,박재욱,20LC, 0.049 , 2 ,1.0,47.0, 42 , 38 ,4.0,0.0, 1.000 , 8.04 ,0.27,0.0, 0.02 , -0.27 ,0.07,0.1, 2.46 , 0.43 ,0.52,0.009
125,최원준,20두P, 0.049 , 3 ,18.0,123.0, 11 , 2 ,9.0,0.0, 1.000 , 0.81 ,0.19,0.0, 0.00 , 0.08 ,0.25,0.52, 5.06 , 0.00 ,0.52,0.049
126,최준용,20롯P, 0.047 , 1 ,0.0,29.2, 9 , 3 ,6.0,0.0, 1.000 , 2.73 ,0.42,0.0, 0.00 , 0.02 ,0.06,0.5, 20.20 , 0.00 ,0.5,0.047
127,안영명,20한P, 0.047 , 3 ,0.0,45.2, 8 , 1 ,7.0,0.0, 1.000 , 1.58 ,0.37,0.0, 0.00 , 0.03 ,0.09,0.49, 12.97 , 0.00 ,0.49,0.047
128,하준호,20KP, 0.046 , 2 ,1.0,41.2, 6 , 1 ,5.0,0.0, 1.000 , 1.30 ,0.38,0.0, 0.00 , 0.03 ,0.08,0.49, 14.16 , 0.00 ,0.49,0.046
129,조성운,20키P, 0.045 , 3 ,0.0,45.0, 8 , 1 ,6.0,1.0, .875 , 1.40 ,0.52,0.0, 0.18 , -0.10 ,-0.11,0.48, 12.85 , 0.00 ,0.48,0.045
130,오승환,20삼P, 0.045 , 1 ,0.0,47.2, 7 , 3 ,4.0,0.0, 1.000 , 1.32 ,0.35,0.0, 0.00 , 0.03 ,0.1,0.48, 12.04 , 0.00 ,0.48,0.045
131,김재유,20롯CF, 0.044 , 1 ,29.0,272.1, 76 , 73 ,1.0,2.0, .974 , 2.45 ,1.13,-0.11, 0.00 , 0.00 ,-0.26,0.77, 3.36 , -0.30 ,0.46,0.072
132,김도환,20삼C, 0.043 , 1 ,13.0,123.2, 104 , 100 ,3.0,1.0, .990 , 7.50 ,0.01,0.0, 0.03 , -0.67 ,-0.02,-0.66, -6.39 , 1.12 ,0.46,-0.063
133,홍현빈,20KLF, 0.043 , 1 ,4.0,79.0, 23 , 23 ,0.0,0.0, 1.000 , 2.62 ,1.23,-0.56, 0.00 , 0.00 ,0.04,0.72, 10.87 , -0.26 ,0.45,0.068
134,홍성무,20NP, 0.043 , 3 ,0.0,15.0, 5 , 0 ,5.0,0.0, 1.000 , 3.00 ,0.42,0.0, 0.00 , 0.01 ,0.03,0.45, 36.30 , 0.00 ,0.45,0.043
135,강태율,20롯C, 0.043 , 1 ,0.0,39.2, 29 , 29 ,0.0,0.0, 1.000 , 6.58 ,0.0,0.0, -0.13 , 0.17 ,0.06,0.1, 2.88 , 0.37 ,0.46,0.009
136,허도환,20KC, 0.043 , 3 ,14.0,151.1, 116 , 103 ,10.0,3.0, .974 , 6.72 ,-0.03,0.0, -0.08 , -0.42 ,-0.38,-0.92, -7.30 , 1.38 ,0.45,-0.087
137,임창민,20NP, 0.042 , 3 ,0.0,37.2, 6 , 2 ,4.0,0.0, 1.000 , 1.43 ,0.48,0.0, 0.00 , -0.11 ,0.08,0.45, 14.24 , 0.00 ,0.45,0.042
138,이보근,20KP, 0.042 , 1 ,0.0,46.2, 5 , 1 ,4.0,0.0, 1.000 , 0.96 ,0.32,0.0, 0.00 , 0.03 ,0.09,0.44, 11.34 , 0.00 ,0.44,0.042
139,요키시,20키P, 0.042 , 2 ,27.0,159.2, 51 , 10 ,37.0,4.0, .922 , 2.65 ,0.82,0.0, 0.00 , 0.11 ,-0.48,0.44, 3.30 , 0.00 ,0.44,0.042
140,오현택,20롯P, 0.041 , 2 ,0.0,36.0, 8 , 1 ,7.0,0.0, 1.000 , 2.00 ,0.48,0.0, -0.13 , 0.02 ,0.07,0.44, 14.61 , 0.00 ,0.44,0.041
141,양현,20키P, 0.040 , 3 ,1.0,60.0, 12 , 3 ,8.0,1.0, .917 , 1.65 ,0.47,0.0, 0.00 , 0.04 ,-0.08,0.43, 8.56 , 0.00 ,0.43,0.04
142,배제성,20KP, 0.040 , 3 ,26.0,141.1, 18 , 2 ,14.0,2.0, .889 , 1.02 ,0.45,0.0, 0.00 , 0.09 ,-0.12,0.43, 3.61 , 0.00 ,0.43,0.04
143,송승준,20롯P, 0.040 , 2 ,1.0,24.2, 3 , 0 ,3.0,0.0, 1.000 , 1.10 ,0.36,0.0, 0.00 , 0.02 ,0.05,0.42, 20.54 , 0.00 ,0.42,0.04
144,이호중,20NP, 0.039 , 1 ,0.0,4.1, 2 , 0 ,2.0,0.0, 1.000 , 4.15 ,0.4,0.0, 0.00 , 0.00 ,0.01,0.41, 113.96 , 0.00 ,0.41,0.039
145,오주원,20키P, 0.037 , 2 ,0.0,18.1, 6 , 1 ,5.0,0.0, 1.000 , 2.95 ,0.35,0.0, 0.00 , 0.01 ,0.04,0.4, 25.86 , 0.00 ,0.4,0.037
146,이유찬,20두3B, 0.037 , 3 ,25.0,279.2, 129 , 55 ,68.0,6.0, .954 , 3.96 ,0.04,0.0, 0.00 , 0.00 ,-0.4,-0.36, -1.53 , 0.75 ,0.4,-0.034
147,신민혁,20NP, 0.037 , 2 ,7.0,42.0, 5 , 1 ,4.0,0.0, 1.000 , 1.07 ,0.28,0.0, 0.00 , 0.03 ,0.08,0.39, 11.26 , 0.00 ,0.39,0.037
148,박시영,20롯P, 0.037 , 2 ,0.0,30.1, 7 , 1 ,6.0,0.0, 1.000 , 2.08 ,0.44,0.0, -0.13 , 0.02 ,0.06,0.39, 15.45 , 0.00 ,0.39,0.037
149,정은원,20한2B, 0.034 , 3 ,72.0,622.0, 319 , 136 ,179.0,4.0, .988 , 4.56 ,-1.41,0.0, 0.00 , 0.00 ,0.64,-0.77, -1.48 , 1.13 ,0.36,-0.072
150,여건욱,20LP, 0.034 , 3 ,0.0,27.2, 4 , 0 ,4.0,0.0, 1.000 , 1.30 ,0.29,0.0, 0.00 , 0.02 ,0.06,0.36, 15.52 , 0.00 ,0.36,0.034
151,조영건,20키P, 0.032 , 2 ,10.0,44.1, 5 , 2 ,3.0,0.0, 1.000 , 1.02 ,0.22,0.0, 0.00 , 0.03 ,0.09,0.34, 9.15 , 0.00 ,0.34,0.032
152,전유수,20KP, 0.032 , 2 ,0.0,45.2, 11 , 3 ,7.0,1.0, .909 , 1.97 ,0.81,0.0, -0.39 , 0.03 ,-0.11,0.34, 8.88 , 0.00 ,0.34,0.032
153,김원중,20롯P, 0.031 , 2 ,0.0,59.1, 13 , 5 ,7.0,1.0, .923 , 1.82 ,0.37,0.0, 0.00 , 0.04 ,-0.08,0.32, 6.53 , 0.00 ,0.32,0.031
154,노건우,20삼P, 0.030 , 2 ,0.0,36.1, 3 , 0 ,3.0,0.0, 1.000 , 0.74 ,0.22,0.0, 0.00 , 0.02 ,0.07,0.32, 10.47 , 0.00 ,0.32,0.03
155,한현희,20키P, 0.030 , 3 ,25.0,135.2, 28 , 11 ,17.0,0.0, 1.000 , 1.86 ,-0.05,0.0, 0.00 , 0.09 ,0.27,0.32, 2.79 , 0.00 ,0.32,0.03
156,이홍구,20SKC, 0.029 , 2 ,26.0,230.0, 182 , 171 ,9.0,2.0, .989 , 7.04 ,0.01,0.0, -1.22 , -0.49 ,-0.07,-1.77, -9.22 , 2.08 ,0.3,-0.168
157,김민수,20롯3B, 0.029 , 1 ,2.0,20.2, 7 , 0 ,7.0,0.0, 1.000 , 3.05 ,0.2,0.0, 0.00 , 0.00 ,0.06,0.27, 15.46 , 0.04 ,0.3,0.025
158,백정현,20삼P, 0.029 , 2 ,11.0,59.0, 8 , 1 ,6.0,1.0, .875 , 1.07 ,0.35,0.0, 0.00 , 0.04 ,-0.08,0.3, 6.17 , 0.00 ,0.3,0.029
159,이호연,20롯1B, 0.028 , 1 ,0.0,4.1, 3 , 3 ,0.0,0.0, 1.000 , 6.23 ,0.31,0.0, 0.00 , 0.00 ,0.01,0.32, 87.87 , -0.04 ,0.28,0.032
160,송준석,20삼RF, 0.028 , 1 ,8.0,76.0, 14 , 14 ,0.0,0.0, 1.000 , 1.66 ,0.78,-0.11, 0.00 , 0.00 ,0.05,0.71, 11.20 , -0.41 ,0.3,0.067
161,정우람,20한P, 0.028 , 2 ,0.0,54.1, 12 , 2 ,10.0,0.0, 1.000 , 1.99 ,0.15,0.0, 0.00 , 0.04 ,0.11,0.29, 6.48 , 0.00 ,0.29,0.028
162,이승민,20삼P, 0.028 , 1 ,5.0,26.1, 5 , 0 ,5.0,0.0, 1.000 , 1.71 ,0.22,0.0, 0.00 , 0.02 ,0.05,0.29, 13.24 , 0.00 ,0.29,0.028
163,장승현,20두C, 0.027 , 1 ,4.0,62.1, 51 , 49 ,2.0,0.0, 1.000 , 7.36 ,0.0,0.0, -0.43 , 0.06 ,0.09,-0.28, -5.30 , 0.57 ,0.29,-0.026
164,소이현,20NP, 0.027 , 1 ,0.0,12.1, 3 , 0 ,3.0,0.0, 1.000 , 2.19 ,0.26,0.0, 0.00 , 0.01 ,0.02,0.29, 28.20 , 0.00 ,0.29,0.027
165,한석현,20LRF, 0.027 , 2 ,0.0,8.1, 2 , 2 ,0.0,0.0, 1.000 , 2.16 ,0.33,0.0, 0.00 , 0.00 ,0.0,0.34, 48.14 , -0.05 ,0.29,0.032
166,박희수,20SP, 0.026 , 2 ,0.0,24.2, 4 , 0 ,4.0,0.0, 1.000 , 1.46 ,0.21,0.0, 0.00 , 0.02 ,0.05,0.28, 13.38 , 0.00 ,0.28,0.026
167,문찬종,20키2B, 0.026 , 1 ,0.0,9.0, 4 , 2 ,2.0,0.0, 1.000 , 4.00 ,0.23,0.0, 0.00 , 0.00 ,0.02,0.25, 33.37 , 0.02 ,0.27,0.024
168,백승건,20SP, 0.025 , 3 ,7.0,29.1, 3 , 0 ,3.0,0.0, 1.000 , 0.92 ,0.19,0.0, 0.00 , 0.02 ,0.06,0.26, 10.79 , 0.00 ,0.26,0.025
169,박종기,20두P, 0.024 , 1 ,5.0,26.0, 4 , 1 ,3.0,0.0, 1.000 , 1.39 ,0.19,0.0, 0.00 , 0.02 ,0.05,0.26, 11.85 , 0.00 ,0.26,0.024
170,강재민,20한P, 0.024 , 1 ,0.0,49.0, 10 , 1 ,9.0,0.0, 1.000 , 1.84 ,0.19,0.0, 0.00 , -0.03 ,0.1,0.25, 6.12 , 0.00 ,0.25,0.024
171,김성민,20키P, 0.023 , 2 ,0.0,23.2, 8 , 0 ,8.0,0.0, 1.000 , 3.04 ,0.19,0.0, 0.00 , 0.02 ,0.05,0.25, 12.61 , 0.00 ,0.25,0.023
172,진명호,20롯P, 0.023 , 2 ,0.0,31.1, 4 , 2 ,2.0,0.0, 1.000 , 1.15 ,0.16,0.0, 0.00 , 0.02 ,0.06,0.24, 9.26 , 0.00 ,0.24,0.023
173,김윤식,20LP, 0.022 , 2 ,11.0,67.2, 8 , 2 ,6.0,0.0, 1.000 , 1.06 ,0.06,0.0, 0.00 , 0.04 ,0.14,0.24, 4.20 , 0.00 ,0.24,0.022
174,이대은,20KP, 0.022 , 2 ,4.0,29.1, 3 , 1 ,2.0,0.0, 1.000 , 0.92 ,0.16,0.0, 0.00 , 0.02 ,0.06,0.24, 9.67 , 0.00 ,0.24,0.022
175,김범수,20한P, 0.022 , 3 ,8.0,55.0, 4 , 1 ,3.0,0.0, 1.000 , 0.66 ,0.08,0.0, 0.00 , 0.04 ,0.11,0.23, 4.98 , 0.00 ,0.23,0.022
176,임규빈,20키P, 0.021 , 2 ,0.0,37.2, 3 , 1 ,2.0,0.0, 1.000 , 0.72 ,0.12,0.0, 0.00 , 0.02 ,0.08,0.22, 7.13 , 0.00 ,0.22,0.021
177,킹엄,20SP, 0.021 , 1 ,2.0,10.2, 2 , 0 ,2.0,0.0, 1.000 , 1.69 ,0.19,0.0, 0.00 , 0.01 ,0.02,0.22, 24.93 , 0.00 ,0.22,0.021
178,변시원,20KP, 0.019 , 1 ,0.0,5.0, 3 , 0 ,3.0,0.0, 1.000 , 5.40 ,0.19,0.0, 0.00 , 0.00 ,0.01,0.2, 48.27 , 0.00 ,0.2,0.019
179,서호철,20N3B, 0.018 , 2 ,1.0,10.0, 3 , 1 ,2.0,0.0, 1.000 , 2.70 ,0.13,0.0, 0.00 , 0.00 ,0.03,0.16, 19.22 , 0.02 ,0.18,0.017
180,신정락,20한P, 0.018 , 3 ,0.0,12.0, 2 , 0 ,2.0,0.0, 1.000 , 1.50 ,0.16,0.0, 0.00 , 0.01 ,0.02,0.19, 19.05 , 0.00 ,0.19,0.018
181,라이블리,20삼P, 0.018 , 2 ,21.0,112.0, 25 , 9 ,14.0,2.0, .920 , 1.85 ,0.29,0.0, 0.00 , 0.07 ,-0.18,0.19, 2.00 , 0.00 ,0.19,0.018
182,변상권,20키CF, 0.018 , 2 ,15.0,154.0, 43 , 43 ,0.0,0.0, 1.000 , 2.51 ,0.72,-0.8, 0.00 , 0.00 ,0.08,-0.0, -0.03 , 0.19 ,0.19,-0.0
183,이용찬,20두P, 0.018 , 2 ,5.0,26.2, 5 , 2 ,3.0,0.0, 1.000 , 1.69 ,0.12,0.0, 0.00 , 0.02 ,0.05,0.19, 8.38 , 0.00 ,0.19,0.018
184,최재원,20LCF, 0.017 , 1 ,0.0,8.0, 5 , 5 ,0.0,0.0, 1.000 , 5.63 ,0.33,-0.14, 0.00 , 0.00 ,0.01,0.2, 29.23 , -0.01 ,0.18,0.019
185,뷰캐넌,20삼P, 0.017 , 3 ,27.0,174.2, 33 , 7 ,25.0,1.0, .970 , 1.65 ,-0.09,0.0, 0.00 , 0.12 ,0.15,0.18, 1.22 , 0.00 ,0.18,0.017
186,윤호솔,20한P, 0.017 , 1 ,0.0,6.0, 3 , 1 ,2.0,0.0, 1.000 , 4.50 ,0.16,0.0, 0.00 , 0.00 ,0.01,0.18, 35.28 , 0.00 ,0.18,0.017
187,양창섭,20삼P, 0.017 , 1 ,0.0,6.2, 2 , 0 ,2.0,0.0, 1.000 , 2.70 ,0.16,0.0, 0.00 , 0.00 ,0.01,0.18, 31.74 , 0.00 ,0.18,0.017
188,김대우,20롯P, 0.017 , 2 ,1.0,49.1, 11 , 4 ,6.0,1.0, .909 , 1.82 ,0.38,0.0, -0.13 , 0.03 ,-0.1,0.18, 4.27 , 0.00 ,0.18,0.017
189,박진태,20KP, 0.017 , 2 ,0.0,18.2, 3 , 2 ,1.0,0.0, 1.000 , 1.45 ,0.13,0.0, 0.00 , 0.01 ,0.04,0.18, 11.27 , 0.00 ,0.18,0.017
190,김기환,20NLF, 0.016 , 1 ,0.0,5.0, 1 , 1 ,0.0,0.0, 1.000 , 1.80 ,0.17,0.03, 0.00 , 0.00 ,0.0,0.2, 48.34 , -0.03 ,0.17,0.019
191,서덕원,20KP, 0.015 , 1 ,0.0,12.2, 2 , 0 ,2.0,0.0, 1.000 , 1.42 ,0.13,0.0, 0.00 , 0.01 ,0.03,0.16, 15.10 , 0.00 ,0.16,0.015
192,김재윤,20KP, 0.015 , 2 ,0.0,60.2, 6 , 1 ,5.0,0.0, 1.000 , 0.89 ,-0.0,0.0, 0.00 , 0.04 ,0.12,0.16, 3.13 , 0.00 ,0.16,0.015
193,김강률,20두P, 0.015 , 2 ,0.0,28.0, 6 , 2 ,3.0,1.0, .833 , 1.61 ,0.28,0.0, 0.00 , 0.02 ,-0.14,0.16, 6.75 , 0.00 ,0.16,0.015
194,서균,20한P, 0.015 , 1 ,0.0,7.1, 0 , 0 ,0.0,0.0,  , 0.00 ,-0.18,0.0, 0.31 , 0.00 ,0.01,0.16, 25.60 , 0.00 ,0.16,0.015
195,김건태,20NP, 0.015 , 2 ,0.0,35.0, 2 , 0 ,2.0,0.0, 1.000 , 0.51 ,0.06,0.0, 0.00 , 0.02 ,0.07,0.16, 5.31 , 0.00 ,0.16,0.015
196,데스파이네,20KP, 0.015 , 2 ,34.0,207.2, 37 , 14 ,23.0,0.0, 1.000 , 1.60 ,-0.13,0.0, -0.13 , 0.00 ,0.42,0.15, 0.89 , 0.00 ,0.15,0.015
197,윤성환,20삼P, 0.014 , 2 ,5.0,18.2, 3 , 1 ,2.0,0.0, 1.000 , 1.45 ,0.1,0.0, 0.00 , 0.01 ,0.04,0.15, 9.39 , 0.00 ,0.15,0.014
198,김재열,20KP, 0.013 , 2 ,0.0,17.1, 1 , 0 ,1.0,0.0, 1.000 , 0.52 ,0.1,0.0, 0.00 , 0.01 ,0.03,0.14, 9.87 , 0.00 ,0.14,0.013
199,장원삼,20롯P, 0.013 , 2 ,4.0,34.0, 6 , 3 ,3.0,0.0, 1.000 , 1.59 ,0.05,0.0, 0.00 , 0.02 ,0.07,0.14, 4.87 , 0.00 ,0.14,0.013
200,김현준,20KP, 0.013 , 2 ,0.0,14.1, 1 , 0 ,1.0,0.0, 1.000 , 0.63 ,0.1,0.0, 0.00 , 0.01 ,0.03,0.13, 11.27 , 0.00 ,0.13,0.013
201,이상민,20삼P, 0.013 , 1 ,1.0,14.0, 7 , 4 ,3.0,0.0, 1.000 , 4.50 ,0.1,0.0, 0.00 , 0.01 ,0.03,0.13, 11.47 , 0.00 ,0.13,0.013
202,김강현,20롯C, 0.013 , 1 ,0.0,9.0, 6 , 6 ,0.0,0.0, 1.000 , 6.00 ,0.0,0.0, 0.00 , 0.04 ,0.01,0.05, 6.79 , 0.08 ,0.13,0.005
203,권희동,20NRF, 0.013 , 4 ,88.0,784.1, 192 , 181 ,9.0,2.0, .990 , 2.18 ,0.8,3.5, 0.00 , 0.00 ,0.06,4.36, 6.65 , -4.22 ,0.13,0.41
204,이상규,20LP, 0.012 , 3 ,0.0,31.0, 3 , 0 ,3.0,0.0, 1.000 , 0.87 ,0.05,0.0, 0.00 , 0.02 ,0.06,0.13, 5.04 , 0.00 ,0.13,0.012
205,강동호,20롯P, 0.012 , 2 ,0.0,11.0, 1 , 0 ,1.0,0.0, 1.000 , 0.82 ,0.1,0.0, 0.00 , 0.01 ,0.02,0.13, 13.73 , 0.00 ,0.13,0.012
206,문선재,20KLF, 0.012 , 1 ,0.0,25.0, 4 , 4 ,0.0,0.0, 1.000 , 1.44 ,0.12,0.07, 0.00 , 0.00 ,0.01,0.2, 9.77 , -0.08 ,0.12,0.019
207,남호,20LP, 0.011 , 1 ,3.0,18.1, 1 , 0 ,1.0,0.0, 1.000 , 0.49 ,0.06,0.0, 0.00 , 0.01 ,0.04,0.11, 7.36 , 0.00 ,0.11,0.011
208,정인욱,20삼P, 0.010 , 1 ,0.0,5.1, 1 , 0 ,1.0,0.0, 1.000 , 1.69 ,0.1,0.0, 0.00 , 0.00 ,0.01,0.11, 24.93 , 0.00 ,0.11,0.01
209,황인준,20KP, 0.010 , 1 ,0.0,4.0, 2 , 1 ,1.0,0.0, 1.000 , 4.50 ,0.1,0.0, 0.00 , 0.00 ,0.01,0.11, 32.18 , 0.00 ,0.11,0.01
210,윤규진,20한P, 0.010 , 2 ,0.0,3.2, 2 , 1 ,1.0,0.0, 1.000 , 4.91 ,0.1,0.0, 0.00 , 0.00 ,0.01,0.11, 34.82 , 0.00 ,0.11,0.01
211,루친스키,20NP, 0.009 , 2 ,30.0,183.0, 36 , 13 ,20.0,3.0, .917 , 1.62 ,0.21,0.0, 0.00 , 0.12 ,-0.23,0.1, 0.65 , 0.00 ,0.1,0.009
212,권휘,20두P, 0.009 , 1 ,0.0,13.2, 1 , 0 ,1.0,0.0, 1.000 , 0.66 ,0.06,0.0, 0.00 , 0.01 ,0.03,0.1, 8.62 , 0.00 ,0.1,0.009
213,지시완,20롯C, 0.009 , 1 ,3.0,19.1, 25 , 21 ,4.0,0.0, 1.000 , 11.64 ,0.14,0.0, -0.13 , -0.12 ,0.03,-0.08, -5.15 , 0.18 ,0.09,-0.008
214,문승원,20SP, 0.009 , 3 ,25.0,145.2, 23 , 4 ,16.0,3.0, .870 , 1.24 ,0.31,0.0, 0.00 , 0.10 ,-0.31,0.09, 0.77 , 0.00 ,0.09,0.009
215,최영환,20롯P, 0.009 , 2 ,1.0,10.0, 1 , 0 ,1.0,0.0, 1.000 , 0.90 ,0.06,0.0, 0.00 , 0.01 ,0.02,0.09, 10.84 , 0.00 ,0.09,0.009
216,이정용,20LP, 0.009 , 1 ,0.0,34.0, 0 , 0 ,0.0,0.0,  , 0.00 ,-0.0,0.0, 0.00 , 0.02 ,0.07,0.09, 3.18 , 0.00 ,0.09,0.009
217,이형범,20두P, 0.008 , 2 ,0.0,25.2, 6 , 2 ,3.0,1.0, .833 , 1.75 ,0.22,0.0, 0.00 , 0.02 ,-0.15,0.09, 4.17 , 0.00 ,0.09,0.008
218,이민호,20LP, 0.008 , 2 ,16.0,97.2, 16 , 6 ,10.0,0.0, 1.000 , 1.47 ,-0.17,0.0, 0.00 , 0.06 ,0.2,0.09, 1.09 , 0.00 ,0.09,0.008
219,박정수,20KNP, 0.008 , 1 ,3.0,33.0, 7 , 3 ,4.0,0.0, 1.000 , 1.91 ,-0.0,0.0, 0.00 , 0.02 ,0.07,0.09, 3.18 , 0.00 ,0.09,0.008
220,함덕주,20두P, 0.008 , 2 ,6.0,55.1, 6 , 2 ,4.0,0.0, 1.000 , 0.98 ,0.21,0.0, 0.00 , -0.23 ,0.11,0.09, 1.86 , 0.00 ,0.09,0.008
221,김동혁,20키P, 0.008 , 1 ,0.0,8.2, 2 , 1 ,1.0,0.0, 1.000 , 2.08 ,0.06,0.0, 0.00 , 0.01 ,0.02,0.09, 11.77 , 0.00 ,0.09,0.008
222,서동민,20SP, 0.008 , 1 ,0.0,8.1, 1 , 0 ,1.0,0.0, 1.000 , 1.08 ,0.06,0.0, 0.00 , 0.01 ,0.02,0.08, 12.11 , 0.00 ,0.08,0.008
223,김영환,20KK2B, 0.008 , 1 ,1.0,17.0, 7 , 2 ,5.0,0.0, 1.000 , 3.71 ,-0.0,0.0, 0.00 , 0.00 ,0.05,0.05, 3.59 , 0.03 ,0.08,0.005
224,한승혁,20롯P, 0.008 , 1 ,0.0,7.0, 3 , 2 ,1.0,0.0, 1.000 , 3.86 ,0.06,0.0, 0.00 , 0.00 ,0.01,0.08, 13.81 , 0.00 ,0.08,0.008
225,이강준,20KP, 0.007 , 2 ,0.0,5.2, 1 , 0 ,1.0,0.0, 1.000 , 1.59 ,0.06,0.0, 0.00 , 0.00 ,0.01,0.08, 16.70 , 0.00 ,0.08,0.007
226,김동한,20롯3B, 0.007 , 2 ,9.0,154.1, 60 , 19 ,38.0,3.0, .950 , 3.32 ,0.06,-0.09, 0.00 , 0.00 ,-0.17,-0.19, -1.50 , 0.27 ,0.08,-0.018
227,양지율,20키P, 0.007 , 1 ,0.0,23.1, 3 , 0 ,3.0,0.0, 1.000 , 1.16 ,0.02,0.0, 0.00 , 0.02 ,0.05,0.08, 3.96 , 0.00 ,0.08,0.007
228,러셀,20키2B, 0.007 , 1 ,56.0,494.1, 297 , 106 ,179.0,12.0, .960 , 5.19 ,-0.39,0.0, 0.00 , 0.00 ,-1.12,-1.51, -3.66 , 1.58 ,0.07,-0.143
229,김태훈,20키P, 0.007 , 3 ,2.0,64.0, 17 , 2 ,14.0,1.0, .941 , 2.25 ,0.24,0.0, 0.00 , -0.09 ,-0.07,0.07, 1.39 , 0.00 ,0.07,0.007
230,이주엽,20두P, 0.007 , 1 ,0.0,3.1, 1 , 0 ,1.0,0.0, 1.000 , 2.70 ,0.06,0.0, 0.00 , 0.00 ,0.01,0.07, 25.50 , 0.00 ,0.07,0.007
231,류진욱,20NP, 0.007 , 2 ,0.0,3.0, 1 , 0 ,1.0,0.0, 1.000 , 3.00 ,0.06,0.0, 0.00 , 0.00 ,0.01,0.07, 27.99 , 0.00 ,0.07,0.007
232,양선률,20SP, 0.006 , 1 ,0.0,1.0, 1 , 0 ,1.0,0.0, 1.000 , 9.00 ,0.06,0.0, 0.00 , 0.00 ,0.0,0.07, 79.78 , 0.00 ,0.07,0.006
,홍원표,20삼P, 0.006 , 1 ,0.0,1.0, 1 , 0 ,1.0,0.0, 1.000 , 9.00 ,0.06,0.0, 0.00 , 0.00 ,0.0,0.07, 79.78 , 0.00 ,0.07,0.006
234,한승주,20한P, 0.006 , 1 ,1.0,1.2, 1 , 0 ,1.0,0.0, 1.000 , 5.40 ,0.06,0.0, 0.00 , 0.00 ,0.0,0.07, 47.83 , 0.00 ,0.07,0.006
235,최지광,20삼P, 0.006 , 2 ,0.0,44.1, 9 , 3 ,5.0,1.0, .889 , 1.62 ,0.27,0.0, 0.00 , -0.10 ,-0.11,0.06, 1.58 , 0.00 ,0.06,0.006
236,송윤준,20한P, 0.005 , 2 ,0.0,23.0, 4 , 2 ,2.0,0.0, 1.000 , 1.57 ,0.13,0.0, 0.00 , -0.12 ,0.05,0.05, 2.77 , 0.00 ,0.05,0.005
237,이정훈,20KC, 0.004 , 1 ,0.0,3.0, 2 , 2 ,0.0,0.0, 1.000 , 6.00 ,0.0,0.0, 0.00 , 0.01 ,0.0,0.02, 6.79 , 0.03 ,0.04,0.002
238,양우현,20삼2B, 0.004 , 1 ,7.0,55.0, 29 , 9 ,17.0,3.0, .897 , 4.26 ,0.41,0.0, 0.00 , 0.00 ,-0.46,-0.06, -1.20 , 0.10 ,0.04,-0.005
239,정수민,20SP, 0.004 , 1 ,3.0,15.2, 0 , 0 ,0.0,0.0,  , 0.00 ,-0.0,0.0, 0.00 , 0.01 ,0.03,0.04, 3.18 , 0.00 ,0.04,0.004
240,오명진,20두2B, 0.004 , 1 ,0.0,4.0, 2 , 1 ,1.0,0.0, 1.000 , 4.50 ,0.02,0.0, 0.00 , 0.00 ,0.01,0.03, 9.84 , 0.01 ,0.04,0.003
241,문성현,20키P, 0.004 , 1 ,2.0,15.0, 0 , 0 ,0.0,0.0,  , 0.00 ,-0.0,0.0, 0.00 , 0.01 ,0.03,0.04, 3.18 , 0.00 ,0.04,0.004
242,이상화,20KP, 0.004 , 3 ,0.0,15.0, 2 , 2 ,0.0,0.0, 1.000 , 1.20 ,-0.0,0.0, 0.00 , 0.01 ,0.03,0.04, 3.18 , 0.00 ,0.04,0.004
243,허관회,20한C, 0.004 , 1 ,1.0,7.0, 10 , 10 ,0.0,0.0, 1.000 , 12.86 ,0.0,0.0, -0.06 , 0.03 ,0.01,-0.03, -4.30 , 0.06 ,0.04,-0.002
244,문상인,20KC, 0.003 , 1 ,0.0,7.0, 2 , 2 ,0.0,0.0, 1.000 , 2.57 ,0.0,0.0, 0.00 , -0.04 ,0.01,-0.03, -4.49 , 0.06 ,0.04,-0.003
245,김용의,20L1B, 0.003 , 3 ,5.0,215.0, 209 , 177 ,32.0,0.0, 1.000 , 8.75 ,1.58,-0.23, 0.00 , 0.00 ,0.35,1.7, 9.49 , -1.67 ,0.03,0.161
246,현원회,20SC, 0.003 , 1 ,0.0,2.0, 3 , 3 ,0.0,0.0, 1.000 , 13.50 ,0.0,0.0, 0.00 , 0.01 ,0.0,0.01, 6.79 , 0.02 ,0.03,0.001
247,김병휘,20키2B, 0.003 , 1 ,0.0,1.0, 1 , 0 ,1.0,0.0, 1.000 , 9.00 ,0.02,0.0, 0.00 , 0.00 ,0.0,0.03, 31.22 , 0.00 ,0.03,0.002
248,김진호,20NP, 0.003 , 1 ,3.0,10.1, 0 , 0 ,0.0,0.0,  , 0.00 ,-0.0,0.0, 0.00 , 0.01 ,0.02,0.03, 3.18 , 0.00 ,0.03,0.003
249,차우찬,20LP, 0.002 , 3 ,13.0,64.0, 9 , 0 ,8.0,1.0, .889 , 1.13 ,0.05,0.0, 0.00 , 0.04 ,-0.07,0.02, 0.46 , 0.00 ,0.02,0.002
250,류희운,20KP, 0.002 , 2 ,0.0,8.1, 0 , 0 ,0.0,0.0,  , 0.00 ,-0.0,0.0, 0.00 , 0.01 ,0.02,0.02, 3.18 , 0.00 ,0.02,0.002
251,이창재,20KP, 0.002 , 1 ,0.0,8.0, 2 , 1 ,1.0,0.0, 1.000 , 2.25 ,-0.0,0.0, 0.00 , 0.01 ,0.02,0.02, 3.18 , 0.00 ,0.02,0.002
252,장웅정,20한P, 0.002 , 1 ,2.0,7.2, 1 , 1 ,0.0,0.0, 1.000 , 1.17 ,-0.0,0.0, 0.00 , 0.01 ,0.02,0.02, 3.18 , 0.00 ,0.02,0.002
253,김기탁,20한P, 0.002 , 1 ,0.0,7.0, 1 , 1 ,0.0,0.0, 1.000 , 1.29 ,-0.0,0.0, 0.00 , 0.00 ,0.01,0.02, 3.18 , 0.00 ,0.02,0.002
254,장필준,20삼P, 0.002 , 2 ,2.0,36.0, 3 , 1 ,2.0,0.0, 1.000 , 0.75 ,-0.08,0.0, 0.00 , 0.02 ,0.07,0.02, 0.58 , 0.00 ,0.02,0.002
255,이상동,20KP, 0.002 , 1 ,0.0,6.0, 0 , 0 ,0.0,0.0,  , 0.00 ,-0.0,0.0, 0.00 , 0.00 ,0.01,0.02, 3.18 , 0.00 ,0.02,0.002
256,조제영,20두P, 0.002 , 2 ,1.0,6.0, 0 , 0 ,0.0,0.0,  , 0.00 ,-0.0,0.0, 0.00 , 0.00 ,0.01,0.02, 3.18 , 0.00 ,0.02,0.002
257,장원준,20두P, 0.001 , 1 ,2.0,5.2, 0 , 0 ,0.0,0.0,  , 0.00 ,-0.0,0.0, 0.00 , 0.00 ,0.01,0.02, 3.18 , 0.00 ,0.02,0.001
258,문대원,20두P, 0.001 , 2 ,0.0,5.2, 1 , 1 ,0.0,0.0, 1.000 , 1.59 ,-0.0,0.0, 0.00 , 0.00 ,0.01,0.02, 3.18 , 0.00 ,0.02,0.001
259,이우찬,20LP, 0.001 , 1 ,1.0,4.2, 0 , 0 ,0.0,0.0,  , 0.00 ,-0.0,0.0, 0.00 , 0.00 ,0.01,0.01, 3.18 , 0.00 ,0.01,0.001
,류원석,20LP, 0.001 , 2 ,1.0,4.2, 2 , 2 ,0.0,0.0, 1.000 , 3.86 ,-0.0,0.0, 0.00 , 0.00 ,0.01,0.01, 3.18 , 0.00 ,0.01,0.001
261,성재헌,20LP, 0.001 , 1 ,0.0,4.1, 1 , 1 ,0.0,0.0, 1.000 , 2.08 ,-0.0,0.0, 0.00 , 0.00 ,0.01,0.01, 3.18 , 0.00 ,0.01,0.001
262,이교훈,20두P, 0.001 , 1 ,0.0,4.1, 0 , 0 ,0.0,0.0,  , 0.00 ,-0.0,0.0, 0.00 , 0.00 ,0.01,0.01, 3.18 , 0.00 ,0.01,0.001
263,문광은,20LP, 0.001 , 2 ,0.0,4.0, 1 , 1 ,0.0,0.0, 1.000 , 2.25 ,-0.0,0.0, 0.00 , 0.00 ,0.01,0.01, 3.18 , 0.00 ,0.01,0.001
264,김지용,20LP, 0.001 , 1 ,0.0,3.2, 0 , 0 ,0.0,0.0,  , 0.00 ,-0.0,0.0, 0.00 , 0.00 ,0.01,0.01, 3.18 , 0.00 ,0.01,0.001
265,박승주,20키P, 0.001 , 1 ,0.0,3.2, 1 , 1 ,0.0,0.0, 1.000 , 2.46 ,-0.0,0.0, 0.00 , 0.00 ,0.01,0.01, 3.18 , 0.00 ,0.01,0.001
266,박신지,20두P, 0.001 , 1 ,0.0,3.0, 0 , 0 ,0.0,0.0,  , 0.00 ,-0.0,0.0, 0.00 , 0.00 ,0.01,0.01, 3.18 , 0.00 ,0.01,0.001
267,최세창,20두P, 0.001 , 1 ,0.0,3.0, 0 , 0 ,0.0,0.0,  , 0.00 ,-0.0,0.0, 0.00 , 0.00 ,0.01,0.01, 3.18 , 0.00 ,0.01,0.001
268,윤희상,20SP, 0.001 , 1 ,1.0,3.0, 0 , 0 ,0.0,0.0,  , 0.00 ,-0.0,0.0, 0.00 , 0.00 ,0.01,0.01, 3.18 , 0.00 ,0.01,0.001
269,김성훈,20KP, 0.001 , 1 ,0.0,3.0, 0 , 0 ,0.0,0.0,  , 0.00 ,-0.0,0.0, 0.00 , 0.00 ,0.01,0.01, 3.18 , 0.00 ,0.01,0.001
270,정대현,20키P, 0.001 , 1 ,1.0,2.2, 0 , 0 ,0.0,0.0,  , 0.00 ,-0.0,0.0, 0.00 , 0.00 ,0.01,0.01, 3.18 , 0.00 ,0.01,0.001
271,문경찬,20KNP, 0.001 , 2 ,0.0,52.0, 2 , 0 ,2.0,0.0, 1.000 , 0.35 ,-0.0,0.0, -0.13 , 0.03 ,0.1,0.01, 0.15 , 0.00 ,0.01,0.001
272,김대유,20LP, 0.001 , 2 ,0.0,2.1, 0 , 0 ,0.0,0.0,  , 0.00 ,-0.0,0.0, 0.00 , 0.00 ,0.0,0.01, 3.18 , 0.00 ,0.01,0.001
,금민철,20KP, 0.001 , 1 ,0.0,2.1, 0 , 0 ,0.0,0.0,  , 0.00 ,-0.0,0.0, 0.00 , 0.00 ,0.0,0.01, 3.18 , 0.00 ,0.01,0.001
274,이선우,20KP, 0.001 , 1 ,0.0,2.0, 0 , 0 ,0.0,0.0,  , 0.00 ,-0.0,0.0, 0.00 , 0.00 ,0.0,0.01, 3.18 , 0.00 ,0.01,0.001
275,김찬호,20SP, 0.001 , 1 ,0.0,2.0, 0 , 0 ,0.0,0.0,  , 0.00 ,-0.0,0.0, 0.00 , 0.00 ,0.0,0.01, 3.18 , 0.00 ,0.01,0.001
,박주성,20키P, 0.001 , 1 ,0.0,2.0, 0 , 0 ,0.0,0.0,  , 0.00 ,-0.0,0.0, 0.00 , 0.00 ,0.0,0.01, 3.18 , 0.00 ,0.01,0.001
277,정태승,20롯P, 0.000 , 1 ,0.0,1.2, 0 , 0 ,0.0,0.0,  , 0.00 ,-0.0,0.0, 0.00 , 0.00 ,0.0,0.0, 3.18 , 0.00 ,0.0,0.0
278,정용운,20LP, 0.000 , 1 ,0.0,1.2, 0 , 0 ,0.0,0.0,  , 0.00 ,-0.0,0.0, 0.00 , 0.00 ,0.0,0.0, 3.18 , 0.00 ,0.0,0.0
279,김주온,20SP, 0.000 , 2 ,0.0,31.0, 2 , 1 ,1.0,0.0, 1.000 , 0.58 ,-0.08,0.0, 0.00 , 0.02 ,0.06,0.0, 0.17 , 0.00 ,0.0,0.0
280,유원상,20KP, 0.000 , 3 ,0.0,64.0, 9 , 4 ,5.0,0.0, 1.000 , 1.27 ,-0.04,0.0, -0.13 , 0.04 ,0.13,0.0, 0.07 , 0.00 ,0.0,0.0
281,황동재,20삼P, 0.000 , 1 ,0.0,1.1, 0 , 0 ,0.0,0.0,  , 0.00 ,-0.0,0.0, 0.00 , 0.00 ,0.0,0.0, 3.18 , 0.00 ,0.0,0.0
282,백청훈,20LP, 0.000 , 1 ,0.0,1.1, 0 , 0 ,0.0,0.0,  , 0.00 ,-0.0,0.0, 0.00 , 0.00 ,0.0,0.0, 3.18 , 0.00 ,0.0,0.0
283,차재용,20키P, 0.000 , 1 ,0.0,1.0, 0 , 0 ,0.0,0.0,  , 0.00 ,-0.0,0.0, 0.00 , 0.00 ,0.0,0.0, 3.18 , 0.00 ,0.0,0.0
,김승범,20KP, 0.000 , 1 ,0.0,1.0, 0 , 0 ,0.0,0.0,  , 0.00 ,-0.0,0.0, 0.00 , 0.00 ,0.0,0.0, 3.18 , 0.00 ,0.0,0.0
,안인산,20NP, 0.000 , 1 ,0.0,1.0, 1 , 1 ,0.0,0.0, 1.000 , 9.00 ,-0.0,0.0, 0.00 , 0.00 ,0.0,0.0, 3.18 , 0.00 ,0.0,0.0
,김태경,20NP, 0.000 , 1 ,0.0,1.0, 0 , 0 ,0.0,0.0,  , 0.00 ,-0.0,0.0, 0.00 , 0.00 ,0.0,0.0, 3.18 , 0.00 ,0.0,0.0
,한선태,20LP, 0.000 , 1 ,0.0,1.0, 0 , 0 ,0.0,0.0,  , 0.00 ,-0.0,0.0, 0.00 , 0.00 ,0.0,0.0, 3.18 , 0.00 ,0.0,0.0
288,김민규,20두P, 0.000 , 2 ,4.0,53.1, 5 , 3 ,2.0,0.0, 1.000 , 0.84 ,0.13,0.0, -0.13 , -0.10 ,0.11,0.0, 0.05 , 0.00 ,0.0,0.0
289,윤강민,20SP, 0.000 , 1 ,0.0,0.2, 0 , 0 ,0.0,0.0,  , 0.00 ,-0.0,0.0, 0.00 , 0.00 ,0.0,0.0, 3.18 , 0.00 ,0.0,0.0
290,이재익,20삼P, 0.000 , 1 ,0.0,0.2, 0 , 0 ,0.0,0.0,  , 0.00 ,-0.0,0.0, 0.00 , 0.00 ,0.0,0.0, 3.18 , 0.00 ,0.0,0.0
291,오태곤,20KLF, 0.000 , 0 ,0.0,1.0, 0 , 0 ,0.0,0.0,  , 0.00 ,0.0,-0.0, 0.00 , 0.00 ,0.0,-0.0, -0.63 , 0.00 ,0.0,-0.0
292,박시원,20NCF, 0.000 , 1 ,0.0,1.0, 0 , 0 ,0.0,0.0,  , 0.00 ,0.0,-0.0, 0.00 , 0.00 ,0.0,-0.0, -0.63 , 0.00 ,0.0,-0.0
293,구승민,20롯P, 0.000 , 2 ,0.0,60.1, 4 , 2 ,2.0,0.0, 1.000 , 0.60 ,-0.16,0.0, 0.00 , 0.04 ,0.12,0.0, 0.02 , 0.00 ,0.0,0.0
294,차명진,20KP, 0.000 , 1 ,0.0,0.1, 0 , 0 ,0.0,0.0,  , 0.00 ,-0.0,0.0, 0.00 , 0.00 ,0.0,0.0, 3.18 , 0.00 ,0.0,0.0
,배창현,20두P, 0.000 , 1 ,0.0,0.1, 0 , 0 ,0.0,0.0,  , 0.00 ,-0.0,0.0, 0.00 , 0.00 ,0.0,0.0, 3.18 , 0.00 ,0.0,0.0
,박관진,20키P, 0.000 , 1 ,0.0,0.1, 0 , 0 ,0.0,0.0,  , 0.00 ,-0.0,0.0, 0.00 , 0.00 ,0.0,0.0, 3.18 , 0.00 ,0.0,0.0
,박세진,20KP, 0.000 , 1 ,0.0,0.1, 0 , 0 ,0.0,0.0,  , 0.00 ,-0.0,0.0, 0.00 , 0.00 ,0.0,0.0, 3.18 , 0.00 ,0.0,0.0
298,임형원,20NP, 0.000 , 1 ,0.0,0.0, 0 , 0 ,0.0,0.0,  ,  ,0.0,0.0, 0.00 , 0.00 ,0.0,0.0,  , 0.00 ,0.0,0.0
,한승지,20KP, 0.000 , 1 ,0.0,0.0, 0 , 0 ,0.0,0.0,  ,  ,0.0,0.0, 0.00 , 0.00 ,0.0,0.0,  , 0.00 ,0.0,0.0
300,임지열,20키RF, -0.000 , 1 ,0.0,1.0, 0 , 0 ,0.0,0.0,  , 0.00 ,-0.0,0.0, 0.00 , 0.00 ,0.0,0.0, 0.29 , -0.01 ,-0.01,0.0
301,김태훈,20KLF, -0.001 , 1 ,0.0,2.0, 0 , 0 ,0.0,0.0,  , 0.00 ,0.0,0.0, 0.00 , 0.00 ,0.0,0.0, 2.44 , -0.01 ,-0.01,0.0
302,임현준,20삼P, -0.001 , 3 ,0.0,25.1, 9 , 6 ,2.0,1.0, .889 , 2.84 ,0.26,0.0, -0.13 , 0.02 ,-0.15,-0.01, -0.39 , 0.00 ,-0.01,-0.001
303,강윤구,20NP, -0.002 , 2 ,0.0,21.0, 4 , 0 ,4.0,0.0, 1.000 , 1.71 ,0.19,0.0, -0.13 , -0.12 ,0.04,-0.02, -1.23 , 0.00 ,-0.02,-0.002
304,장현식,20NKP, -0.002 , 2 ,3.0,41.0, 7 , 2 ,5.0,0.0, 1.000 , 1.54 ,-0.0,0.0, 0.00 , -0.11 ,0.08,-0.03, -0.73 , 0.00 ,-0.03,-0.002
305,김정후,20키P, -0.003 , 1 ,0.0,3.0, 1 , 0 ,1.0,0.0, 1.000 , 3.00 ,0.1,0.0, -0.13 , 0.00 ,0.01,-0.03, -10.68 , 0.00 ,-0.03,-0.003
306,김도현,20한P, -0.003 , 2 ,15.0,64.2, 11 , 5 ,5.0,1.0, .909 , 1.39 ,-0.0,0.0, 0.00 , 0.04 ,-0.07,-0.03, -0.52 , 0.00 ,-0.03,-0.003
307,김재현,20키C, -0.003 , 1 ,0.0,7.0, 3 , 2 ,1.0,0.0, 1.000 , 3.86 ,0.0,0.0, -0.06 , -0.04 ,0.01,-0.09, -15.58 , 0.06 ,-0.03,-0.009
308,이거연,20S1B, -0.003 , 2 ,0.0,4.0, 3 , 3 ,0.0,0.0, 1.000 , 6.75 ,0.0,0.0, 0.00 , 0.00 ,0.01,0.01, 1.92 , -0.04 ,-0.03,0.001
309,김명신,20두P, -0.004 , 1 ,0.0,15.1, 2 , 1 ,1.0,0.0, 1.000 , 1.17 ,-0.08,0.0, 0.00 , 0.01 ,0.03,-0.04, -2.91 , 0.00 ,-0.04,-0.004
310,서예일,20두2B, -0.004 , 1 ,5.0,96.2, 43 , 13 ,27.0,3.0, .930 , 3.72 ,0.01,0.0, 0.00 , 0.00 ,-0.33,-0.32, -3.97 , 0.28 ,-0.04,-0.03
311,임준섭,20한P, -0.005 , 2 ,1.0,8.2, 1 , 0 ,1.0,0.0, 1.000 , 1.04 ,0.06,0.0, 0.00 , -0.13 ,0.02,-0.05, -6.74 , 0.00 ,-0.05,-0.005
312,채지선,20두P, -0.005 , 3 ,0.0,33.0, 7 , 5 ,2.0,0.0, 1.000 , 1.91 ,0.12,0.0, -0.13 , -0.11 ,0.07,-0.05, -1.95 , 0.00 ,-0.05,-0.005
313,유영준,20N2B, -0.005 , 1 ,0.0,10.0, 3 , 1 ,2.0,0.0, 1.000 , 2.70 ,-0.1,0.0, 0.00 , 0.00 ,0.03,-0.07, -8.55 , 0.02 ,-0.05,-0.007
314,강현우,20KC, -0.005 , 2 ,6.0,81.1, 62 , 50 ,11.0,1.0, .984 , 6.75 ,-0.04,0.0, -0.02 , -0.65 ,-0.08,-0.79, -11.67 , 0.74 ,-0.05,-0.075
315,김현민,20한2B, -0.005 , 1 ,0.0,8.0, 7 , 3 ,3.0,1.0, .857 , 6.75 ,0.11,0.0, 0.00 , 0.00 ,-0.18,-0.07, -10.43 , 0.01 ,-0.06,-0.007
316,윤수강,20NC, -0.006 , 1 ,0.0,5.0, 3 , 3 ,0.0,0.0, 1.000 , 5.40 ,0.0,0.0, 0.00 , -0.11 ,0.01,-0.11, -25.29 , 0.05 ,-0.06,-0.01
317,신성현,20두1B, -0.006 , 1 ,0.0,9.0, 6 , 6 ,0.0,0.0, 1.000 , 6.00 ,0.0,0.0, 0.00 , 0.00 ,0.01,0.01, 1.92 , -0.08 ,-0.07,0.001
318,심창민,20삼P, -0.007 , 1 ,0.0,20.1, 1 , 0 ,1.0,0.0, 1.000 , 0.44 ,0.34,0.0, -0.13 , -0.32 ,0.04,-0.07, -4.28 , 0.00 ,-0.07,-0.007
319,김선기,20키P, -0.007 , 1 ,0.0,22.0, 1 , 1 ,0.0,0.0, 1.000 , 0.41 ,-0.0,0.0, -0.13 , 0.01 ,0.04,-0.07, -3.98 , 0.00 ,-0.07,-0.007
320,허윤동,20삼P, -0.007 , 2 ,11.0,45.0, 5 , 0 ,5.0,0.0, 1.000 , 1.00 ,-0.19,0.0, 0.00 , 0.03 ,0.09,-0.07, -1.98 , 0.00 ,-0.07,-0.007
321,박지규,20L2B, -0.007 , 1 ,0.0,4.0, 5 , 3 ,2.0,0.0, 1.000 , 11.25 ,-0.09,0.0, 0.00 , 0.00 ,0.01,-0.08, -24.49 , 0.01 ,-0.07,-0.008
322,최정원,20N2B, -0.008 , 2 ,6.0,100.0, 43 , 22 ,19.0,2.0, .954 , 3.69 ,0.02,0.03, 0.00 , 0.00 ,-0.2,-0.16, -1.86 , 0.07 ,-0.08,-0.015
323,스트레일리,20롯DH, -0.008 , 2 ,31.0,194.2, 30 , 13 ,14.0,3.0, .900 , 1.25 ,-0.0,0.0, 0.00 , 0.13 ,-0.21,-0.08, -0.51 , 0.00 ,-0.08,-0.008
324,정영일,20SP, -0.008 , 2 ,0.0,23.1, 2 , 0 ,2.0,0.0, 1.000 , 0.77 ,-0.01,0.0, -0.13 , 0.02 ,0.05,-0.08, -4.29 , 0.00 ,-0.08,-0.008
325,핀토,20SP, -0.008 , 2 ,30.0,162.0, 33 , 11 ,22.0,0.0, 1.000 , 1.83 ,-0.52,0.0, 0.00 , 0.11 ,0.32,-0.09, -0.63 , 0.00 ,-0.09,-0.008
326,박상원,20한P, -0.008 , 2 ,0.0,58.0, 13 , 5 ,7.0,1.0, .923 , 1.86 ,0.09,0.0, -0.13 , 0.04 ,-0.08,-0.09, -1.82 , 0.00 ,-0.09,-0.008
327,김재현,20SLF, -0.009 , 2 ,4.0,36.1, 10 , 10 ,0.0,0.0, 1.000 , 2.48 ,0.3,-0.23, 0.00 , 0.00 ,0.02,0.1, 3.30 , -0.19 ,-0.09,0.01
328,백승민,20삼1B, -0.010 , 1 ,3.0,23.0, 29 , 26 ,3.0,0.0, 1.000 , 11.35 ,0.07,0.0, 0.00 , 0.00 ,0.04,0.11, 5.53 , -0.21 ,-0.1,0.01
329,이승민,20두C, -0.010 , 1 ,0.0,2.0, 3 , 2 ,1.0,0.0, 1.000 , 13.50 ,0.0,0.0, 0.00 , -0.12 ,0.0,-0.12, -72.21 , 0.02 ,-0.1,-0.011
330,윤명준,20두P, -0.010 , 2 ,0.0,40.0, 5 , 0 ,5.0,0.0, 1.000 , 1.13 ,-0.21,0.0, 0.00 , 0.03 ,0.08,-0.1, -3.10 , 0.00 ,-0.1,-0.01
331,신용수,20롯RF, -0.010 , 1 ,2.0,17.1, 2 , 2 ,0.0,0.0, 1.000 , 1.04 ,-0.11,0.09, 0.00 , 0.00 ,0.01,-0.01, -0.84 , -0.09 ,-0.11,-0.001
332,안우진,20키P, -0.010 , 2 ,0.0,36.0, 4 , 2 ,1.0,1.0, .750 , 0.75 ,-0.0,0.0, 0.00 , 0.02 ,-0.13,-0.1, -3.47 , 0.00 ,-0.1,-0.01
333,김성윤,20삼LF, -0.010 , 1 ,1.0,19.1, 4 , 4 ,0.0,0.0, 1.000 , 1.86 ,0.15,-0.2, 0.00 , 0.00 ,0.01,-0.04, -2.37 , -0.07 ,-0.11,-0.004
334,류지혁,20두K3B, -0.010 , 0 ,8.0,61.0, 25 , 5 ,18.0,2.0, .920 , 3.39 ,-0.0,0.0, 0.00 , 0.00 ,-0.22,-0.22, -4.38 , 0.11 ,-0.11,-0.021
335,김대우,20삼P, -0.011 , 2 ,9.0,77.2, 13 , 2 ,9.0,2.0, .846 , 1.28 ,0.22,0.0, 0.00 , -0.08 ,-0.24,-0.11, -1.73 , 0.00 ,-0.11,-0.011
336,김건국,20롯P, -0.011 , 1 ,0.0,31.2, 7 , 5 ,1.0,1.0, .857 , 1.71 ,-0.0,0.0, 0.00 , 0.02 ,-0.14,-0.12, -4.38 , 0.00 ,-0.12,-0.011
337,이재학,20NP, -0.011 , 2 ,19.0,90.2, 14 , 5 ,8.0,1.0, .929 , 1.29 ,-0.16,0.0, 0.00 , 0.06 ,-0.02,-0.12, -1.59 , 0.00 ,-0.12,-0.011
338,송은범,20LP, -0.011 , 3 ,1.0,56.0, 7 , 2 ,5.0,0.0, 1.000 , 1.13 ,-0.14,0.0, -0.13 , 0.04 ,0.11,-0.12, -2.60 , 0.00 ,-0.12,-0.011
339,이택근,20키LF, -0.012 , 2 ,8.0,54.0, 10 , 10 ,0.0,0.0, 1.000 , 1.67 ,0.22,-0.08, 0.00 , 0.00 ,0.03,0.17, 3.67 , -0.29 ,-0.13,0.016
340,김태현,20NP, -0.012 , 1 ,0.0,1.1, 0 , 0 ,0.0,0.0,  , 0.00 ,-0.0,0.0, 0.00 , -0.13 ,0.0,-0.13, -117.12 , 0.00 ,-0.13,-0.012
341,이동원,20두P, -0.012 , 1 ,0.0,0.0, 0 , 0 ,0.0,0.0,  ,  ,0.0,0.0, -0.13 , 0.00 ,0.0,-0.13,  , 0.00 ,-0.13,-0.012
342,김주한,20SP, -0.012 , 2 ,7.0,46.0, 8 , 0 ,8.0,0.0, 1.000 , 1.57 ,-0.12,0.0, 0.00 , -0.10 ,0.09,-0.13, -3.43 , 0.00 ,-0.13,-0.012
343,안현준,20KP, -0.013 , 1 ,0.0,0.1, 0 , 0 ,0.0,0.0,  , 0.00 ,-0.0,0.0, 0.00 , -0.13 ,0.0,-0.13, -478.01 , 0.00 ,-0.13,-0.013
344,조용호,20KLF, -0.014 , 3 ,92.0,720.1, 158 , 151 ,6.0,1.0, .994 , 1.96 ,2.77,0.79, 0.00 , 0.00 ,0.21,3.77, 6.26 , -3.91 ,-0.14,0.355
345,박민,20K3B, -0.014 , 1 ,0.0,5.0, 4 , 0 ,3.0,1.0, .750 , 5.40 ,0.03,0.0, 0.00 , 0.00 ,-0.18,-0.16, -37.26 , 0.01 ,-0.15,-0.015
346,알테어,20NCF, -0.014 , 4 ,129.0,1094.2, 331 , 326 ,3.0,2.0, .994 , 2.71 ,-1.0,-1.3, 0.00 , 0.00 ,0.13,-2.17, -2.37 , 2.02 ,-0.15,-0.202
347,이건욱,20SP, -0.014 , 2 ,25.0,122.0, 9 , 2 ,7.0,0.0, 1.000 , 0.66 ,-0.48,0.0, 0.00 , 0.08 ,0.24,-0.15, -1.48 , 0.00 ,-0.15,-0.014
348,홍건희,20K두P, -0.014 , 2 ,0.0,68.2, 13 , 3 ,9.0,1.0, .923 , 1.57 ,-0.0,0.0, 0.00 , -0.09 ,-0.06,-0.15, -2.64 , 0.00 ,-0.15,-0.014
349,이원준,20SP, -0.015 , 3 ,0.0,19.1, 2 , 0 ,2.0,0.0, 1.000 , 0.93 ,0.19,0.0, -0.13 , -0.26 ,0.04,-0.15, -9.56 , 0.00 ,-0.15,-0.015
350,김윤수,20삼P, -0.015 , 2 ,0.0,58.0, 6 , 0 ,6.0,0.0, 1.000 , 0.93 ,-0.18,0.0, 0.00 , -0.10 ,0.12,-0.15, -3.20 , 0.00 ,-0.15,-0.015
351,조병욱,20KP, -0.015 , 1 ,4.0,28.1, 7 , 2 ,5.0,0.0, 1.000 , 2.22 ,-0.23,0.0, 0.00 , 0.02 ,0.06,-0.16, -6.55 , 0.00 ,-0.16,-0.015
352,권정웅,20삼C, -0.015 , 1 ,0.0,5.2, 4 , 4 ,0.0,0.0, 1.000 , 6.35 ,-0.18,0.0, 0.00 , -0.04 ,0.01,-0.21, -44.46 , 0.05 ,-0.16,-0.02
353,홍성민,20NP, -0.015 , 1 ,0.0,26.0, 6 , 3 ,3.0,0.0, 1.000 , 2.08 ,-0.23,0.0, 0.00 , 0.02 ,0.05,-0.16, -7.34 , 0.00 ,-0.16,-0.015
354,오동욱,20한P, -0.016 , 1 ,1.0,10.0, 2 , 1 ,0.0,1.0, .500 , 0.90 ,-0.0,0.0, 0.00 , 0.01 ,-0.18,-0.17, -20.76 , 0.00 ,-0.17,-0.016
355,채드벨,20한P, -0.016 , 2 ,16.0,77.0, 15 , 5 ,10.0,0.0, 1.000 , 1.75 ,-0.38,0.0, 0.00 , 0.05 ,0.15,-0.17, -2.71 , 0.00 ,-0.17,-0.016
356,박세웅,20롯P, -0.017 , 2 ,28.0,147.1, 28 , 6 ,20.0,2.0, .929 , 1.59 ,-0.17,0.0, 0.00 , 0.10 ,-0.11,-0.18, -1.43 , 0.00 ,-0.18,-0.017
357,신재웅,20SP, -0.017 , 2 ,0.0,19.1, 4 , 0 ,4.0,0.0, 1.000 , 1.86 ,0.16,0.0, -0.39 , 0.01 ,0.04,-0.18, -11.31 , 0.00 ,-0.18,-0.017
358,이태양,20한SP, -0.017 , 3 ,0.0,56.0, 6 , 2 ,4.0,0.0, 1.000 , 0.96 ,-0.0,0.0, -0.13 , -0.16 ,0.11,-0.18, -3.91 , 0.00 ,-0.18,-0.017
359,이승헌,20롯P, -0.017 , 2 ,8.0,36.2, 8 , 0 ,7.0,1.0, .875 , 1.72 ,-0.08,0.0, 0.00 , 0.02 ,-0.13,-0.18, -5.98 , 0.00 ,-0.18,-0.017
360,손정욱,20NP, -0.017 , 1 ,0.0,12.0, 3 , 0 ,2.0,1.0, .667 , 1.50 ,-0.02,0.0, 0.00 , 0.01 ,-0.18,-0.18, -18.35 , 0.00 ,-0.18,-0.017
361,유희관,20두P, -0.018 , 3 ,27.0,136.1, 21 , 4 ,15.0,2.0, .905 , 1.25 ,-0.15,0.0, 0.00 , 0.09 ,-0.13,-0.19, -1.64 , 0.00 ,-0.19,-0.018
362,장시환,20한P, -0.018 , 2 ,26.0,132.2, 25 , 5 ,19.0,1.0, .960 , 1.63 ,-0.34,0.0, 0.00 , 0.09 ,0.07,-0.19, -1.69 , 0.00 ,-0.19,-0.018
363,김주형,20키3B, -0.018 , 3 ,9.0,116.0, 45 , 13 ,29.0,3.0, .933 , 3.26 ,-0.21,0.0, 0.00 , 0.00 ,-0.27,-0.47, -4.89 , 0.28 ,-0.19,-0.045
364,이찬혁,20LP, -0.018 , 1 ,0.0,3.1, 1 , 0 ,0.0,1.0, .000 , 0.00 ,-0.0,0.0, 0.00 , 0.00 ,-0.19,-0.19, -68.64 , 0.00 ,-0.19,-0.018
365,박지훈,20두1B, -0.019 , 1 ,0.0,8.0, 9 , 8 ,1.0,0.0, 1.000 , 10.13 ,-0.18,0.0, 0.00 , 0.00 ,0.02,-0.16, -24.64 , -0.04 ,-0.2,-0.015
366,배재환,20NP, -0.020 , 3 ,0.0,43.0, 8 , 4 ,4.0,0.0, 1.000 , 1.67 ,0.08,0.0, -0.13 , -0.24 ,0.09,-0.21, -5.79 , 0.00 ,-0.21,-0.02
367,하재훈,20SP, -0.020 , 2 ,0.0,13.0, 4 , 1 ,3.0,0.0, 1.000 , 2.77 ,0.02,0.0, -0.26 , 0.01 ,0.03,-0.21, -19.33 , 0.00 ,-0.21,-0.02
368,샘슨,20롯P, -0.020 , 2 ,25.0,130.0, 38 , 4 ,29.0,5.0, .868 , 2.29 ,0.44,0.0, 0.00 , 0.09 ,-0.74,-0.21, -1.94 , 0.00 ,-0.21,-0.02
369,고장혁,20K3B, -0.021 , 1 ,3.0,30.0, 14 , 4 ,10.0,0.0, 1.000 , 4.20 ,-0.37,0.0, 0.00 , 0.00 ,0.09,-0.28, -11.11 , 0.05 ,-0.22,-0.027
370,박준표,20KP, -0.021 , 3 ,0.0,51.2, 11 , 6 ,4.0,1.0, .909 , 1.74 ,-0.16,0.0, 0.00 , 0.03 ,-0.1,-0.23, -5.27 , 0.00 ,-0.23,-0.021
371,박준혁,20KRF, -0.023 , 1 ,0.0,12.0, 3 , 3 ,0.0,0.0, 1.000 , 2.25 ,0.05,-0.24, 0.00 , 0.00 ,0.01,-0.18, -18.16 , -0.07 ,-0.25,-0.017
372,이도윤,20한2B, -0.024 , 1 ,6.0,66.0, 25 , 8 ,17.0,0.0, 1.000 , 3.41 ,-0.64,0.0, 0.00 , 0.00 ,0.17,-0.47, -8.50 , 0.22 ,-0.25,-0.044
373,박명현,20롯P, -0.024 , 1 ,0.0,0.2, 0 , 0 ,0.0,0.0,  , 0.00 ,-0.0,0.0, -0.26 , 0.00 ,0.0,-0.26, -469.54 , 0.00 ,-0.26,-0.024
374,정주후,20K2B, -0.025 , 1 ,0.0,7.0, 3 , 2 ,0.0,1.0, .667 , 2.57 ,-0.09,0.0, 0.00 , 0.00 ,-0.18,-0.28, -47.03 , 0.01 ,-0.26,-0.026
375,전민수,20LRF, -0.025 , 1 ,1.0,8.0, 2 , 1 ,0.0,1.0, .500 , 1.13 ,-0.09,0.06, 0.00 , 0.00 ,-0.2,-0.22, -32.66 , -0.04 ,-0.26,-0.021
376,장민재,20한P, -0.025 , 2 ,10.0,57.1, 13 , 4 ,6.0,3.0, .769 , 1.57 ,0.45,0.0, -0.13 , -0.10 ,-0.49,-0.27, -5.58 , 0.00 ,-0.27,-0.025
377,양현종,20KP, -0.025 , 2 ,31.0,172.1, 23 , 2 ,19.0,2.0, .913 , 1.10 ,-0.33,0.0, 0.00 , 0.11 ,-0.06,-0.27, -1.86 , 0.00 ,-0.27,-0.025
378,장진혁,20한RF, -0.026 , 2 ,7.0,83.0, 20 , 18 ,2.0,0.0, 1.000 , 2.17 ,-1.07,0.98, 0.00 , 0.00 ,0.05,-0.04, -0.53 , -0.23 ,-0.27,-0.004
379,김택형,20SP, -0.026 , 3 ,0.0,23.0, 2 , 0 ,2.0,0.0, 1.000 , 0.78 ,0.06,0.0, -0.13 , -0.25 ,0.05,-0.28, -14.38 , 0.00 ,-0.28,-0.026
380,플렉센,20두P, -0.026 , 2 ,21.0,116.2, 12 , 4 ,8.0,0.0, 1.000 , 0.93 ,-0.59,0.0, 0.00 , 0.08 ,0.23,-0.28, -2.85 , 0.00 ,-0.28,-0.026
381,최승준,20한1B, -0.026 , 1 ,0.0,5.0, 3 , 3 ,0.0,0.0, 1.000 , 5.40 ,-0.25,0.0, 0.00 , 0.00 ,0.01,-0.24, -57.03 , -0.05 ,-0.28,-0.022
382,김유영,20롯P, -0.027 , 1 ,0.0,7.1, 2 , 0 ,2.0,0.0, 1.000 , 2.46 ,-0.11,0.0, 0.00 , -0.20 ,0.01,-0.29, -47.58 , 0.00 ,-0.29,-0.027
383,홍상삼,20KP, -0.029 , 2 ,0.0,48.0, 5 , 1 ,4.0,0.0, 1.000 , 0.94 ,-0.31,0.0, 0.00 , -0.10 ,0.1,-0.31, -7.81 , 0.00 ,-0.31,-0.029
384,배민서,20NP, -0.030 , 1 ,0.0,13.1, 3 , 2 ,1.0,0.0, 1.000 , 2.03 ,-0.35,0.0, 0.00 , 0.01 ,0.03,-0.32, -28.67 , 0.00 ,-0.32,-0.03
385,홍정우,20삼P, -0.032 , 3 ,0.0,30.0, 3 , 1 ,2.0,0.0, 1.000 , 0.90 ,-0.29,0.0, -0.13 , 0.02 ,0.06,-0.34, -13.67 , 0.00 ,-0.34,-0.032
386,김정인,20키P, -0.032 , 1 ,0.0,1.0, 0 , 0 ,0.0,0.0,  , 0.00 ,-0.35,0.0, 0.00 , 0.00 ,0.0,-0.35, -415.69 , 0.00 ,-0.35,-0.032
387,김단우,20LP, -0.032 , 3 ,0.0,32.1, 8 , 2 ,5.0,1.0, .875 , 1.95 ,-0.1,0.0, 0.00 , -0.11 ,-0.14,-0.35, -12.77 , 0.00 ,-0.35,-0.032
388,윤정현,20키P, -0.033 , 3 ,4.0,27.1, 6 , 3 ,2.0,1.0, .833 , 1.65 ,-0.23,0.0, 0.00 , 0.02 ,-0.15,-0.35, -15.46 , 0.00 ,-0.35,-0.033
389,진해수,20LP, -0.033 , 3 ,0.0,50.0, 10 , 3 ,7.0,0.0, 1.000 , 1.80 ,-0.09,0.0, 0.00 , -0.37 ,0.1,-0.35, -8.49 , 0.00 ,-0.35,-0.033
390,김상수,20키P, -0.034 , 2 ,0.0,51.1, 8 , 3 ,4.0,1.0, .875 , 1.23 ,-0.17,0.0, -0.13 , 0.03 ,-0.1,-0.36, -8.43 , 0.00 ,-0.36,-0.034
391,김명찬,20KP, -0.036 , 2 ,0.0,8.2, 2 , 0 ,1.0,1.0, .500 , 1.04 ,0.06,0.0, 0.00 , -0.26 ,-0.18,-0.38, -52.62 , 0.00 ,-0.38,-0.036
392,이영준,20키P, -0.036 , 3 ,0.0,40.0, 7 , 3 ,4.0,0.0, 1.000 , 1.58 ,-0.23,0.0, -0.26 , 0.03 ,0.08,-0.39, -11.59 , 0.00 ,-0.39,-0.036
393,오원석,20SP, -0.037 , 1 ,1.0,9.2, 0 , 0 ,0.0,0.0,  , 0.00 ,-0.42,0.0, 0.00 , 0.01 ,0.02,-0.39, -48.45 , 0.00 ,-0.39,-0.037
394,손동현,20KP, -0.038 , 2 ,0.0,20.1, 4 , 2 ,1.0,1.0, .750 , 1.33 ,-0.26,0.0, 0.00 , 0.01 ,-0.16,-0.4, -23.66 , 0.00 ,-0.4,-0.038
395,이승헌,20NP, -0.038 , 1 ,0.0,2.0, 0 , 0 ,0.0,0.0,  , 0.00 ,-0.42,0.0, 0.00 , 0.00 ,0.0,-0.41, -246.34 , 0.00 ,-0.41,-0.038
396,박진형,20롯P, -0.039 , 2 ,0.0,42.2, 8 , 4 ,4.0,0.0, 1.000 , 1.69 ,-0.13,0.0, -0.26 , -0.11 ,0.09,-0.42, -11.66 , 0.00 ,-0.42,-0.039
397,임정호,20NP, -0.040 , 3 ,0.0,41.0, 1 , 0 ,1.0,0.0, 1.000 , 0.22 ,-0.53,0.0, 0.00 , 0.03 ,0.08,-0.42, -12.29 , 0.00 ,-0.42,-0.04
398,고우석,20LP, -0.040 , 2 ,0.0,41.2, 8 , 4 ,3.0,1.0, .875 , 1.51 ,-0.34,0.0, 0.00 , 0.03 ,-0.12,-0.43, -12.22 , 0.00 ,-0.43,-0.04
399,강동연,20NP, -0.040 , 2 ,0.0,24.0, 3 , 0 ,2.0,1.0, .667 , 0.75 ,-0.29,0.0, 0.00 , 0.02 ,-0.15,-0.43, -21.39 , 0.00 ,-0.43,-0.04
400,이상호,20N2B, -0.041 , 4 ,9.0,206.1, 130 , 96 ,33.0,1.0, .992 , 5.63 ,-0.35,0.0, 0.00 , 0.00 ,0.27,-0.08, -0.44 , -0.35 ,-0.43,-0.007
401,이승현,20삼P, -0.041 , 2 ,0.0,54.1, 7 , 3 ,4.0,0.0, 1.000 , 1.16 ,-0.45,0.0, -0.13 , 0.04 ,0.11,-0.44, -9.61 , 0.00 ,-0.44,-0.041
402,정현,20SSS, -0.042 , 3 ,32.0,358.0, 183 , 54 ,122.0,7.0, .962 , 4.43 ,-1.85,0.0, 0.00 , 0.00 ,-0.33,-2.18, -7.30 , 1.74 ,-0.44,-0.207
403,박주홍,20키LF, -0.042 , 1 ,3.0,23.0, 7 , 6 ,0.0,1.0, .857 , 2.35 ,0.3,-0.43, 0.00 , 0.00 ,-0.19,-0.32, -16.46 , -0.12 ,-0.44,-0.03
404,양성우,20한LF, -0.042 , 1 ,3.0,25.0, 1 , 1 ,0.0,0.0, 1.000 , 0.36 ,-0.34,0.02, 0.00 , 0.00 ,0.01,-0.31, -14.73 , -0.14 ,-0.44,-0.029
405,권혁,20두P, -0.044 , 2 ,0.0,7.2, 0 , 0 ,0.0,0.0,  , 0.00 ,-0.35,0.0, 0.00 , -0.13 ,0.02,-0.46, -72.38 , 0.00 ,-0.46,-0.044
406,김규민,20키LF, -0.044 , 3 ,24.0,238.0, 74 , 70 ,3.0,1.0, .987 , 2.76 ,0.16,0.74, 0.00 , 0.00 ,-0.06,0.84, 4.24 , -1.30 ,-0.46,0.081
407,브룩스,20KP, -0.044 , 2 ,23.0,151.1, 40 , 13 ,25.0,2.0, .950 , 2.26 ,-0.47,0.0, 0.00 , 0.10 ,-0.1,-0.47, -3.70 , 0.00 ,-0.47,-0.044
408,최성훈,20LP, -0.044 , 2 ,0.0,33.1, 7 , 0 ,7.0,0.0, 1.000 , 1.89 ,-0.43,0.0, 0.00 , -0.11 ,0.07,-0.47, -16.93 , 0.00 ,-0.47,-0.044
409,쿠에바스,20KP, -0.045 , 2 ,27.0,158.0, 29 , 9 ,18.0,2.0, .931 , 1.54 ,-0.5,0.0, 0.00 , 0.10 ,-0.08,-0.48, -3.61 , 0.00 ,-0.48,-0.045
410,박주홍,20한P, -0.046 , 2 ,5.0,24.2, 2 , 0 ,1.0,1.0, .500 , 0.37 ,-0.35,0.0, 0.00 , 0.02 ,-0.15,-0.49, -23.65 , 0.00 ,-0.49,-0.046
411,김진영,20한P, -0.046 , 3 ,0.0,54.0, 9 , 2 ,7.0,0.0, 1.000 , 1.50 ,-0.1,0.0, -0.26 , -0.23 ,0.11,-0.49, -10.91 , 0.00 ,-0.49,-0.046
412,김사윤,20SP, -0.047 , 3 ,0.0,47.1, 3 , 0 ,3.0,0.0, 1.000 , 0.57 ,-0.29,0.0, 0.00 , -0.30 ,0.09,-0.5, -12.57 , 0.00 ,-0.5,-0.047
413,이준영,20KP, -0.047 , 3 ,0.0,23.2, 6 , 1 ,5.0,0.0, 1.000 , 2.28 ,-0.16,0.0, -0.13 , -0.25 ,0.05,-0.5, -25.17 , 0.00 ,-0.5,-0.047
414,최형우,20KLF, -0.047 , 1 ,1.0,8.0, 2 , 2 ,0.0,0.0, 1.000 , 2.25 ,-0.21,-0.27, 0.00 , 0.00 ,0.0,-0.47, -69.84 , -0.04 ,-0.51,-0.043
415,채현우,20SLF, -0.047 , 1 ,4.0,44.2, 12 , 11 ,1.0,0.0, 1.000 , 2.42 ,-0.63,0.29, 0.00 , 0.00 ,0.02,-0.31, -8.42 , -0.18 ,-0.5,-0.03
416,김민하,20한RF, -0.049 , 2 ,15.0,164.2, 68 , 65 ,1.0,2.0, .971 , 3.61 ,1.31,-0.67, 0.00 , 0.00 ,-0.28,0.36, 2.60 , -0.87 ,-0.52,0.034
417,김세현,20SP, -0.050 , 2 ,0.0,42.0, 5 , 0 ,4.0,1.0, .800 , 0.86 ,-0.31,0.0, 0.00 , -0.11 ,-0.12,-0.53, -15.03 , 0.00 ,-0.53,-0.05
418,오준혁,20SLF, -0.051 , 2 ,27.0,196.2, 43 , 43 ,0.0,0.0, 1.000 , 1.97 ,1.19,-0.77, 0.00 , 0.00 ,0.11,0.53, 3.25 , -1.07 ,-0.53,0.051
419,최동환,20LP, -0.051 , 3 ,0.0,57.0, 7 , 3 ,2.0,2.0, .714 , 0.79 ,-0.29,0.0, 0.00 , 0.04 ,-0.29,-0.54, -11.36 , 0.00 ,-0.54,-0.051
420,강지광,20SP, -0.051 , 1 ,0.0,3.2, 2 , 0 ,1.0,1.0, .500 , 2.46 ,-0.35,0.0, 0.00 , 0.00 ,-0.19,-0.55, -177.92 , 0.00 ,-0.55,-0.051
421,김수환,20키1B, -0.052 , 1 ,1.0,21.0, 25 , 23 ,2.0,0.0, 1.000 , 10.71 ,-0.39,0.0, 0.00 , 0.00 ,0.03,-0.35, -20.15 , -0.19 ,-0.54,-0.034
422,류효승,20S1B, -0.052 , 1 ,0.0,8.0, 4 , 4 ,0.0,0.0, 1.000 , 4.50 ,-0.49,0.0, 0.00 , 0.00 ,0.01,-0.48, -71.77 , -0.07 ,-0.55,-0.045
423,채태인,20S1B, -0.052 , 1 ,11.0,75.1, 71 , 69 ,2.0,0.0, 1.000 , 8.48 ,0.01,0.0, 0.00 , 0.00 ,0.12,0.13, 2.08 , -0.69 ,-0.56,0.012
424,남태혁,20S1B, -0.054 , 2 ,5.0,52.0, 55 , 53 ,2.0,0.0, 1.000 , 9.52 ,-0.18,0.0, 0.00 , 0.00 ,0.08,-0.1, -2.30 , -0.47 ,-0.57,-0.01
425,조상우,20키P, -0.054 , 3 ,0.0,54.1, 4 , 2 ,2.0,0.0, 1.000 , 0.66 ,-0.33,0.0, -0.39 , 0.04 ,0.11,-0.58, -12.73 , 0.00 ,-0.58,-0.054
426,강로한,20롯CF, -0.055 , 2 ,4.0,49.0, 9 , 8 ,0.0,1.0, .889 , 1.47 ,-0.34,-0.05, 0.00 , 0.00 ,-0.18,-0.56, -13.67 , -0.02 ,-0.58,-0.053
427,신재영,20키P, -0.057 , 2 ,0.0,5.0, 2 , 1 ,0.0,1.0, .500 , 1.80 ,-0.42,0.0, 0.00 , 0.00 ,-0.19,-0.6, -144.51 , 0.00 ,-0.6,-0.057
428,조수행,20두RF, -0.058 , 1 ,8.0,132.2, 31 , 30 ,0.0,1.0, .968 , 2.04 ,-0.07,0.16, 0.00 , 0.00 ,-0.12,-0.02, -0.22 , -0.59 ,-0.61,-0.002
429,김진욱,20한P, -0.058 , 1 ,6.0,44.2, 9 , 3 ,6.0,0.0, 1.000 , 1.81 ,-0.6,0.0, -0.13 , 0.03 ,0.09,-0.61, -16.45 , 0.00 ,-0.61,-0.058
430,안권수,20두LF, -0.060 , 2 ,0.0,140.2, 40 , 39 ,1.0,0.0, 1.000 , 2.56 ,-0.93,0.8, 0.00 , 0.00 ,0.08,-0.05, -0.45 , -0.58 ,-0.63,-0.005
431,고영창,20KP, -0.061 , 2 ,0.0,58.0, 10 , 2 ,7.0,1.0, .900 , 1.40 ,-0.47,0.0, -0.13 , 0.04 ,-0.08,-0.64, -13.28 , 0.00 ,-0.64,-0.061
432,추재현,20롯CF, -0.061 , 1 ,6.0,48.1, 15 , 15 ,0.0,0.0, 1.000 , 2.79 ,-0.24,-0.39, 0.00 , 0.00 ,0.03,-0.6, -14.91 , -0.04 ,-0.64,-0.058
433,황영국,20한P, -0.062 , 1 ,0.0,19.1, 4 , 2 ,2.0,0.0, 1.000 , 1.86 ,-0.11,0.0, -0.13 , -0.46 ,0.04,-0.66, -40.93 , 0.00 ,-0.66,-0.062
434,이시원,20한CF, -0.063 , 2 ,5.0,87.1, 25 , 25 ,0.0,0.0, 1.000 , 2.58 ,-0.12,-0.52, 0.00 , 0.00 ,0.04,-0.59, -8.11 , -0.07 ,-0.66,-0.056
435,김성표,20삼CF, -0.063 , 2 ,1.0,26.0, 7 , 7 ,0.0,0.0, 1.000 , 2.42 ,-0.22,-0.43, 0.00 , 0.00 ,0.01,-0.64, -29.48 , -0.03 ,-0.67,-0.061
436,권오준,20삼P, -0.063 , 3 ,0.0,16.0, 0 , 0 ,0.0,0.0,  , 0.00 ,-0.45,0.0, -0.26 , 0.01 ,0.03,-0.67, -50.31 , 0.00 ,-0.67,-0.063
437,김태훈,20SP, -0.065 , 2 ,8.0,62.0, 6 , 1 ,3.0,2.0, .667 , 0.58 ,-0.33,0.0, 0.00 , -0.09 ,-0.28,-0.69, -13.41 , 0.00 ,-0.69,-0.065
438,이재원,20LRF, -0.065 , 1 ,5.0,46.0, 11 , 10 ,0.0,1.0, .909 , 1.96 ,0.13,-0.4, 0.00 , 0.00 ,-0.17,-0.44, -11.53 , -0.24 ,-0.68,-0.042
439,김민준,20SLF, -0.068 , 1 ,0.0,18.1, 3 , 3 ,0.0,0.0, 1.000 , 1.47 ,-0.27,-0.36, 0.00 , 0.00 ,0.01,-0.62, -40.74 , -0.09 ,-0.72,-0.059
440,최정용,20K2B, -0.068 , 3 ,10.0,127.1, 68 , 26 ,40.0,2.0, .971 , 4.67 ,-0.87,0.0, 0.00 , 0.00 ,-0.08,-0.95, -8.91 , 0.23 ,-0.72,-0.09
441,남재현,20KP, -0.070 , 1 ,0.0,15.2, 2 , 1 ,0.0,1.0, .500 , 0.57 ,-0.59,0.0, 0.00 , 0.01 ,-0.17,-0.75, -57.32 , 0.00 ,-0.75,-0.07
442,김경호,20SLF, -0.071 , 2 ,20.0,228.0, 50 , 49 ,1.0,0.0, 1.000 , 1.97 ,0.24,-0.13, 0.00 , 0.00 ,0.13,0.23, 1.23 , -0.98 ,-0.75,0.022
443,김태진,20N3B, -0.071 , 0 ,1.0,18.0, 3 , 3 ,0.0,0.0, 1.000 , 1.50 ,-0.71,0.01, 0.00 , 0.00 ,0.01,-0.69, -45.74 , -0.08 ,-0.77,-0.064
444,정해영,20KP, -0.072 , 2 ,0.0,37.2, 5 , 1 ,3.0,1.0, .800 , 0.96 ,-0.4,0.0, -0.26 , 0.02 ,-0.12,-0.76, -24.19 , 0.00 ,-0.76,-0.072
445,이현승,20두P, -0.072 , 2 ,0.0,42.1, 3 , 1 ,2.0,0.0, 1.000 , 0.64 ,-0.68,0.0, 0.00 , -0.17 ,0.08,-0.77, -21.76 , 0.00 ,-0.77,-0.072
446,유서준,20SSS, -0.074 , 1 ,2.0,48.1, 27 , 10 ,15.0,2.0, .926 , 4.66 ,-0.72,0.08, 0.00 , 0.00 ,-0.28,-0.92, -22.69 , 0.13 ,-0.79,-0.086
447,김회성,20한1B, -0.077 , 2 ,5.0,68.0, 41 , 35 ,4.0,2.0, .951 , 5.16 ,-0.27,0.0, 0.00 , 0.00 ,-0.25,-0.52, -9.15 , -0.29 ,-0.81,-0.049
448,양승철,20KP, -0.078 , 1 ,1.0,28.2, 4 , 2 ,1.0,1.0, .750 , 0.94 ,-0.7,0.0, 0.00 , 0.02 ,-0.14,-0.83, -34.60 , 0.00 ,-0.83,-0.078
449,윤석민,20S3B, -0.081 , 2 ,12.0,115.0, 55 , 40 ,13.0,2.0, .964 , 4.15 ,-0.54,0.0, 0.00 , 0.00 ,-0.1,-0.65, -6.72 , -0.20 ,-0.85,-0.062
450,이진영,20KRF, -0.081 , 2 ,1.0,33.0, 14 , 13 ,0.0,1.0, .929 , 3.55 ,0.51,-1.01, 0.00 , 0.00 ,-0.18,-0.68, -24.68 , -0.18 ,-0.86,-0.064
451,김진성,20NP, -0.082 , 1 ,0.0,47.1, 9 , 1 ,6.0,2.0, .778 , 1.33 ,-0.6,0.0, 0.00 , 0.03 ,-0.31,-0.87, -22.09 , 0.00 ,-0.87,-0.082
452,최정민,20K2B, -0.085 , 3 ,1.0,17.1, 7 , 2 ,4.0,1.0, .857 , 3.12 ,-0.76,0.0, 0.00 , 0.00 ,-0.16,-0.91, -63.18 , 0.02 ,-0.9,-0.086
453,라이트,20NP, -0.086 , 3 ,29.0,157.2, 16 , 9 ,7.0,0.0, 1.000 , 0.91 ,-1.34,0.0, 0.00 , 0.10 ,0.32,-0.92, -6.96 , 0.00 ,-0.92,-0.086
454,김주찬,20K1B, -0.086 , 1 ,4.0,38.0, 40 , 39 ,1.0,0.0, 1.000 , 9.47 ,-0.63,0.0, 0.00 , 0.00 ,0.06,-0.57, -18.03 , -0.35 ,-0.92,-0.054
455,전상현,20KP, -0.086 , 2 ,0.0,47.2, 7 , 2 ,3.0,2.0, .714 , 0.94 ,-0.65,0.0, 0.00 , 0.03 ,-0.3,-0.92, -23.07 , 0.00 ,-0.92,-0.086
456,김민우,20한P, -0.088 , 2 ,25.0,132.2, 14 , 5 ,8.0,1.0, .929 , 0.88 ,-1.09,0.0, 0.00 , 0.09 ,0.07,-0.94, -8.48 , 0.00 ,-0.94,-0.088
457,강경학,20한2B, -0.091 , 1 ,56.0,458.2, 290 , 157 ,127.0,6.0, .979 , 5.57 ,-0.94,-0.01, 0.00 , 0.00 ,-0.15,-1.11, -2.89 , 0.15 ,-0.96,-0.105
458,원종현,20NP, -0.092 , 3 ,0.0,57.0, 12 , 4 ,7.0,1.0, .917 , 1.74 ,-0.93,0.0, 0.00 , 0.04 ,-0.09,-0.98, -20.48 , 0.00 ,-0.98,-0.092
459,김지수,20한LF, -0.094 , 1 ,7.0,61.0, 20 , 17 ,2.0,1.0, .950 , 2.80 ,-1.19,0.51, 0.00 , 0.00 ,-0.17,-0.84, -16.50 , -0.15 ,-0.99,-0.08
460,최인호,20한LF, -0.095 , 1 ,33.0,266.2, 71 , 67 ,4.0,0.0, 1.000 , 2.40 ,-1.08,1.38, 0.00 , 0.00 ,0.16,0.46, 2.05 , -1.44 ,-0.99,0.044
461,최영진,20삼3B, -0.098 , 3 ,20.0,245.2, 130 , 96 ,31.0,3.0, .977 , 4.65 ,-0.51,-0.06, 0.00 , 0.00 ,0.01,-0.55, -2.68 , -0.49 ,-1.04,-0.052
462,정진기,20SRF, -0.098 , 3 ,31.0,280.0, 82 , 78 ,0.0,4.0, .951 , 2.51 ,2.25,-1.47, 0.00 , 0.00 ,-0.64,0.14, 0.61 , -1.17 ,-1.03,0.014
463,김기훈,20KP, -0.098 , 1 ,7.0,52.0, 7 , 1 ,4.0,2.0, .714 , 0.87 ,-0.79,0.0, 0.00 , 0.03 ,-0.3,-1.05, -24.11 , 0.00 ,-1.05,-0.098
464,박준영,20NSS, -0.099 , 1 ,9.0,104.0, 33 , 13 ,18.0,2.0, .939 , 2.68 ,-1.48,0.0, 0.00 , 0.00 ,-0.09,-1.57, -18.09 , 0.53 ,-1.04,-0.149
465,페르난데스,20두1B, -0.100 , 2 ,24.0,191.2, 181 , 170 ,10.0,1.0, .995 , 8.45 ,0.59,0.0, 0.00 , 0.00 ,0.1,0.69, 4.32 , -1.77 ,-1.08,0.064
466,이현호,20한P, -0.103 , 2 ,0.0,15.1, 2 , 0 ,1.0,1.0, .500 , 0.59 ,-0.8,0.0, 0.00 , -0.12 ,-0.17,-1.1, -85.70 , 0.00 ,-1.1,-0.103
467,하주석,20한SS, -0.103 , 2 ,67.0,558.0, 246 , 89 ,148.0,9.0, .963 , 3.82 ,-4.01,0.0, 0.00 , 0.00 ,-0.12,-4.13, -8.87 , 3.04 ,-1.09,-0.39
468,장지훈,20삼P, -0.103 , 2 ,0.0,27.2, 4 , 1 ,1.0,2.0, .500 , 0.65 ,-0.77,0.0, 0.00 , 0.02 ,-0.34,-1.1, -47.51 , 0.00 ,-1.1,-0.103
469,박진우,20NP, -0.107 , 4 ,1.0,43.0, 11 , 2 ,7.0,2.0, .818 , 1.88 ,-0.85,0.0, 0.00 , 0.03 ,-0.31,-1.13, -31.57 , 0.00 ,-1.13,-0.107
470,이성열,20한1B, -0.108 , 2 ,5.0,37.0, 35 , 33 ,1.0,1.0, .971 , 8.27 ,-0.66,0.0, 0.00 , 0.00 ,-0.14,-0.8, -25.81 , -0.33 ,-1.13,-0.076
471,고효준,20롯P, -0.108 , 2 ,0.0,15.2, 4 , 2 ,2.0,0.0, 1.000 , 2.30 ,-1.06,0.0, 0.00 , -0.12 ,0.03,-1.15, -87.86 , 0.00 ,-1.15,-0.108
472,나주환,20K3B, -0.108 , 2 ,58.0,500.0, 160 , 47 ,104.0,9.0, .944 , 2.72 ,-1.63,0.0, 0.00 , 0.00 ,-0.29,-1.91, -4.58 , 0.77 ,-1.15,-0.181
473,김재현,20삼SS, -0.110 , 2 ,1.0,63.0, 28 , 12 ,15.0,1.0, .964 , 3.86 ,-1.4,0.0, 0.00 , 0.00 ,-0.02,-1.42, -26.96 , 0.25 ,-1.17,-0.134
474,정의윤,20SLF, -0.110 , 2 ,22.0,174.0, 44 , 43 ,1.0,0.0, 1.000 , 2.28 ,-0.11,-0.21, 0.00 , 0.00 ,0.1,-0.22, -1.49 , -0.94 ,-1.16,-0.021
475,노수광,20S한CF, -0.111 , 2 ,61.0,552.0, 164 , 155 ,5.0,4.0, .976 , 2.61 ,0.06,-0.05, 0.00 , 0.00 ,-0.51,-0.5, -1.09 , -0.66 ,-1.17,-0.048
476,박건우,20두RF, -0.111 , 3 ,123.0,963.0, 242 , 233 ,7.0,2.0, .992 , 2.24 ,2.29,1.21, 0.00 , 0.00 ,0.17,3.66, 4.56 , -4.85 ,-1.19,0.342
477,박준태,20키CF, -0.111 , 3 ,112.0,965.1, 258 , 247 ,6.0,5.0, .981 , 2.36 ,-0.01,0.01, 0.00 , 0.00 ,-0.5,-0.51, -0.63 , -0.67 ,-1.18,-0.048
478,천성호,20K2B, -0.112 , 2 ,15.0,182.1, 85 , 27 ,55.0,3.0, .965 , 4.05 ,-1.42,0.0, 0.00 , 0.00 ,-0.12,-1.54, -10.12 , 0.36 ,-1.18,-0.146
479,김종수,20한P, -0.116 , 2 ,0.0,50.0, 13 , 4 ,7.0,2.0, .846 , 1.98 ,-0.56,0.0, -0.13 , -0.24 ,-0.3,-1.23, -29.43 , 0.00 ,-1.23,-0.116
480,오선우,20KRF, -0.116 , 1 ,9.0,111.0, 22 , 21 ,1.0,0.0, 1.000 , 1.78 ,-1.07,0.38, 0.00 , 0.00 ,0.07,-0.62, -6.74 , -0.61 ,-1.23,-0.059
481,오태곤,20KSLF, -0.117 , 3 ,32.0,308.2, 111 , 106 ,5.0,0.0, 1.000 , 3.24 ,0.02,0.37, 0.00 , 0.00 ,0.22,0.61, 2.36 , -1.85 ,-1.24,0.057
482,송명기,20NP, -0.118 , 3 ,12.0,87.2, 12 , 2 ,8.0,2.0, .833 , 1.03 ,-1.08,0.0, 0.00 , 0.06 ,-0.22,-1.25, -17.06 , 0.00 ,-1.25,-0.118
483,이민우,20KP, -0.123 , 2 ,22.0,106.0, 22 , 5 ,13.0,4.0, .818 , 1.53 ,-0.8,0.0, 0.00 , 0.07 ,-0.59,-1.31, -14.84 , 0.00 ,-1.31,-0.123
484,정기훈,20한3B, -0.125 , 1 ,6.0,66.2, 22 , 10 ,10.0,2.0, .909 , 2.70 ,-1.24,0.0, 0.00 , 0.00 ,-0.22,-1.46, -26.26 , 0.14 ,-1.33,-0.138
485,황대인,20K1B, -0.128 , 3 ,28.0,260.1, 297 , 275 ,18.0,4.0, .987 , 10.13 ,1.4,0.0, 0.00 , 0.00 ,-0.39,1.01, 4.65 , -2.37 ,-1.36,0.095
486,이인복,20롯P, -0.130 , 2 ,1.0,45.1, 6 , 1 ,4.0,1.0, .833 , 0.99 ,-0.9,0.0, -0.39 , 0.03 ,-0.11,-1.38, -36.33 , 0.00 ,-1.38,-0.13
487,이승진,20두P, -0.132 , 1 ,5.0,51.1, 8 , 2 ,4.0,2.0, .750 , 1.05 ,-1.14,0.0, 0.00 , 0.03 ,-0.3,-1.4, -32.70 , 0.00 ,-1.4,-0.132
488,오태곤,20SLF, -0.134 , 0 ,23.0,172.0, 56 , 39 ,15.0,2.0, .964 , 2.83 ,-0.69,-0.36, 0.00 , 0.00 ,-0.1,-1.15, -7.98 , -0.28 ,-1.43,-0.106
489,김창평,20S2B, -0.134 , 2 ,23.0,208.1, 111 , 39 ,69.0,3.0, .973 , 4.67 ,-1.67,0.0, 0.00 , 0.00 ,-0.12,-1.79, -10.28 , 0.38 ,-1.41,-0.169
490,허일,20롯LF, -0.138 , 2 ,11.0,154.0, 33 , 33 ,0.0,0.0, 1.000 , 1.93 ,0.1,-0.9, 0.00 , 0.00 ,0.09,-0.71, -5.53 , -0.74 ,-1.45,-0.068
491,정진호,20한LF, -0.139 , 3 ,69.0,623.1, 164 , 158 ,5.0,1.0, .994 , 2.35 ,0.42,1.02, 0.00 , 0.00 ,0.15,1.59, 3.06 , -3.06 ,-1.47,0.151
492,주권,20KP, -0.148 , 3 ,0.0,70.0, 9 , 2 ,5.0,2.0, .778 , 0.90 ,-1.36,0.0, 0.00 , 0.05 ,-0.26,-1.57, -26.83 , 0.00 ,-1.57,-0.148
493,최채흥,20삼P, -0.148 , 2 ,26.0,146.0, 35 , 8 ,20.0,7.0, .800 , 1.73 ,-0.57,0.0, 0.00 , 0.10 ,-1.11,-1.58, -12.96 , 0.00 ,-1.58,-0.148
494,류지혁,20두3B, -0.151 , 2 ,3.0,54.1, 25 , 11 ,12.0,2.0, .920 , 3.81 ,-1.53,0.0, 0.00 , 0.00 ,-0.25,-1.78, -39.25 , 0.16 ,-1.62,-0.166
495,송우현,20키RF, -0.153 , 1 ,4.0,39.2, 8 , 8 ,0.0,0.0, 1.000 , 1.82 ,-1.1,-0.32, 0.00 , 0.00 ,0.02,-1.4, -42.21 , -0.22 ,-1.61,-0.132
496,김민,20KP, -0.156 , 2 ,6.0,42.2, 2 , 0 ,1.0,1.0, .500 , 0.21 ,-1.43,0.0, 0.00 , -0.11 ,-0.11,-1.65, -46.34 , 0.00 ,-1.65,-0.156
497,박치국,20두P, -0.158 , 2 ,0.0,71.2, 14 , 3 ,9.0,2.0, .857 , 1.51 ,-1.33,0.0, -0.13 , 0.05 ,-0.26,-1.68, -27.99 , 0.00 ,-1.68,-0.158
498,이승호,20키P, -0.158 , 3 ,23.0,118.2, 24 , 8 ,15.0,1.0, .958 , 1.74 ,-1.81,0.0, 0.00 , 0.08 ,0.04,-1.69, -17.05 , 0.00 ,-1.69,-0.158
499,김동엽,20삼LF, -0.163 , 2 ,27.0,231.0, 68 , 64 ,2.0,2.0, .971 , 2.57 ,0.14,-0.34, 0.00 , 0.00 ,-0.27,-0.47, -2.44 , -1.27 ,-1.74,-0.044
500,노태형,20한2B, -0.165 , 3 ,28.0,248.2, 156 , 98 ,53.0,5.0, .968 , 5.47 ,-1.02,0.0, 0.00 , 0.00 ,-0.44,-1.46, -7.01 , -0.28 ,-1.74,-0.138
501,손호영,20L3B, -0.169 , 2 ,8.0,73.0, 17 , 5 ,10.0,2.0, .882 , 1.85 ,-1.73,0.0, 0.00 , 0.00 ,-0.18,-1.92, -31.45 , 0.10 ,-1.81,-0.179
502,윤대경,20한P, -0.171 , 1 ,0.0,51.0, 8 , 3 ,4.0,1.0, .875 , 1.24 ,-1.62,0.0, -0.13 , 0.03 ,-0.1,-1.82, -42.66 , 0.00 ,-1.82,-0.171
503,김성민,20SSS, -0.174 , 1 ,1.0,27.0, 10 , 3 ,5.0,2.0, .800 , 2.67 ,-1.73,0.0, 0.00 , 0.00 ,-0.32,-2.05, -90.68 , 0.15 ,-1.89,-0.188
504,강한울,20삼SS, -0.175 , 1 ,28.0,243.1, 91 , 28 ,61.0,2.0, .978 , 3.29 ,-3.26,0.0, 0.00 , 0.00 ,0.32,-2.94, -14.46 , 1.07 ,-1.87,-0.275
505,유한준,20KRF, -0.178 , 2 ,17.0,129.2, 28 , 27 ,1.0,0.0, 1.000 , 1.94 ,-1.32,0.06, 0.00 , 0.00 ,0.08,-1.18, -10.87 , -0.71 ,-1.89,-0.111
506,모터,20키3B, -0.188 , 1 ,10.0,82.0, 27 , 11 ,14.0,2.0, .926 , 2.74 ,-1.44,-0.34, 0.00 , 0.00 ,-0.19,-1.97, -28.79 , 0.03 ,-1.94,-0.191
507,정주현,20L2B, -0.189 , 3 ,111.0,896.0, 542 , 211 ,321.0,10.0, .982 , 5.34 ,-3.69,0.0, 0.00 , 0.00 ,0.07,-3.62, -4.83 , 1.62 ,-2.0,-0.343
508,이천웅,20LCF, -0.193 , 3 ,76.0,653.2, 155 , 152 ,2.0,1.0, .994 , 2.12 ,-1.32,-1.78, 0.00 , 0.00 ,0.12,-2.97, -5.45 , 0.94 ,-2.04,-0.282
509,조한민,20한SS, -0.196 , 2 ,16.0,120.2, 54 , 19 ,30.0,5.0, .907 , 3.66 ,-2.08,0.0, 0.00 , 0.00 ,-0.64,-2.72, -27.02 , 0.65 ,-2.08,-0.257
510,이우성,20KLF, -0.202 , 3 ,8.0,101.0, 16 , 16 ,0.0,0.0, 1.000 , 1.43 ,-1.34,-0.43, 0.00 , 0.00 ,0.06,-1.72, -20.33 , -0.42 ,-2.13,-0.162
511,김호령,20KCF, -0.205 , 2 ,33.0,361.2, 93 , 88 ,3.0,2.0, .979 , 2.27 ,-4.29,1.69, 0.00 , 0.00 ,-0.22,-2.83, -9.37 , 0.66 ,-2.17,-0.267
512,김태균,20한1B, -0.205 , 3 ,51.0,402.0, 373 , 352 ,21.0,0.0, 1.000 , 8.35 ,0.82,0.0, 0.00 , 0.00 ,0.64,1.46, 4.35 , -3.61 ,-2.15,0.139
513,이원재,20N1B, -0.206 , 3 ,30.0,283.1, 255 , 237 ,17.0,1.0, .996 , 8.07 ,0.13,0.0, 0.00 , 0.00 ,0.25,0.38, 1.62 , -2.56 ,-2.18,0.036
514,김상수,20삼2B, -0.207 , 2 ,101.0,817.1, 471 , 215 ,249.0,7.0, .985 , 5.11 ,-4.21,0.0, 0.00 , 0.00 ,0.49,-3.72, -5.45 , 1.50 ,-2.22,-0.347
515,나성범,20NRF, -0.214 , 4 ,45.0,379.2, 89 , 87 ,2.0,0.0, 1.000 , 2.11 ,-0.88,0.45, 0.00 , 0.00 ,0.23,-0.21, -0.65 , -2.12 ,-2.33,-0.019
516,이성규,20삼1B, -0.217 , 2 ,53.0,539.1, 441 , 379 ,54.0,8.0, .982 , 7.23 ,2.04,-0.0, 0.00 , 0.00 ,-0.6,1.44, 3.19 , -3.71 ,-2.27,0.137
517,김민혁,20KLF, -0.218 , 3 ,49.0,399.0, 106 , 101 ,1.0,4.0, .962 , 2.30 ,1.37,-0.96, 0.00 , 0.00 ,-0.58,-0.17, -0.52 , -2.13 ,-2.3,-0.016
518,강민국,20K2B, -0.220 , 3 ,35.0,315.2, 148 , 64 ,79.0,5.0, .966 , 4.08 ,-3.07,0.0, 0.00 , 0.00 ,-0.15,-3.22, -12.23 , 0.90 ,-2.32,-0.306
519,모창민,20N1B, -0.226 , 3 ,18.0,147.2, 134 , 121 ,11.0,2.0, .985 , 8.05 ,-0.9,0.0, 0.00 , 0.00 ,-0.17,-1.07, -8.64 , -1.33 ,-2.4,-0.1
520,한유섬,20SDH, -0.230 , 2 ,48.0,392.0, 81 , 78 ,1.0,2.0, .975 , 1.81 ,-0.19,0.05, 0.00 , 0.00 ,-0.17,-0.3, -0.93 , -2.16 ,-2.46,-0.028
521,김민수,20KP, -0.234 , 3 ,18.0,103.1, 12 , 8 ,3.0,1.0, .917 , 0.96 ,-2.42,0.0, 0.00 , -0.07 ,0.01,-2.48, -28.74 , 0.00 ,-2.48,-0.234
522,최준우,20S2B, -0.239 , 3 ,52.0,441.1, 255 , 104 ,143.0,8.0, .969 , 5.04 ,-2.74,0.0, 0.00 , 0.00 ,-0.57,-3.31, -8.99 , 0.80 ,-2.52,-0.315
523,이성곤,20삼1B, -0.246 , 3 ,18.0,165.2, 131 , 119 ,10.0,2.0, .985 , 7.01 ,-2.04,0.96, 0.00 , 0.00 ,-0.18,-1.27, -9.14 , -1.34 ,-2.61,-0.119
524,임종찬,20한RF, -0.247 , 1 ,32.0,266.1, 64 , 61 ,3.0,0.0, 1.000 , 2.16 ,-1.38,0.04, 0.00 , 0.00 ,0.16,-1.18, -5.30 , -1.43 ,-2.61,-0.112
525,이대호,20롯1B, -0.254 , 2 ,53.0,443.1, 500 , 460 ,38.0,2.0, .996 , 10.11 ,1.04,0.0, 0.00 , 0.00 ,0.3,1.34, 3.62 , -4.03 ,-2.69,0.126
526,이창진,20KCF, -0.260 , 1 ,21.0,178.2, 32 , 30 ,2.0,0.0, 1.000 , 1.61 ,-4.08,0.85, 0.00 , 0.00 ,0.09,-3.14, -21.04 , 0.32 ,-2.82,-0.29
527,이명기,20NLF, -0.262 , 3 ,107.0,875.0, 192 , 186 ,5.0,1.0, .995 , 1.97 ,-0.3,1.87, 0.00 , 0.00 ,0.29,1.86, 2.54 , -4.64 ,-2.78,0.175
528,로하스,20KRF, -0.267 , 3 ,106.0,890.0, 230 , 219 ,7.0,4.0, .983 , 2.29 ,2.78,-0.42, 0.00 , 0.00 ,-0.27,2.09, 2.81 , -5.01 ,-2.92,0.191
529,박한결,20한SS, -0.268 , 2 ,5.0,59.1, 27 , 8 ,17.0,2.0, .926 , 3.79 ,-2.94,0.0, 0.00 , 0.00 ,-0.22,-3.17, -63.86 , 0.32 ,-2.84,-0.298
530,장영석,20K3B, -0.269 , 2 ,10.0,84.0, 43 , 29 ,11.0,3.0, .930 , 4.29 ,-2.32,0.0, 0.00 , 0.00 ,-0.38,-2.7, -38.43 , -0.13 ,-2.83,-0.257
531,장운호,20한RF, -0.274 , 2 ,4.0,59.1, 12 , 12 ,0.0,0.0, 1.000 , 1.82 ,-2.3,-0.38, 0.00 , 0.00 ,0.03,-2.65, -53.39 , -0.27 ,-2.91,-0.249
532,라모스,20L1B, -0.282 , 3 ,103.0,827.1, 862 , 799 ,57.0,6.0, .993 , 9.31 ,4.51,0.0, 0.00 , 0.00 ,0.11,4.61, 6.67 , -7.66 ,-3.05,0.427
533,박계범,20삼SS, -0.292 , 3 ,44.0,401.1, 163 , 58 ,98.0,7.0, .957 , 3.50 ,-4.34,0.0, 0.00 , 0.00 ,-0.19,-4.53, -13.51 , 1.47 ,-3.06,-0.432
534,김문호,20한1B, -0.294 , 2 ,10.0,81.0, 58 , 53 ,5.0,0.0, 1.000 , 6.44 ,-2.07,-0.53, 0.00 , 0.00 ,0.1,-2.5, -37.01 , -0.64 ,-3.14,-0.235
535,최진행,20한LF, -0.296 , 1 ,19.0,146.0, 33 , 32 ,0.0,1.0, .970 , 1.97 ,-1.22,-1.0, 0.00 , 0.00 ,-0.12,-2.33, -19.14 , -0.79 ,-3.13,-0.221
536,호잉,20한RF, -0.298 , 2 ,33.0,278.0, 73 , 71 ,2.0,0.0, 1.000 , 2.36 ,-1.57,-0.22, 0.00 , 0.00 ,0.17,-1.62, -6.98 , -1.49 ,-3.11,-0.155
537,최주환,20두2B, -0.302 , 3 ,135.0,1059.0, 582 , 285 ,287.0,10.0, .983 , 4.86 ,-4.52,0.0, 0.00 , 0.00 ,0.48,-4.04, -4.56 , 0.80 ,-3.24,-0.376
538,박찬도,20삼LF, -0.313 , 2 ,28.0,263.0, 65 , 64 ,1.0,0.0, 1.000 , 2.22 ,-1.82,-0.33, 0.00 , 0.00 ,0.15,-2.0, -9.12 , -1.30 ,-3.3,-0.19
539,박정음,20키CF, -0.317 , 3 ,7.0,171.2, 44 , 44 ,0.0,0.0, 1.000 , 2.31 ,-2.11,-1.36, 0.00 , 0.00 ,0.09,-3.38, -23.60 , 0.01 ,-3.37,-0.318
540,안치홍,20롯2B, -0.325 , 2 ,106.0,919.1, 507 , 185 ,308.0,14.0, .972 , 4.83 ,-4.39,0.0, 0.00 , 0.00 ,-0.68,-5.07, -6.60 , 1.61 ,-3.46,-0.476
541,이형종,20LRF, -0.338 , 1 ,61.0,534.0, 124 , 119 ,1.0,4.0, .968 , 2.02 ,1.6,-1.91, 0.00 , 0.00 ,-0.49,-0.81, -1.81 , -2.84 ,-3.65,-0.075
542,이병규,20롯1B, -0.365 , 1 ,32.0,236.2, 235 , 223 ,10.0,2.0, .992 , 8.86 ,-1.71,0.0, 0.00 , 0.00 ,-0.03,-1.74, -8.78 , -2.18 ,-3.91,-0.162
543,노수광,20한CF, -0.376 , 0 ,9.0,68.0, 9 , 9 ,0.0,0.0, 1.000 , 1.19 ,-3.79,0.04, 0.00 , 0.00 ,0.04,-3.71, -65.33 , -0.38 ,-4.09,-0.341
544,권민석,20두3B, -0.385 , 2 ,11.0,163.2, 58 , 28 ,28.0,2.0, .966 , 3.08 ,-4.46,0.0, 0.00 , 0.00 ,0.06,-4.39, -32.14 , 0.30 ,-4.09,-0.413
545,오윤석,20롯2B, -0.385 , 1 ,41.0,361.2, 216 , 140 ,69.0,7.0, .968 , 5.20 ,-3.33,0.0, 0.00 , 0.00 ,-0.58,-3.91, -12.94 , -0.22 ,-4.13,-0.364
546,박승욱,20K2B, -0.396 , 2 ,27.0,333.2, 227 , 119 ,101.0,7.0, .969 , 5.93 ,-3.72,0.0, 0.00 , 0.00 ,-0.64,-4.36, -15.65 , 0.15 ,-4.21,-0.41
547,고종욱,20SLF, -0.401 , 2 ,39.0,302.2, 61 , 59 ,0.0,2.0, .967 , 1.75 ,-0.19,-2.18, 0.00 , 0.00 ,-0.23,-2.59, -10.25 , -1.65 ,-4.24,-0.245
548,김현수,20LLF, -0.428 , 3 ,110.0,936.0, 257 , 247 ,9.0,1.0, .996 , 2.46 ,-1.64,1.98, 0.00 , 0.00 ,0.36,0.71, 0.90 , -5.33 ,-4.63,0.065
549,살라디노,20삼LF, -0.445 , 2 ,40.0,318.0, 141 , 104 ,32.0,5.0, .965 , 3.85 ,-2.91,-0.51, 0.00 , 0.00 ,-0.41,-3.83, -14.41 , -0.99 ,-4.82,-0.354
550,국해성,20두RF, -0.450 , 2 ,19.0,166.0, 40 , 38 ,1.0,1.0, .975 , 2.11 ,-4.15,0.39, 0.00 , 0.00 ,-0.1,-3.86, -27.81 , -0.92 ,-4.78,-0.364
551,김웅빈,20키1B, -0.465 , 2 ,47.0,416.1, 405 , 367 ,32.0,6.0, .985 , 8.63 ,-1.04,0.0, 0.00 , 0.00 ,-0.49,-1.53, -4.41 , -3.42 ,-4.95,-0.144
552,박병호,20키1B, -0.466 , 3 ,85.0,712.2, 757 , 694 ,57.0,6.0, .992 , 9.48 ,1.62,0.0, 0.00 , 0.00 ,-0.07,1.54, 2.59 , -6.52 ,-4.98,0.145
553,전준우,20롯LF, -0.520 , 2 ,136.0,1154.2, 288 , 274 ,9.0,5.0, .983 , 2.21 ,1.03,0.11, 0.00 , 0.00 ,-0.35,0.79, 0.82 , -6.34 ,-5.55,0.074
554,민병헌,20롯CF, -0.522 , 2 ,72.0,686.1, 177 , 175 ,2.0,0.0, 1.000 , 2.32 ,-4.92,-1.81, 0.00 , 0.00 ,0.34,-6.4, -11.15 , 0.91 ,-5.48,-0.609
555,팔카,20삼1B, -0.544 , 1 ,25.0,196.0, 92 , 80 ,10.0,2.0, .978 , 4.13 ,-3.98,-0.17, 0.00 , 0.00 ,-0.2,-4.35, -26.58 , -1.36 ,-5.72,-0.414
556,강진성,20N1B, -0.585 , 4 ,98.0,825.2, 705 , 656 ,45.0,4.0, .994 , 7.64 ,1.05,-0.32, 0.00 , 0.00 ,0.47,1.2, 1.73 , -7.43 ,-6.23,0.112
557,정근우,20L2B, -0.624 , 3 ,31.0,253.0, 149 , 59 ,81.0,9.0, .940 , 4.98 ,-5.84,0.0, 0.00 , 0.00 ,-1.22,-7.05, -33.37 , 0.44 ,-6.61,-0.665
558,강백호,20K1B, -0.649 , 3 ,124.0,1081.0, 1143 , 1057 ,76.0,10.0, .991 , 9.43 ,3.31,-0.06, 0.00 , 0.00 ,-0.31,2.94, 3.26 , -9.95 ,-7.01,0.272
559,정훈,20롯CF, -0.660 , 2 ,91.0,768.0, 473 , 437 ,34.0,2.0, .996 , 5.52 ,-4.44,-0.31, 0.00 , 0.00 ,0.38,-4.37, -6.81 , -2.71 ,-7.08,-0.407
560,김찬형,20NSS, -0.662 , 4 ,15.0,195.2, 96 , 33 ,53.0,10.0, .896 , 3.96 ,-6.61,0.0, 0.00 , 0.00 ,-1.41,-8.03, -49.11 , 0.94 ,-7.09,-0.75
561,이원석,20삼3B, -0.859 , 3 ,108.0,823.0, 441 , 350 ,81.0,10.0, .977 , 4.71 ,-6.35,0.0, 0.00 , 0.00 ,-0.05,-6.4, -9.31 , -2.74 ,-9.14,-0.602
562,이용규,20한CF, -0.890 , 3 ,106.0,878.1, 245 , 242 ,0.0,3.0, .988 , 2.48 ,-4.68,-5.7, 0.00 , 0.00 ,-0.17,-10.55, -14.38 , 1.03 ,-9.52,-0.987
563,최원준,20KCF, -0.954 , 2 ,88.0,796.0, 216 , 208 ,4.0,4.0, .982 , 2.40 ,-9.44,-1.25, 0.00 , 0.00 ,-0.39,-11.08, -16.66 , 0.84 ,-10.24,-1.033
564,허정협,20키LF, -0.983 , 3 ,87.0,732.1, 172 , 163 ,6.0,3.0, .983 , 2.08 ,-5.13,-1.09, 0.00 , 0.00 ,-0.16,-6.38, -10.42 , -4.11 ,-10.49,-0.597
565,오재일,20두1B, -1.008 , 3 ,110.0,927.1, 872 , 833 ,36.0,3.0, .997 , 8.43 ,-3.16,0.0, 0.00 , 0.00 ,0.86,-2.29, -2.96 , -8.56 ,-10.86,-0.213
566,유민상,20K1B, -1.140 , 3 ,107.0,932.0, 889 , 829 ,51.0,9.0, .990 , 8.50 ,-3.29,0.0, 0.00 , 0.00 ,-0.33,-3.62, -4.64 , -8.47 ,-12.09,-0.341
567,손아섭,20롯RF, -1.319 , 2 ,123.0,1056.2, 239 , 234 ,4.0,1.0, .996 , 2.03 ,-4.91,-3.91, 0.00 , 0.00 ,0.43,-8.4, -9.51 , -5.89 ,-14.29,-0.775
568,로맥,20S1B, -1.333 , 3 ,127.0,1080.2, 1018 , 950 ,56.0,12.0, .988 , 8.38 ,-4.26,0.0, 0.00 , 0.00 ,-0.63,-4.89, -5.41 , -9.52 ,-14.41,-0.452
569,나지완,20KLF, -1.378 , 2 ,129.0,1018.2, 210 , 206 ,3.0,1.0, .995 , 1.85 ,-6.28,-3.27, 0.00 , 0.00 ,0.37,-9.18, -10.78 , -5.63 ,-14.81,-0.854
570,김재환,20두LF, -1.462 , 3 ,126.0,1014.2, 254 , 247 ,5.0,2.0, .992 , 2.24 ,-8.69,-1.67, 0.00 , 0.00 ,0.17,-10.18, -12.01 , -5.65 ,-15.84,-0.94
571,터커,20KRF, -2.039 , 2 ,140.0,1180.0, 252 , 247 ,4.0,1.0, .996 , 1.91 ,-10.58,-5.55, 0.00 , 0.00 ,0.5,-15.62, -15.85 , -6.62 ,-22.24,-1.432
