팀,이름,WAR,G,타석,타수,득점,안타,2타,3타,홈런,루타,타점,도루,도실,볼넷,사구,고4,삼진,병살,희타,타율,출루,장타,OPS,wOBA,wRC+,WAR*,WPA
KIA,고종욱,0.4,62,114,106,13,30,7,1,2,45,14,1,0,7,0,0,21,2,1,0.283,0.327,0.425,0.752,0.341,110.4,0.4,0.63
KIA,김규성,-1.53,227,275,243,43,42,3,2,4,61,17,2,2,19,1,0,69,1,12,0.497,0.6859999999999999,0.7080000000000001,1.394,0.655,59.400000000000006,-1.53,-2.93
KIA,김도영,0.72,103,254,224,37,53,11,4,3,81,19,13,3,22,3,0,62,3,4,0.237,0.312,0.362,0.674,0.309,88.1,0.72,-0.53
KIA,김민식,0.8099999999999999,191,600,514,59,120,16,1,6,156,53,0,0,64,6,1,89,6,10,0.709,0.9550000000000001,0.935,1.891,0.889,216.5,0.8099999999999999,-1.26
KIA,김석환,-0.39,51,107,94,15,14,2,0,3,25,7,0,0,10,3,0,32,1,0,0.149,0.252,0.266,0.518,0.25,47.0,-0.39,-1.07
KIA,김선빈,8.559999999999999,355,1502,1309,148,399,74,0,9,500,165,14,3,161,9,2,129,45,9,0.9239999999999999,1.154,1.155,2.308,1.085,346.7,8.559999999999999,5.5200000000000005
KIA,김태진,0.07000000000000006,144,606,561,61,149,16,5,1,178,53,13,7,32,1,1,87,9,7,0.52,0.597,0.6080000000000001,1.2040000000000002,0.5660000000000001,120.7,0.07000000000000006,-1.22
KIA,김호령,0.94,204,401,345,73,80,8,3,9,121,39,9,5,37,9,0,121,8,9,0.7130000000000001,0.9690000000000001,1.05,2.02,0.929,243.6,0.94,-2.01
KIA,나성범,6.5,144,649,563,92,180,39,2,21,286,97,6,1,64,17,6,137,7,0,0.32,0.402,0.508,0.91,0.411,157.4,6.5,3.74
KIA,나주환,0.13,83,254,235,21,62,5,0,6,85,29,0,0,12,1,0,56,8,4,0.44000000000000006,0.477,0.553,1.031,0.47,55.50000000000001,0.13,-0.97
KIA,나지완,2.88,168,658,549,76,149,20,1,17,222,99,0,0,78,24,1,143,9,0,0.45099999999999996,0.716,0.617,1.333,0.655,178.0,2.88,3.99
KIA,류지혁,3.54,219,804,678,92,188,27,2,4,231,82,8,4,98,13,1,129,13,10,0.555,0.756,0.6779999999999999,1.4329999999999998,0.6859999999999999,212.2,3.54,0.93
KIA,박동원,2.08,112,407,352,51,86,18,0,17,155,53,1,0,38,9,4,87,9,7,0.244,0.333,0.44,0.773,0.343,110.8,2.08,-0.72
KIA,박민,-0.22,18,38,35,3,6,1,0,0,7,3,0,1,2,1,0,10,1,0,0.171,0.237,0.2,0.437,0.22,18.8,-0.22,-0.41
KIA,박정우,-0.09,32,61,48,3,9,1,0,0,10,4,0,2,10,2,0,8,2,1,0.188,0.35,0.208,0.558,0.294,67.6,-0.09,-0.24
KIA,박찬호,3.0300000000000002,402,1579,1391,195,343,53,5,8,430,140,65,20,147,1,0,227,34,27,0.738,0.9490000000000001,0.926,1.8760000000000001,0.881,212.9,3.0300000000000002,-1.17
KIA,백용환,0.52,51,106,91,12,20,4,0,5,39,10,0,0,14,0,0,29,2,1,0.22,0.324,0.429,0.752,0.336,93.9,0.52,-0.1
KIA,소크라테스,4.97,127,554,514,83,160,29,7,17,254,77,13,6,34,2,4,81,11,0,0.311,0.354,0.494,0.848,0.38,137.0,4.97,0.61
KIA,오선우,0.08,59,73,67,11,16,0,0,4,28,14,0,0,3,3,0,26,2,0,0.239,0.301,0.418,0.719,0.324,85.3,0.08,-0.13
KIA,유민상,0.69,150,529,450,45,110,25,0,9,162,71,0,0,61,12,1,98,14,2,0.479,0.72,0.6839999999999999,1.404,0.677,193.39999999999998,0.69,0.8
KIA,이우성,-0.12,193,304,264,40,64,13,0,1,80,19,4,4,31,3,0,48,9,5,0.6950000000000001,0.963,0.854,1.8170000000000002,0.8760000000000001,208.8,-0.12,-1.72
KIA,이정훈,0.14,41,151,129,14,32,6,0,2,44,14,0,0,19,3,0,33,3,0,0.248,0.358,0.341,0.699,0.34,98.9,0.14,-0.52
KIA,이진영,0.26,17,47,40,8,8,2,1,2,18,5,1,0,3,4,0,22,0,0,0.2,0.319,0.45,0.769,0.353,108.2,0.26,0.0
KIA,이창진,2.37,238,796,683,110,185,30,2,10,249,88,8,6,87,4,0,134,19,15,0.84,1.086,1.13,2.216,1.031,311.7,2.37,-1.55
KIA,장영석,-0.29,11,37,31,1,4,0,0,0,4,2,0,0,4,1,0,7,3,0,0.129,0.243,0.129,0.372,0.202,5.5,-0.29,-0.58
KIA,최원준,5.630000000000001,266,1080,948,154,291,37,12,6,370,79,54,16,94,17,0,103,8,13,0.621,0.758,0.7929999999999999,1.55,0.719,221.89999999999998,5.630000000000001,3.55
KIA,최정용,-0.5700000000000001,91,124,108,12,21,2,0,1,26,7,2,0,11,0,0,31,1,4,0.388,0.531,0.48,1.01,0.479,61.9,-0.5700000000000001,-0.7000000000000001
KIA,최형우,8.24,376,1576,1349,200,392,79,3,54,639,241,1,0,210,10,20,260,27,0,0.851,1.153,1.386,2.54,1.15,392.4,8.24,9.74
KIA,터커,6.550000000000001,269,1170,1010,142,277,64,1,41,466,172,0,2,137,17,4,133,24,0,0.5429999999999999,0.732,0.907,1.639,0.747,240.6,6.550000000000001,2.42
KIA,한승택,0.9,230,620,531,50,113,15,0,13,167,56,0,0,58,12,0,149,15,18,0.619,0.89,0.893,1.782,0.832,177.0,0.9,-2.15
KIA,홍종표,-0.34,40,88,80,7,20,3,0,0,23,7,0,2,4,0,0,13,1,3,0.25,0.282,0.288,0.57,0.259,43.2,-0.34,-1.01
KIA,황대인,1.67,278,970,874,84,221,41,1,31,357,152,0,0,75,9,2,183,33,1,0.77,0.982,1.233,2.216,1.014,300.9,1.67,-0.6599999999999999
KIA,황윤호,-0.09,25,73,70,5,17,3,0,0,20,5,2,0,3,0,0,10,3,0,0.243,0.274,0.286,0.56,0.264,46.3,-0.09,-1.18
LG,가르시아,0.59,39,156,136,21,28,6,1,4,48,19,4,1,19,1,0,40,4,0,0.206,0.308,0.353,0.661,0.31,93.1,0.59,-0.91
LG,구본혁,-0.7,248,143,124,30,19,2,1,1,26,10,0,0,10,3,0,25,2,4,0.29500000000000004,0.44699999999999995,0.405,0.8520000000000001,0.40900000000000003,20.799999999999997,-0.7,-0.41000000000000003
LG,김민성,1.77,300,916,797,80,188,46,0,16,282,106,5,5,76,15,4,166,19,18,0.6950000000000001,0.911,1.034,1.9449999999999998,0.889,230.3,1.77,-0.97
LG,김용의,-0.12000000000000001,203,116,97,47,23,3,1,1,31,14,13,3,12,0,0,20,3,5,0.41900000000000004,0.6479999999999999,0.579,1.228,0.5680000000000001,127.0,-0.12000000000000001,0.42
LG,김재성,-0.23,58,73,65,6,9,2,1,1,16,3,1,0,5,1,0,13,2,1,0.138,0.208,0.246,0.455,0.214,18.1,-0.23,-0.74
LG,김현수,13.5,423,1818,1577,246,475,83,5,62,754,322,5,3,211,10,19,157,21,0,0.9019999999999999,1.149,1.431,2.579,1.164,421.8,13.5,10.89
LG,김호은,0.0,69,112,103,12,25,5,0,2,36,11,0,0,7,2,0,14,2,0,0.243,0.304,0.35,0.653,0.303,77.5,0.0,0.74
LG,라모스,4.93,168,699,616,88,165,24,3,46,333,111,2,0,73,6,5,179,9,0,0.521,0.679,1.014,1.693,0.748,260.7,4.93,2.3000000000000003
LG,루이즈,-0.25,27,94,84,10,13,4,1,1,22,6,1,0,9,0,0,13,5,0,0.155,0.234,0.262,0.496,0.235,39.5,-0.25,-0.9
LG,문보경,5.08,233,795,684,89,192,33,4,17,284,95,10,1,93,1,2,120,16,8,0.545,0.7190000000000001,0.8140000000000001,1.5339999999999998,0.706,235.4,5.08,1.8900000000000001
LG,문성주,2.35,137,479,406,66,117,16,3,7,160,51,10,7,58,5,2,51,14,8,0.531,0.704,0.7,1.4049999999999998,0.661,201.3,2.35,-0.20000000000000007
LG,박용택,0.39,97,236,217,22,65,15,0,2,86,35,2,0,15,0,1,34,7,0,0.3,0.339,0.396,0.735,0.335,97.2,0.39,0.08
LG,박해민,3.45,144,636,570,97,165,20,8,3,210,49,24,6,44,9,0,85,4,7,0.289,0.347,0.368,0.715,0.331,103.9,3.45,0.6
LG,백승현,-0.09,27,39,28,5,7,1,0,0,8,2,0,0,4,1,0,8,0,6,0.25,0.364,0.286,0.649,0.273,54.4,-0.09,-0.17
LG,보어,-0.43,32,117,100,7,17,2,0,3,28,17,0,0,11,3,0,30,2,0,0.17,0.265,0.28,0.545,0.263,52.8,-0.43,-0.23
LG,서건창,1.04,145,514,454,72,107,22,2,4,145,42,14,3,44,7,0,78,10,7,0.471,0.622,0.638,1.26,0.595,155.5,1.04,-2.04
LG,손호영,0.6,58,113,104,22,30,2,2,3,45,17,5,3,7,0,0,20,4,1,0.624,0.696,0.865,1.561,0.71,232.0,0.6,-0.31000000000000005
LG,송찬의,0.25,33,78,72,8,17,4,0,3,30,10,2,1,2,3,0,24,0,0,0.236,0.282,0.417,0.699,0.316,100.2,0.25,-0.65
LG,신민재,0.2,68,32,26,26,8,1,0,0,9,5,8,2,4,0,0,4,1,2,0.308,0.4,0.346,0.746,0.338,97.2,0.2,-0.13
LG,양석환,0.18,40,132,118,8,29,5,0,3,43,13,0,0,10,2,0,25,1,2,0.246,0.315,0.364,0.68,0.31,82.6,0.18,-0.75
LG,오지환,12.51,417,1692,1485,232,409,76,13,43,640,215,52,21,161,21,3,305,26,12,0.823,1.054,1.287,2.3409999999999997,1.067,352.4,12.51,3.24
LG,유강남,7.41,406,1388,1242,144,318,50,0,35,473,181,3,1,91,38,3,257,38,11,0.768,0.9730000000000001,1.141,2.115,0.974,289.9,7.41,0.24000000000000005
LG,이상호,0.05,105,148,137,14,38,4,0,0,42,17,3,3,5,1,0,16,3,5,0.558,0.617,0.6160000000000001,1.234,0.5700000000000001,134.9,0.05,-0.22999999999999998
LG,이성우,-0.23,108,127,110,7,25,1,0,3,35,13,0,0,7,0,0,22,4,10,0.446,0.524,0.576,1.1,0.473,64.30000000000001,-0.23,-0.5700000000000001
LG,이영빈,0.19,132,252,224,37,50,12,0,3,71,21,6,3,22,3,0,76,4,2,0.427,0.5760000000000001,0.608,1.1840000000000002,0.563,134.6,0.19,-0.51
LG,이재원,1.44,147,424,377,53,88,14,2,18,160,60,8,2,32,14,2,125,5,0,0.471,0.632,0.8360000000000001,1.468,0.673,218.4,1.44,0.010000000000000009
LG,이천웅,0.61,157,570,493,64,116,18,2,5,153,52,11,7,60,7,0,67,18,3,0.455,0.638,0.6040000000000001,1.2429999999999999,0.597,146.9,0.61,-1.69
LG,이형종,3.69,197,667,579,76,151,31,2,27,267,91,4,1,66,15,2,136,17,2,0.778,1.0230000000000001,1.2570000000000001,2.2800000000000002,1.0350000000000001,332.0,3.69,-2.2600000000000002
LG,장준원,0.0,46,68,60,10,13,3,0,1,19,6,0,0,6,0,0,7,2,1,0.217,0.284,0.317,0.6,0.275,58.5,0.0,-0.04
LG,정근우,-0.1,72,177,154,23,37,4,0,1,44,14,7,2,17,2,1,23,4,3,0.24,0.322,0.286,0.608,0.287,64.4,-0.1,0.1
LG,정주현,0.47,207,585,509,76,124,17,5,7,172,40,11,10,53,3,0,95,10,18,0.485,0.639,0.675,1.315,0.603,150.8,0.47,-1.29
LG,채은성,7.83,345,1438,1270,166,367,63,4,43,567,253,10,12,97,46,6,237,37,0,0.865,1.064,1.341,2.4050000000000002,1.093,372.4,7.83,2.2399999999999998
LG,허도환,0.29,64,92,85,7,21,5,0,1,29,6,0,0,2,2,0,26,2,3,0.247,0.281,0.341,0.622,0.28,71.2,0.29,-0.49
LG,홍창기,14.06,397,1683,1369,266,411,74,12,10,539,142,47,17,252,44,5,257,25,8,0.893,1.2570000000000001,1.18,2.437,1.154,401.3,14.06,8.55
NC,강진성,2.0,245,894,801,102,223,45,0,19,325,108,18,4,56,23,2,114,23,6,0.558,0.681,0.813,1.494,0.685,198.9,2.0,-0.54
NC,권희동,3.79,260,877,717,122,178,24,1,25,279,98,7,1,118,24,2,140,13,9,0.746,1.116,1.191,2.307,1.067,333.4,3.79,2.7
NC,김기환,0.020000000000000018,135,280,253,45,54,12,3,3,81,19,29,6,21,2,0,83,1,3,0.428,0.56,0.633,1.193,0.5569999999999999,126.2,0.020000000000000018,-1.56
NC,김성욱,-0.14,104,225,195,32,43,4,1,8,73,26,12,5,17,4,0,40,0,7,0.221,0.294,0.374,0.668,0.295,65.5,-0.14,-0.13
NC,김응민,-0.47,34,75,67,7,9,1,0,1,13,5,0,0,3,2,0,12,3,2,0.134,0.192,0.194,0.386,0.182,1.2,-0.47,-0.64
NC,김주원,2.54,165,515,439,55,102,17,3,15,170,63,16,5,47,16,1,146,9,11,0.46799999999999997,0.65,0.774,1.424,0.651,188.5,2.54,-0.99
NC,김준완,-0.1,45,75,65,8,14,1,0,1,18,5,0,0,10,0,0,9,3,0,0.215,0.32,0.277,0.597,0.292,65.2,-0.1,-0.29
NC,김찬형,0.26,56,72,64,10,19,6,0,0,25,7,3,1,4,1,0,11,0,2,0.297,0.343,0.391,0.734,0.329,89.7,0.26,0.17
NC,김태군,1.1600000000000001,182,407,345,39,84,13,0,8,121,42,0,1,27,15,0,44,7,16,0.512,0.6579999999999999,0.7130000000000001,1.37,0.619,155.39999999999998,1.1600000000000001,-0.10000000000000003
NC,김태진,-0.47,37,88,83,10,18,1,1,1,24,6,2,2,4,0,0,22,0,1,0.217,0.253,0.289,0.542,0.249,36.7,-0.47,0.03
NC,김형준,0.63,44,82,72,12,22,1,0,3,32,11,0,0,10,0,0,21,1,0,0.306,0.39,0.444,0.835,0.384,124.9,0.63,-0.17
NC,나성범,9.09,274,1207,1095,211,330,66,3,67,603,213,4,3,87,20,4,303,11,0,0.605,0.726,1.105,1.831,0.81,277.6,9.09,7.43
NC,노진혁,9.52,354,1319,1153,161,323,68,3,43,526,215,3,5,136,12,6,301,22,10,0.8420000000000001,1.083,1.362,2.444,1.104,359.9,9.52,3.29
NC,도태훈,-0.43000000000000005,167,239,205,28,42,8,0,3,59,22,1,0,19,5,0,37,8,7,0.398,0.572,0.5509999999999999,1.123,0.534,111.0,-0.43000000000000005,-2.37
NC,마티니,3.96,139,576,510,67,153,34,1,16,237,85,13,4,51,8,5,86,8,0,0.3,0.368,0.465,0.833,0.376,134.9,3.96,0.53
NC,모창민,0.34,62,149,136,10,41,10,2,2,61,13,0,0,8,1,1,22,5,2,0.301,0.34,0.449,0.789,0.347,100.2,0.34,0.45
NC,박건우,4.47,111,463,408,52,137,18,1,10,187,61,3,3,44,8,1,62,10,0,0.336,0.408,0.458,0.867,0.4,151.9,4.47,1.02
NC,박대온,-1.13,101,228,212,12,41,5,0,1,49,15,0,0,4,2,0,58,4,7,0.393,0.434,0.45999999999999996,0.894,0.41000000000000003,28.8,-1.13,-2.29
NC,박민우,7.43,280,1196,1037,173,312,54,9,13,423,119,46,13,100,32,7,126,23,12,0.873,1.113,1.173,2.286,1.0550000000000002,328.4,7.43,1.58
NC,박석민,5.18,198,711,574,88,160,25,0,24,257,106,0,1,111,13,3,113,22,6,0.712,1.095,1.137,2.233,1.039,312.3,5.18,2.33
NC,박준영,0.78,218,606,527,68,109,19,3,12,170,53,12,5,56,14,0,163,17,6,0.577,0.844,0.898,1.742,0.827,176.5,0.78,-3.45
NC,서호철,-0.17,89,214,195,26,40,8,0,2,54,14,3,1,12,4,0,41,6,3,0.205,0.265,0.277,0.542,0.255,52.0,-0.17,-1.68
NC,손아섭,2.07,138,617,548,72,152,29,4,4,201,48,6,3,59,3,2,76,9,1,0.277,0.347,0.367,0.714,0.333,105.7,2.07,1.43
NC,알테어,9.34,279,1111,974,173,268,39,9,63,514,192,42,8,103,23,5,305,16,0,0.55,0.71,1.0550000000000002,1.7650000000000001,0.78,256.7,9.34,4.89
NC,양의지,16.35,401,1608,1368,228,428,79,3,83,762,329,10,4,175,38,18,155,39,1,0.9359999999999999,1.194,1.664,2.859,1.2610000000000001,460.0,16.35,10.08
NC,오영수,0.09,83,259,231,25,55,10,0,6,83,31,0,5,22,3,0,58,4,0,0.238,0.309,0.359,0.668,0.311,89.8,0.09,0.33
NC,윤형준,-0.23,86,150,141,15,36,1,0,6,55,15,1,1,4,1,0,38,3,3,0.506,0.553,0.769,1.322,0.589,145.8,-0.23,-1.29
NC,이명기,3.19,286,1113,968,148,279,43,5,4,344,82,22,14,117,8,0,161,16,14,0.856,1.113,1.069,2.183,1.029,312.5,3.19,0.18999999999999995
NC,이상호,-0.69,82,65,61,18,8,1,0,0,9,4,6,4,3,0,0,5,2,1,0.131,0.172,0.148,0.319,0.155,-24.0,-0.69,-0.64
NC,이원재,-0.44999999999999996,104,215,197,18,49,7,2,4,72,24,2,0,12,1,1,37,4,3,0.489,0.563,0.679,1.241,0.562,117.3,-0.44999999999999996,-1.01
NC,전민수,0.09,91,150,138,15,36,5,0,3,50,18,0,0,12,0,1,37,2,0,0.53,0.623,0.7030000000000001,1.326,0.62,169.2,0.09,0.69
NC,정진기,-0.08,125,258,239,31,53,10,0,7,84,25,7,3,16,1,0,56,3,2,0.42000000000000004,0.545,0.6539999999999999,1.199,0.5609999999999999,127.5,-0.08,-0.76
NC,정현,0.12,56,120,96,9,22,3,1,0,27,7,0,1,14,4,0,20,6,6,0.229,0.351,0.281,0.632,0.302,74.6,0.12,-0.33
NC,지석훈,-0.08,115,185,155,28,30,9,0,1,42,14,1,0,21,4,0,45,4,2,0.354,0.602,0.474,1.077,0.54,103.4,-0.08,-0.84
NC,천재환,-0.23,29,36,35,4,5,1,0,1,9,1,1,0,0,1,0,11,1,0,0.143,0.167,0.257,0.424,0.194,9.2,-0.23,-0.8
NC,최승민,0.020000000000000018,92,68,65,27,18,1,0,0,19,4,10,6,1,0,0,14,1,2,0.55,0.5740000000000001,0.5820000000000001,1.155,0.535,115.89999999999999,0.020000000000000018,-0.6
NC,최정원,1.1,121,286,252,58,71,7,3,0,84,10,14,7,25,4,0,53,1,5,0.558,0.733,0.7210000000000001,1.4540000000000002,0.6799999999999999,196.10000000000002,1.1,-0.42999999999999994
SSG,고종욱,-0.09999999999999999,180,487,452,49,125,14,3,5,160,44,3,6,30,1,0,85,9,1,0.55,0.642,0.6990000000000001,1.342,0.63,163.6,-0.09999999999999999,-0.46
SSG,김강민,3.14,328,789,690,106,180,34,2,25,293,90,11,11,70,13,5,153,14,10,0.794,1.025,1.279,2.304,1.037,312.6,3.14,0.5900000000000001
SSG,김경호,-0.21,56,110,105,17,30,3,1,0,35,9,1,4,3,0,0,16,2,1,0.286,0.303,0.333,0.636,0.292,67.2,-0.21,-0.88
SSG,김민식,0.14,82,204,168,23,36,7,1,1,48,22,0,0,26,2,1,33,3,6,0.214,0.323,0.286,0.609,0.285,71.6,0.14,-0.42
SSG,김성현,1.5699999999999998,373,1025,882,99,226,33,2,10,293,99,9,6,90,8,0,92,31,35,0.773,0.987,1.018,2.005,0.9199999999999999,237.7,1.5699999999999998,-0.3400000000000001
SSG,김찬형,0.0,71,135,110,18,22,6,0,2,34,6,0,0,14,3,0,27,1,8,0.2,0.307,0.309,0.616,0.282,60.2,0.0,-0.19
SSG,김창평,0.02,35,90,78,10,15,4,1,0,21,7,7,0,11,0,0,16,2,0,0.192,0.289,0.269,0.558,0.269,52.3,0.02,0.26
SSG,남태혁,-0.36,35,72,66,3,13,1,0,1,17,11,0,0,6,0,0,22,2,0,0.197,0.264,0.258,0.522,0.25,37.4,-0.36,-0.38
SSG,노수광,0.15,29,83,75,13,20,2,2,1,29,5,2,4,7,0,0,16,0,1,0.267,0.329,0.387,0.716,0.325,88.9,0.15,0.0
SSG,라가레스,1.19,49,202,180,24,57,9,0,6,84,32,3,1,14,1,1,18,4,4,0.317,0.364,0.467,0.83,0.368,126.9,1.19,1.19
SSG,로맥,5.51,246,1007,840,140,217,43,0,52,416,143,5,2,150,10,6,199,14,0,0.507,0.7390000000000001,0.9710000000000001,1.7109999999999999,0.768,248.2,5.51,3.7199999999999998
SSG,박성한,7.8100000000000005,316,1147,1000,128,294,47,5,8,375,108,25,14,120,4,1,175,7,19,0.842,1.076,1.085,2.162,1.01,300.3,7.8100000000000005,2.3
SSG,안상현,0.1,83,87,77,21,16,2,0,3,27,9,5,1,6,1,0,27,2,3,0.41400000000000003,0.548,0.7010000000000001,1.249,0.565,124.5,0.1,-0.39999999999999997
SSG,오준혁,-0.21,143,278,255,29,64,11,0,5,90,29,0,3,20,1,1,64,7,1,0.7170000000000001,0.891,1.0310000000000001,1.9220000000000002,0.891,215.8,-0.21,-0.64
SSG,오태곤,1.78,306,751,682,124,177,36,1,18,269,88,34,14,41,14,1,151,11,10,0.788,0.9490000000000001,1.197,2.145,0.974,270.2,1.78,-0.2
SSG,윤석민,-0.46,34,76,73,4,14,2,0,3,25,12,0,0,2,0,0,12,3,0,0.192,0.211,0.342,0.553,0.242,30.9,-0.46,-0.34
SSG,이재원,1.1,292,843,727,74,164,27,0,9,218,79,1,2,73,19,8,115,39,18,0.666,0.9199999999999999,0.888,1.8079999999999998,0.8420000000000001,184.8,1.1,-2.89
SSG,이정범,0.36,19,66,59,8,15,4,0,3,28,9,0,0,7,0,0,15,1,0,0.254,0.333,0.475,0.808,0.368,115.6,0.36,-0.13
SSG,이현석,0.020000000000000018,97,198,180,14,39,7,0,6,64,26,1,0,8,3,0,59,4,5,0.444,0.526,0.738,1.2650000000000001,0.56,113.3,0.020000000000000018,-0.6900000000000001
SSG,이홍구,-0.39,23,53,48,3,9,1,0,1,13,3,0,0,3,1,0,16,3,0,0.188,0.245,0.271,0.516,0.242,31.3,-0.39,-0.41
SSG,이흥련,0.29,159,331,296,25,66,6,0,6,90,34,0,0,23,7,0,81,11,5,0.611,0.853,0.8320000000000001,1.685,0.801,153.6,0.29,-0.85
SSG,전의산,1.0,77,266,241,36,60,15,1,13,116,45,0,0,24,0,3,84,6,0,0.249,0.316,0.481,0.797,0.353,114.0,1.0,0.2
SSG,정의윤,-0.9,138,381,352,34,83,7,1,8,116,44,0,1,23,1,2,75,12,0,0.471,0.5609999999999999,0.6639999999999999,1.225,0.565,119.19999999999999,-0.9,-1.02
SSG,정진기,-0.22,50,140,126,14,30,2,2,2,42,15,7,1,7,1,1,34,2,4,0.238,0.279,0.333,0.613,0.27,51.2,-0.22,-0.03
SSG,정현,-0.53,89,128,112,14,17,4,0,2,27,4,0,2,11,2,0,34,3,3,0.152,0.24,0.241,0.481,0.227,22.0,-0.53,-0.61
SSG,채태인,0.85,71,189,160,11,45,5,0,7,71,24,0,0,29,0,2,33,4,0,0.281,0.392,0.444,0.835,0.38,121.5,0.85,-0.39
SSG,최경모,0.12,98,75,73,16,22,2,0,0,24,4,2,0,1,0,0,18,1,1,0.301,0.311,0.329,0.64,0.296,79.6,0.12,-0.31
SSG,최정,16.21,388,1613,1302,262,353,60,1,94,697,283,28,14,225,61,7,296,22,1,0.8140000000000001,1.188,1.605,2.793,1.24,440.1,16.21,13.64
SSG,최주환,2.88,213,803,704,86,167,30,2,27,282,108,2,1,82,13,6,139,12,0,0.46699999999999997,0.641,0.7909999999999999,1.433,0.659,190.3,2.88,-0.9299999999999999
SSG,최준우,-0.18,66,207,182,23,43,4,0,3,56,14,1,1,19,0,0,28,3,5,0.236,0.307,0.308,0.615,0.285,60.3,-0.18,-0.59
SSG,최지훈,7.290000000000001,407,1694,1497,234,414,70,15,16,562,133,75,19,136,20,0,228,17,28,0.8240000000000001,1.022,1.1139999999999999,2.138,0.986,286.1,7.290000000000001,-0.9299999999999997
SSG,최항,0.84,81,234,201,26,54,5,1,2,67,22,2,0,27,3,2,43,7,1,0.54,0.714,0.666,1.381,0.653,179.5,0.84,-0.33999999999999997
SSG,추신수,6.27,249,1079,870,161,228,39,3,37,384,127,40,14,174,25,5,223,14,2,0.524,0.7909999999999999,0.881,1.673,0.774,267.20000000000005,6.27,6.6
SSG,크론,-0.2,67,259,243,21,54,13,1,11,102,35,0,0,9,3,0,68,3,0,0.222,0.255,0.42,0.675,0.3,78.7,-0.2,-0.75
SSG,하재훈,0.14,60,114,107,18,23,6,1,6,49,13,1,0,4,1,0,40,0,0,0.215,0.246,0.458,0.704,0.308,83.3,0.14,-0.43
SSG,한유섬,9.11,332,1295,1093,168,292,56,2,67,553,226,4,1,156,32,11,282,27,1,0.791,1.1099999999999999,1.52,2.629,1.169,394.7,9.11,6.0
SSG,화이트,-0.06,9,30,22,3,3,1,0,1,7,4,0,0,6,2,0,1,0,0,0.136,0.367,0.318,0.685,0.337,92.6,-0.06,0.02
kt,강민국,-0.62,99,170,152,18,35,5,0,0,40,13,0,1,10,0,0,26,1,8,0.46799999999999997,0.5640000000000001,0.5409999999999999,1.105,0.51,80.3,-0.62,-0.48
kt,강백호,11.11,333,1465,1253,195,402,88,2,45,629,220,17,7,192,6,21,222,20,1,0.9219999999999999,1.173,1.436,2.609,1.176,403.5,11.11,9.07
kt,강현우,0.04,26,32,30,2,6,2,0,1,11,3,0,0,2,0,0,11,1,0,0.2,0.25,0.367,0.617,0.276,54.0,0.04,0.02
kt,권동진,0.13,132,125,104,30,22,6,1,1,33,10,7,3,19,0,0,46,0,2,0.39,0.571,0.59,1.1600000000000001,0.545,112.30000000000001,0.13,-0.29000000000000004
kt,김건형,-0.03,11,39,33,4,7,1,0,0,8,0,1,0,6,0,1,6,0,0,0.212,0.333,0.242,0.576,0.283,60.4,-0.03,0.06
kt,김민혁,0.8099999999999999,315,881,766,104,213,21,6,6,264,73,20,16,79,6,2,131,17,26,0.839,1.055,1.061,2.116,0.976,272.4,0.8099999999999999,1.07
kt,김병희,0.8399999999999999,75,154,125,24,30,5,0,6,53,19,3,3,20,6,0,40,2,2,0.497,0.757,0.917,1.674,0.75,252.8,0.8399999999999999,0.7300000000000001
kt,김준태,1.82,98,270,231,28,63,16,1,4,93,27,2,0,33,0,1,77,4,3,0.273,0.36,0.403,0.762,0.348,113.0,1.82,0.54
kt,김태훈,-0.22,44,91,87,6,20,4,1,1,29,6,1,0,2,1,0,19,1,1,0.23,0.256,0.333,0.589,0.271,52.0,-0.22,0.21
kt,라모스,0.21,18,80,72,10,18,1,1,3,30,11,2,0,4,2,0,18,2,1,0.25,0.304,0.417,0.721,0.323,96.5,0.21,-0.16
kt,로하스,7.76,142,628,550,116,192,39,1,47,374,135,0,1,65,5,5,132,11,0,0.349,0.417,0.68,1.097,0.467,180.5,7.76,7.29
kt,문상철,0.28,155,329,298,43,71,12,2,12,123,45,3,1,22,4,0,93,7,3,0.6950000000000001,0.869,1.206,2.075,0.937,246.7,0.28,-2.09
kt,박경수,1.4800000000000002,337,865,729,70,157,30,0,25,262,102,0,2,106,13,4,242,24,9,0.593,0.916,0.994,1.91,0.888,213.0,1.4800000000000002,-2.34
kt,박병호,3.85,124,487,429,72,118,17,0,35,240,98,5,3,40,12,3,131,7,0,0.275,0.349,0.559,0.909,0.399,147.8,3.85,3.71
kt,박승욱,0.34,97,128,110,23,29,3,2,1,39,10,5,1,11,4,0,37,1,2,0.264,0.349,0.355,0.704,0.327,87.0,0.34,-0.37
kt,배정대,9.15,432,1785,1551,237,421,72,6,31,598,189,60,24,187,21,2,400,20,13,0.8140000000000001,1.064,1.154,2.219,1.031,308.1,9.15,-0.2800000000000001
kt,송민섭,-0.31,355,187,152,77,29,2,3,1,40,15,19,6,22,1,0,53,0,11,0.585,0.899,0.809,1.709,0.783,144.29999999999998,-0.31,-0.3
kt,신본기,-0.20999999999999996,170,343,294,34,63,11,0,2,80,27,1,3,32,6,0,72,11,9,0.419,0.589,0.532,1.121,0.535,107.30000000000001,-0.20999999999999996,-2.27
kt,심우준,3.2,415,1444,1271,188,314,44,7,13,411,133,74,19,112,8,0,238,20,37,0.743,0.9299999999999999,0.973,1.902,0.876,205.5,3.2,-3.87
kt,알몬테,0.57,60,249,224,18,61,9,0,7,91,36,1,0,22,1,0,49,9,0,0.272,0.337,0.406,0.744,0.347,102.5,0.57,-0.46
kt,알포드,2.47,80,323,283,48,81,19,1,14,144,50,5,1,33,3,3,90,3,0,0.286,0.362,0.509,0.871,0.387,139.7,2.47,2.04
kt,오윤석,1.43,175,459,381,37,91,17,0,8,132,48,4,1,54,8,0,95,11,10,0.487,0.7150000000000001,0.7010000000000001,1.416,0.6599999999999999,192.2,1.43,-0.44999999999999996
kt,오태곤,-0.01,40,55,50,7,11,1,1,0,14,5,1,0,1,4,0,16,2,0,0.22,0.291,0.28,0.571,0.275,54.0,-0.01,0.01
kt,유한준,2.5,223,764,667,78,195,33,0,16,276,106,1,0,84,7,7,85,21,1,0.5900000000000001,0.758,0.829,1.587,0.734,229.7,2.5,2.1
kt,이홍구,-0.41,63,101,91,6,16,1,0,3,26,12,0,0,5,2,1,38,4,2,0.358,0.483,0.607,1.09,0.48,62.8,-0.41,-0.62
kt,장성우,7.34,374,1335,1147,133,294,39,0,45,468,197,2,2,150,6,5,212,43,20,0.769,1.0270000000000001,1.226,2.253,1.021,304.5,7.34,2.37
kt,장준원,0.23,35,63,57,7,14,2,0,3,25,10,1,0,3,0,0,17,5,3,0.246,0.283,0.439,0.722,0.31,86.8,0.23,0.12
kt,조용호,4.53,401,1528,1311,196,368,47,5,3,434,124,29,16,187,8,4,242,17,12,0.84,1.115,0.988,2.1029999999999998,1.009,293.2,4.53,4.04
kt,천성호,-0.06,107,124,111,22,26,4,0,0,30,5,2,1,10,3,0,24,0,0,0.489,0.6479999999999999,0.556,1.203,0.593,136.3,-0.06,-0.15999999999999998
kt,허도환,0.52,114,187,158,10,43,7,0,2,56,26,0,0,14,4,0,43,5,11,0.54,0.7,0.673,1.374,0.631,160.39999999999998,0.52,0.75
kt,호잉,0.76,68,294,259,32,62,11,1,11,108,52,5,2,26,4,2,52,2,0,0.239,0.313,0.417,0.73,0.332,93.5,0.76,-0.01
kt,홍현빈,-0.04,61,92,76,8,18,2,0,0,20,1,4,0,10,0,0,26,1,6,0.237,0.326,0.263,0.589,0.271,60.2,-0.04,-0.77
kt,황재균,10.71,392,1688,1513,241,437,75,10,41,655,217,28,13,146,13,6,289,40,6,0.865,1.063,1.292,2.355,1.075,337.6,10.71,3.02
두산,강승호,3.28,247,827,745,101,189,44,3,17,290,99,21,7,51,9,1,178,16,14,0.503,0.611,0.774,1.385,0.627,182.3,3.28,-0.4
두산,강진성,-0.26,40,94,80,7,13,2,0,1,18,8,4,0,11,2,1,20,2,1,0.163,0.28,0.225,0.505,0.245,46.2,-0.26,-0.49
두산,국해성,-0.14,46,94,86,10,20,1,0,3,30,17,1,1,6,1,2,21,2,0,0.233,0.287,0.349,0.636,0.282,64.4,-0.14,-0.04
두산,권민석,-0.07,55,57,50,6,13,2,0,0,15,7,1,0,3,0,0,15,0,2,0.26,0.291,0.3,0.591,0.266,49.2,-0.07,-0.45
두산,김대한,0.5,51,110,96,13,23,6,1,4,43,11,2,1,5,6,0,27,0,2,0.24,0.315,0.448,0.763,0.339,115.5,0.5,-0.09
두산,김민혁,0.79,38,97,88,11,25,2,0,5,42,16,0,0,7,2,0,25,6,0,0.284,0.351,0.477,0.828,0.377,142.7,0.79,0.11
두산,김인태,3.2199999999999998,293,807,663,91,164,26,1,14,234,84,1,2,124,8,1,127,19,7,0.708,1.109,1.012,2.121,1.017,313.9,3.2199999999999998,2.6
두산,김재호,1.9,311,972,835,97,208,30,1,4,252,84,7,5,102,8,1,112,29,15,0.713,0.973,0.868,1.8399999999999999,0.8760000000000001,214.1,1.9,-3.73
두산,김재환,12.71,405,1696,1438,232,378,73,4,80,699,287,10,4,233,10,10,414,28,0,0.788,1.096,1.456,2.552,1.146,414.09999999999997,12.71,5.35
두산,류지혁,0.42,20,31,24,10,10,2,0,1,15,4,0,1,1,3,0,5,1,1,0.417,0.467,0.625,1.092,0.457,180.6,0.42,0.2
두산,박건우,8.4,255,1076,945,185,297,71,2,20,432,133,21,2,92,23,4,137,25,3,0.629,0.769,0.913,1.682,0.769,265.0,8.4,3.3099999999999996
두산,박계범,2.08,195,553,467,65,118,20,1,7,161,60,9,6,56,12,1,108,9,13,0.488,0.6579999999999999,0.6739999999999999,1.3319999999999999,0.617,171.2,2.08,-0.29000000000000004
두산,박세혁,3.3,348,1095,948,105,236,43,3,7,306,122,11,7,90,23,1,159,17,20,0.736,0.964,0.95,1.914,0.896,229.0,3.3,-1.25
두산,안권수,0.7399999999999999,231,355,318,70,91,7,3,0,104,27,8,5,31,1,0,48,7,4,0.8049999999999999,0.957,0.899,1.8569999999999998,0.8700000000000001,205.2,0.7399999999999999,-0.9299999999999999
두산,안승한,0.32,30,39,36,5,12,3,0,0,15,8,0,0,2,0,0,12,0,1,0.333,0.368,0.417,0.785,0.356,122.1,0.32,0.21
두산,안재석,0.81,195,488,435,50,101,18,2,5,138,31,5,0,35,8,1,124,9,4,0.46799999999999997,0.5980000000000001,0.639,1.236,0.581,145.6,0.81,-1.9
두산,양석환,4.67,240,992,894,124,232,36,1,48,414,147,3,3,74,16,5,237,13,0,0.517,0.646,0.921,1.568,0.7070000000000001,243.3,4.67,1.98
두산,양찬열,0.43,41,94,82,15,20,4,0,3,33,12,0,0,11,0,0,23,2,1,0.244,0.333,0.402,0.736,0.337,113.1,0.43,0.38
두산,오재원,-0.46,148,284,256,33,53,12,1,5,82,36,13,7,23,0,0,76,7,1,0.571,0.723,0.836,1.559,0.725,115.10000000000001,-0.46,-1.5
두산,오재일,3.57,127,534,471,62,147,32,0,16,227,89,2,1,61,0,1,92,12,0,0.312,0.39,0.482,0.872,0.394,138.8,3.57,1.35
두산,이유찬,0.44,114,139,118,33,30,2,1,1,37,8,14,5,14,2,0,37,2,3,0.499,0.601,0.6479999999999999,1.249,0.5720000000000001,137.8,0.44,-0.3
두산,장승현,0.44999999999999996,152,320,273,24,61,13,0,2,80,36,0,0,24,12,0,77,4,9,0.44,0.6060000000000001,0.562,1.167,0.554,126.1,0.44999999999999996,-1.0899999999999999
두산,전민재,0.12,35,46,45,11,13,1,0,0,14,0,3,0,0,0,0,12,3,1,0.289,0.289,0.311,0.6,0.275,64.5,0.12,-0.11
두산,정상호,-0.68,42,92,86,3,14,6,0,0,20,8,0,0,2,0,0,29,4,3,0.163,0.18,0.233,0.412,0.182,-4.8,-0.68,-1.24
두산,정수빈,5.55,372,1365,1208,192,332,48,16,11,445,137,42,21,123,6,5,162,19,17,0.8160000000000001,1.017,1.101,2.118,0.976,281.2,5.55,2.2199999999999998
두산,조수행,1.27,276,278,241,82,62,6,2,2,78,21,46,13,28,4,0,63,5,3,0.784,1.014,0.9430000000000001,1.956,0.934,250.89999999999998,1.27,-0.12
두산,최용제,0.76,107,168,148,16,42,3,1,0,47,24,0,0,15,2,0,29,2,2,0.5740000000000001,0.71,0.649,1.359,0.647,174.7,0.76,0.78
두산,최주환,4.0,140,573,508,63,155,29,4,16,240,86,2,2,48,6,5,66,7,1,0.305,0.365,0.472,0.838,0.372,123.6,4.0,1.7
두산,페르난데스,9.3,424,1835,1634,229,526,81,0,42,733,263,0,3,158,21,4,122,85,0,0.964,1.1480000000000001,1.34,2.4859999999999998,1.1440000000000001,401.7,9.3,5.3
두산,허경민,8.91,374,1498,1337,190,400,72,2,20,536,177,29,16,107,29,6,103,43,8,0.899,1.081,1.205,2.286,1.055,339.1,8.91,2.5700000000000003
롯데,강로한,-0.17,21,35,33,7,4,0,0,2,10,4,0,0,2,0,0,18,0,0,0.121,0.171,0.303,0.475,0.215,15.3,-0.17,0.06
롯데,강태율,-0.72,38,69,58,1,5,2,0,1,10,8,0,1,6,1,0,19,3,3,0.17099999999999999,0.365,0.356,0.72,0.346,-20.200000000000003,-0.72,-1.0
롯데,고승민,1.95,92,262,234,31,74,15,1,5,106,30,1,4,25,0,0,47,6,2,0.316,0.381,0.453,0.834,0.381,134.4,1.95,1.34
롯데,김동한,-0.24,82,73,68,23,15,5,0,0,20,5,10,4,5,0,0,8,2,0,0.221,0.274,0.294,0.568,0.268,47.6,-0.24,-0.64
롯데,김민수,0.19,140,380,339,28,84,17,1,3,112,36,0,1,27,7,0,110,6,6,0.498,0.632,0.6519999999999999,1.284,0.604,151.5,0.19,-1.1400000000000001
롯데,김재유,1.04,155,325,290,47,80,9,0,2,95,27,17,2,22,7,0,71,3,6,0.546,0.6839999999999999,0.6439999999999999,1.3279999999999998,0.631,161.8,1.04,0.62
롯데,김준태,1.27,175,500,417,55,92,17,2,9,140,58,2,2,73,2,0,99,7,3,0.432,0.657,0.687,1.344,0.635,164.3,1.27,-0.08
롯데,나승엽,-0.21,60,128,113,16,23,2,0,2,31,10,1,0,14,0,0,33,1,0,0.204,0.289,0.274,0.563,0.276,55.7,-0.21,-0.56
롯데,렉스,2.3,56,251,218,32,72,10,1,8,108,34,3,0,26,5,2,44,4,0,0.33,0.41,0.495,0.906,0.411,156.3,2.3,1.32
롯데,마차도,5.8,278,1099,952,162,266,52,2,17,373,125,23,6,112,12,3,125,28,8,0.559,0.715,0.7829999999999999,1.4969999999999999,0.692,200.8,5.8,1.0499999999999998
롯데,민병헌,-0.8699999999999999,123,391,351,47,80,15,0,2,101,25,10,7,27,5,1,73,14,6,0.42300000000000004,0.583,0.5529999999999999,1.1360000000000001,0.54,101.0,-0.8699999999999999,-2.4400000000000004
롯데,박승욱,-0.13,100,228,198,29,45,7,2,1,59,16,8,2,16,2,0,69,1,12,0.227,0.292,0.298,0.59,0.266,55.6,-0.13,-0.61
롯데,배성근,-0.33999999999999997,101,150,132,24,24,5,0,1,32,9,1,0,16,0,0,48,4,2,0.33199999999999996,0.479,0.43400000000000005,0.913,0.44399999999999995,45.0,-0.33999999999999997,-0.8799999999999999
롯데,손아섭,8.26,280,1221,1082,186,363,72,2,14,481,143,16,6,122,5,7,123,24,4,0.671,0.8049999999999999,0.89,1.694,0.782,259.0,8.26,6.550000000000001
롯데,신본기,0.04,81,123,106,18,23,1,0,2,30,12,1,0,14,1,0,22,3,1,0.217,0.312,0.283,0.595,0.285,60.7,0.04,-0.3
롯데,신용수,0.51,120,209,187,31,47,9,4,3,73,13,6,2,15,4,0,35,2,2,0.496,0.624,0.802,1.426,0.655,186.39999999999998,0.51,-0.44
롯데,안중열,0.93,91,241,196,27,40,5,0,5,60,18,0,1,38,3,0,44,3,3,0.387,0.6559999999999999,0.583,1.2389999999999999,0.603,154.4,0.93,-0.15000000000000002
롯데,안치홍,8.7,375,1512,1326,178,387,85,5,32,578,194,24,11,138,15,8,157,34,17,0.8759999999999999,1.084,1.307,2.392,1.0819999999999999,340.6,8.7,2.22
롯데,오윤석,1.58,97,273,237,40,66,14,1,6,100,37,4,1,31,2,1,68,4,1,0.53,0.6910000000000001,0.843,1.533,0.7,204.6,1.58,-0.44
롯데,이대호,5.7,401,1667,1502,159,457,61,0,62,704,292,1,0,130,12,19,174,59,0,0.909,1.075,1.4020000000000001,2.4770000000000003,1.113,363.59999999999997,5.7,5.96
롯데,이병규,1.1099999999999999,82,237,198,32,53,4,0,9,84,36,0,0,36,2,0,69,7,0,0.509,0.776,0.698,1.476,0.716,218.3,1.1099999999999999,0.9
롯데,이학주,-0.4,91,260,232,29,48,11,1,3,70,15,2,4,16,2,0,54,3,9,0.207,0.263,0.302,0.565,0.256,49.3,-0.4,-1.92
롯데,이호연,-0.16,88,222,205,20,50,10,1,2,68,16,3,1,11,2,1,38,5,4,0.244,0.289,0.332,0.621,0.283,67.7,-0.16,-1.79
롯데,장두성,0.13,43,41,36,12,8,2,1,0,12,4,4,2,5,0,0,12,0,0,0.222,0.317,0.333,0.65,0.312,78.4,0.13,-0.17
롯데,전준우,11.09,407,1764,1584,256,492,111,2,44,739,256,17,11,140,16,1,223,45,4,0.931,1.1019999999999999,1.396,2.498,1.135,375.0,11.09,7.029999999999999
롯데,정보근,-2.1,180,378,332,17,58,4,0,1,65,20,1,0,25,3,0,87,11,16,0.34099999999999997,0.469,0.381,0.851,0.405,20.200000000000003,-2.1,-3.54
롯데,정훈,4.890000000000001,337,1377,1190,181,335,54,2,28,477,169,23,3,156,9,8,240,20,9,0.832,1.079,1.168,2.248,1.038,311.20000000000005,4.890000000000001,2.02
롯데,조세진,-0.76,39,88,86,6,16,3,0,0,19,6,0,1,1,0,0,25,4,1,0.186,0.195,0.221,0.416,0.192,5.7,-0.76,-0.64
롯데,지시완,1.52,148,386,340,39,77,16,0,10,123,43,0,0,34,7,1,109,13,4,0.45399999999999996,0.619,0.727,1.345,0.623,165.1,1.52,-0.3
롯데,추재현,0.5,128,366,320,47,79,19,0,5,113,31,5,3,33,8,0,74,4,5,0.476,0.654,0.659,1.313,0.625,165.89999999999998,0.5,-1.06
롯데,피터스,1.18,85,354,316,32,72,16,0,13,127,48,7,4,26,8,1,77,5,0,0.228,0.299,0.402,0.701,0.319,93.7,1.18,1.09
롯데,한동희,9.52,393,1526,1341,159,381,73,0,48,598,201,0,4,151,17,3,256,51,6,0.8520000000000001,1.084,1.337,2.4210000000000003,1.105,356.79999999999995,9.52,1.57
롯데,한태양,-0.49,38,72,61,14,9,1,0,0,10,3,1,0,5,2,0,24,1,4,0.148,0.235,0.164,0.399,0.194,7.2,-0.49,-0.19
롯데,허일,-0.59,60,95,84,5,15,4,0,1,22,6,0,0,8,1,0,29,4,2,0.179,0.258,0.262,0.52,0.244,32.8,-0.59,-0.46
롯데,황성빈,1.23,102,353,320,62,94,12,4,1,117,16,10,12,22,2,0,55,2,7,0.294,0.341,0.366,0.707,0.324,95.3,1.23,-0.39
삼성,강민호,8.99,372,1299,1157,139,322,55,1,50,529,194,0,0,117,11,10,165,56,1,0.836,1.041,1.3739999999999999,2.4139999999999997,1.085,340.4,8.99,2.59
삼성,강한울,2.58,251,632,554,69,163,20,1,2,191,63,7,4,60,0,0,130,10,12,0.888,1.084,1.043,2.126,0.99,288.1,2.58,-0.34
삼성,구자욱,10.299999999999999,356,1562,1398,246,422,80,15,42,658,203,57,10,126,17,8,273,20,3,0.9039999999999999,1.084,1.396,2.48,1.119,367.7,10.299999999999999,7.7
삼성,김도환,-0.36000000000000004,59,95,82,3,15,4,0,0,19,10,0,1,7,2,0,36,0,2,0.366,0.514,0.463,0.9770000000000001,0.46799999999999997,58.8,-0.36000000000000004,-0.64
삼성,김동엽,1.4800000000000002,214,754,693,89,194,35,0,26,307,102,6,8,43,8,0,143,17,1,0.771,0.8959999999999999,1.196,2.093,0.95,252.2,1.4800000000000002,0.6500000000000001
삼성,김민수,0.42,47,87,76,9,20,5,0,3,34,13,0,0,6,1,0,13,2,2,0.263,0.318,0.447,0.765,0.339,96.7,0.42,0.16
삼성,김상수,4.2,324,1227,1068,147,283,46,4,10,367,118,16,6,125,12,1,150,36,14,0.79,1.022,1.025,2.0460000000000003,0.961,265.4,4.2,-1.29
삼성,김성윤,0.15,48,49,42,14,8,3,0,1,14,2,10,2,5,1,0,10,0,1,0.19,0.292,0.333,0.625,0.289,72.9,0.15,-0.18
삼성,김응민,-0.23,45,85,76,7,17,1,0,0,18,5,0,0,5,1,0,22,1,3,0.224,0.281,0.237,0.517,0.245,35.6,-0.23,0.05
삼성,김재성,1.37,63,185,161,16,54,10,0,3,73,26,0,0,18,2,0,40,4,1,0.335,0.402,0.453,0.856,0.392,143.6,1.37,0.44
삼성,김재혁,0.15,15,39,33,5,8,1,0,0,9,3,4,0,4,1,0,9,0,0,0.242,0.333,0.273,0.606,0.296,79.3,0.15,0.1
삼성,김지찬,3.1,368,1052,911,159,241,18,7,2,279,64,69,12,96,4,0,139,3,34,0.786,0.993,0.908,1.9009999999999998,0.889,220.0,3.1,-0.9000000000000001
삼성,김태군,1.22,102,235,205,20,61,11,0,2,78,25,0,0,17,4,0,34,15,6,0.298,0.358,0.38,0.739,0.337,106.3,1.22,-0.17
삼성,김헌곤,-0.7500000000000002,295,886,795,82,195,24,2,8,247,81,15,10,65,9,0,99,26,6,0.7210000000000001,0.891,0.9119999999999999,1.803,0.85,190.4,-0.7500000000000002,-4.42
삼성,김현준,1.96,118,422,363,57,100,19,4,0,127,22,5,3,45,6,0,80,1,8,0.275,0.365,0.35,0.715,0.334,105.5,1.96,0.64
삼성,김호재,0.9700000000000001,152,228,193,28,55,7,0,1,65,17,2,0,25,5,0,33,1,4,0.549,0.738,0.643,1.381,0.661,184.60000000000002,0.9700000000000001,-0.12
삼성,박계범,-0.91,80,175,164,21,32,7,0,3,48,16,3,2,7,0,0,42,3,3,0.195,0.227,0.293,0.519,0.233,26.1,-0.91,-0.9
삼성,박승규,-0.74,212,357,322,47,75,14,0,4,101,23,7,6,19,5,0,56,8,10,0.656,0.84,0.911,1.751,0.8039999999999999,157.5,-0.74,-1.42
삼성,박찬도,-0.15,51,116,96,20,21,5,0,1,29,8,5,1,15,1,1,22,2,2,0.219,0.325,0.302,0.627,0.292,65.2,-0.15,-0.62
삼성,박해민,5.87,259,1083,943,162,274,40,6,16,374,109,70,27,108,6,3,159,10,16,0.581,0.728,0.792,1.5190000000000001,0.698,208.8,5.87,1.2799999999999998
삼성,살라디노,1.37,44,163,132,26,37,8,0,6,63,27,6,1,23,7,0,41,3,0,0.28,0.411,0.477,0.888,0.405,137.2,1.37,0.53
삼성,송준석,-0.18,68,137,127,13,29,7,0,3,45,12,0,0,6,3,0,24,6,1,0.65,0.8049999999999999,0.9770000000000001,1.782,0.826,169.0,-0.18,-0.5900000000000001
삼성,오선진,0.45,123,352,310,35,83,8,0,3,100,26,2,2,21,4,0,59,7,16,0.49,0.611,0.554,1.1640000000000001,0.5509999999999999,121.7,0.45,-0.99
삼성,오재일,5.63,255,1020,888,121,245,62,0,46,445,191,3,1,116,1,16,239,12,0,0.5529999999999999,0.711,1.0030000000000001,1.7149999999999999,0.76,255.7,5.63,4.29
삼성,이성곤,0.27,62,154,139,16,39,7,0,5,61,18,2,0,11,0,0,38,3,2,0.281,0.329,0.439,0.768,0.34,95.2,0.27,-0.23
삼성,이성규,-1.17,111,279,243,30,41,7,1,10,80,31,3,1,23,7,0,72,8,4,0.255,0.522,0.435,0.9570000000000001,0.479,68.5,-1.17,-1.87
삼성,이원석,3.63,340,1282,1090,117,277,49,0,32,422,193,1,1,142,18,5,232,25,6,0.766,1.028,1.17,2.198,1.01,294.3,3.63,1.24
삼성,이재현,-0.05,75,239,230,23,54,4,0,7,79,23,0,0,5,1,0,44,6,3,0.235,0.254,0.343,0.598,0.271,59.0,-0.05,-0.82
삼성,이학주,0.32,130,417,361,47,79,19,0,8,122,48,8,4,40,3,1,119,6,8,0.434,0.591,0.675,1.266,0.58,129.0,0.32,-0.61
삼성,이해승,-0.38,46,106,99,11,23,3,0,0,26,5,0,0,1,0,0,29,1,6,0.232,0.24,0.263,0.503,0.222,28.3,-0.38,-0.34
삼성,최영진,0.65,145,272,238,29,61,8,2,4,85,27,5,5,26,5,0,48,6,2,0.766,1.012,1.0899999999999999,2.101,0.987,282.6,0.65,-0.83
삼성,팔카,-0.66,51,217,196,17,41,7,0,8,72,23,2,0,18,0,0,58,5,0,0.209,0.272,0.367,0.639,0.288,60.3,-0.66,-0.64
삼성,피렐라,10.66,281,1251,1114,204,350,58,6,57,591,206,24,11,112,20,14,170,27,0,0.628,0.77,1.06,1.831,0.823,298.0,10.66,7.470000000000001
키움,김규민,-0.56,54,111,101,13,21,2,1,1,28,6,1,0,5,1,0,24,3,3,0.208,0.25,0.277,0.527,0.24,31.9,-0.56,-1.13
키움,김수환,-0.11000000000000001,70,211,180,23,33,8,0,6,59,19,0,0,23,3,0,73,2,3,0.379,0.53,0.7070000000000001,1.237,0.565,140.5,-0.11000000000000001,-0.71
키움,김웅빈,1.48,215,648,553,65,138,31,2,14,215,76,2,3,64,16,4,176,10,10,0.739,1.016,1.135,2.151,0.982,287.2,1.48,-0.43999999999999995
키움,김재현,-0.1,95,139,128,6,27,11,0,1,41,16,0,1,5,1,0,31,4,4,0.424,0.498,0.663,1.1600000000000001,0.5189999999999999,99.0,-0.1,-0.87
키움,김주형,0.8200000000000001,130,250,203,29,41,13,1,2,62,16,2,1,12,28,0,54,4,6,0.613,1.02,0.921,1.9409999999999998,0.9339999999999999,248.0,0.8200000000000001,-1.1300000000000001
키움,김준완,-0.13,111,398,317,43,60,10,2,1,77,28,1,1,64,8,0,71,4,6,0.189,0.337,0.243,0.58,0.288,74.9,-0.13,-0.86
키움,김태진,0.29,70,272,250,35,68,5,1,0,75,20,1,2,17,1,0,28,4,3,0.272,0.32,0.3,0.62,0.293,77.5,0.29,-0.12
키움,김하성,6.83,138,622,533,111,163,24,1,30,279,109,23,2,75,8,3,68,12,3,0.306,0.397,0.523,0.921,0.407,147.0,6.83,4.22
키움,김혜성,12.25,415,1753,1574,260,476,62,16,14,612,175,105,18,157,3,6,274,23,2,0.907,1.089,1.169,2.257,1.052,328.8,12.25,3.63
키움,김휘집,1.2000000000000002,146,482,403,49,83,13,1,9,125,44,1,0,52,16,0,138,6,6,0.351,0.605,0.522,1.127,0.55,127.19999999999999,1.2000000000000002,-1.7
키움,러셀,0.42,65,271,244,22,62,14,0,2,82,31,2,0,22,2,1,37,6,0,0.254,0.317,0.336,0.653,0.305,75.0,0.42,-1.03
키움,모터,-0.43,10,37,35,4,4,0,0,1,7,3,0,0,1,0,0,10,0,0,0.114,0.135,0.2,0.335,0.149,-24.6,-0.43,-0.64
키움,박동원,5.49,254,893,770,107,191,45,0,35,341,137,2,0,98,13,0,190,22,7,0.711,1.03,1.28,2.311,1.056,342.5,5.49,1.44
키움,박병호,3.2800000000000002,211,860,718,104,162,30,0,41,315,142,0,1,104,23,5,255,17,0,0.45,0.6759999999999999,0.88,1.5550000000000002,0.7,222.10000000000002,3.2800000000000002,0.51
키움,박정음,0.0,86,47,43,20,8,0,1,0,10,2,9,1,2,2,0,14,0,0,0.186,0.255,0.233,0.488,0.238,28.9,0.0,-0.14
키움,박주홍,-0.46,44,113,96,8,16,3,1,0,21,6,1,1,17,0,1,39,2,0,0.33,0.583,0.43499999999999994,1.018,0.511,97.0,-0.46,-0.56
키움,박준태,1.7,207,585,463,90,105,20,1,6,145,43,6,1,86,23,0,169,4,10,0.598,1.04,0.849,1.8900000000000001,0.9319999999999999,249.89999999999998,1.7,0.08000000000000007
키움,박찬혁,0.03,52,175,161,13,34,5,0,6,57,17,0,1,9,5,0,67,1,0,0.211,0.274,0.354,0.628,0.291,81.8,0.03,-0.36
키움,변상권,-0.26,107,235,221,26,55,10,4,1,76,36,0,0,10,0,0,60,4,0,0.513,0.556,0.724,1.2810000000000001,0.5840000000000001,132.6,-0.26,0.77
키움,서건창,3.87,211,927,761,124,206,40,6,9,285,80,30,14,136,11,3,101,17,6,0.537,0.762,0.74,1.501,0.709,216.8,3.87,1.6199999999999999
키움,송성문,2.9499999999999997,208,875,792,97,196,31,5,19,294,112,0,1,70,2,6,107,10,3,0.496,0.622,0.742,1.3639999999999999,0.628,178.3,2.9499999999999997,-0.97
키움,송우현,1.51,69,282,250,34,74,17,2,3,104,42,1,1,28,2,1,49,4,1,0.296,0.37,0.416,0.786,0.368,117.4,1.51,0.62
키움,신준우,-0.25,132,105,85,13,13,6,0,0,19,4,0,1,11,5,0,40,1,3,0.30700000000000005,0.569,0.44699999999999995,1.016,0.502,88.4,-0.25,-0.43000000000000005
키움,예진원,-0.75,52,132,114,16,18,6,1,1,29,8,0,1,12,2,0,28,2,3,0.158,0.248,0.254,0.502,0.24,32.5,-0.75,-1.33
키움,이병규,-0.3,24,40,38,7,7,1,1,0,10,5,1,0,2,0,0,11,0,0,0.184,0.225,0.263,0.488,0.228,32.1,-0.3,-0.21
키움,이용규,2.69,219,873,730,122,190,22,8,1,231,64,28,4,116,12,2,88,12,7,0.495,0.718,0.594,1.312,0.641,180.4,2.69,2.37
키움,이정후,21.52,405,1788,1561,248,541,127,21,45,845,298,27,5,187,18,19,116,34,2,1.042,1.256,1.621,2.876,1.288,490.5,21.52,13.7
키움,이주형,-0.29,32,85,71,7,12,0,0,1,15,8,0,0,10,3,0,27,0,0,0.169,0.294,0.211,0.505,0.257,55.7,-0.29,-0.39
키움,이지영,2.73,346,996,914,89,256,28,7,2,304,103,5,3,58,7,5,89,34,13,0.8480000000000001,0.993,0.996,1.987,0.927,242.1,2.73,-2.35
키움,이택근,-0.21,20,64,57,5,11,5,0,0,16,7,0,0,7,0,0,21,1,0,0.193,0.281,0.281,0.562,0.269,51.6,-0.21,-0.11
키움,임병욱,0.21,12,41,37,3,10,4,0,0,14,6,3,0,4,0,1,10,1,0,0.27,0.342,0.378,0.72,0.325,88.2,0.21,0.27
키움,임지열,0.03,59,178,156,21,39,6,0,1,48,15,1,1,14,3,0,53,3,3,0.395,0.5980000000000001,0.46399999999999997,1.062,0.531,111.0,0.03,-0.6900000000000001
키움,전병우,0.84,348,893,769,95,165,28,3,19,256,100,10,1,87,18,0,250,12,15,0.628,0.9179999999999999,0.982,1.9,0.886,224.4,0.84,-0.01
키움,주효상,-0.14,63,101,84,6,16,4,0,0,20,7,0,0,13,0,0,26,0,3,0.19,0.296,0.238,0.534,0.257,43.7,-0.14,0.07
키움,크레익,0.3,61,247,222,25,55,12,0,6,85,30,0,1,20,4,1,43,4,0,0.248,0.32,0.383,0.703,0.328,93.9,0.3,-0.52
키움,푸이그,3.78,126,547,473,65,131,30,0,21,224,73,6,3,58,12,1,100,6,0,0.277,0.368,0.474,0.841,0.382,143.4,3.78,1.35
키움,프레이타스,-0.04,43,148,139,13,36,10,0,2,52,14,0,0,7,1,0,29,7,0,0.259,0.297,0.374,0.671,0.313,81.8,-0.04,-0.65
키움,허정협,0.91,139,411,359,49,91,12,0,10,133,45,0,0,46,2,0,83,8,3,0.42400000000000004,0.608,0.557,1.165,0.564,123.5,0.91,1.49
한화,강경학,0.4,94,238,193,25,44,7,1,4,65,19,1,2,35,3,0,64,2,5,0.228,0.352,0.337,0.689,0.322,86.8,0.4,0.57
한화,강상원,-0.21,35,49,37,7,4,0,0,0,4,2,3,0,9,1,0,11,0,2,0.108,0.298,0.108,0.406,0.229,26.0,-0.21,-0.23
한화,권광민,0.14,32,87,71,6,16,3,1,0,21,8,0,1,13,1,0,30,0,0,0.225,0.345,0.296,0.641,0.31,90.1,0.14,-0.62
한화,김문호,0.05,18,52,46,6,10,1,0,2,17,5,0,0,5,1,0,11,1,0,0.217,0.308,0.37,0.677,0.312,80.3,0.05,0.17
한화,김민하,0.38,82,227,189,24,45,10,1,2,63,28,6,3,25,10,0,52,5,1,0.493,0.714,0.692,1.407,0.673,194.6,0.38,-0.5
한화,김인환,0.73,113,429,398,48,104,14,0,16,166,54,2,0,24,3,2,111,4,0,0.261,0.305,0.417,0.722,0.327,100.3,0.73,-1.43
한화,김태균,-0.53,67,254,219,14,48,11,0,2,65,29,0,0,30,2,3,42,8,1,0.219,0.316,0.297,0.613,0.288,64.6,-0.53,-0.5
한화,김태연,2.86,172,684,580,75,150,30,0,10,210,87,8,5,82,10,1,150,13,3,0.5409999999999999,0.743,0.757,1.501,0.7070000000000001,227.9,2.86,0.54
한화,노수광,0.32999999999999996,240,788,691,80,162,33,7,7,230,60,39,10,76,4,3,201,5,13,0.7050000000000001,0.9410000000000001,0.985,1.9260000000000002,0.899,229.0,0.32999999999999996,-1.86
한화,노시환,7.23,329,1335,1160,157,301,60,4,36,477,186,11,5,154,11,11,318,36,1,0.772,1.04,1.235,2.275,1.041,323.0,7.23,1.71
한화,노태형,-0.7,73,162,145,20,27,5,1,0,34,7,0,1,13,3,0,46,0,1,0.332,0.511,0.41500000000000004,0.924,0.463,55.5,-0.7,-0.72
한화,박상언,0.22,94,198,180,20,40,8,1,4,62,19,0,3,11,1,0,44,3,5,0.441,0.515,0.649,1.1640000000000001,0.526,106.0,0.22,-1.1099999999999999
한화,박정현,-0.24000000000000002,144,404,373,39,88,11,1,4,113,37,7,1,24,1,0,105,5,5,0.7190000000000001,0.858,0.928,1.786,0.834,185.3,-0.24000000000000002,-2.06
한화,반즈,1.23,74,319,283,38,75,17,1,9,121,42,2,1,27,7,1,81,4,0,0.265,0.342,0.428,0.769,0.349,104.5,1.23,0.31
한화,백용환,-0.27,36,95,81,10,12,1,0,4,25,4,0,0,9,3,0,24,4,2,0.148,0.258,0.309,0.567,0.265,50.3,-0.27,0.44
한화,변우혁,0.14,21,61,61,5,16,3,0,3,28,8,0,0,0,0,0,21,3,0,0.262,0.262,0.459,0.721,0.322,97.1,0.14,-0.76
한화,송광민,-0.19,94,298,277,31,65,12,0,9,104,43,0,0,14,3,1,69,17,1,0.235,0.276,0.375,0.652,0.291,66.5,-0.19,-1.29
한화,오선진,-0.13,93,222,197,17,46,4,0,2,56,17,0,1,16,3,0,39,10,6,0.234,0.301,0.284,0.585,0.274,55.6,-0.13,-1.03
한화,유로결,-0.82,30,68,60,5,8,0,0,0,8,4,0,0,4,1,0,9,1,3,0.133,0.2,0.133,0.333,0.164,-11.4,-0.82,-1.05
한화,유상빈,0.16,17,49,46,3,15,5,0,0,20,4,0,1,0,0,0,11,0,2,0.326,0.319,0.435,0.754,0.327,101.0,0.16,0.31
한화,유장혁,-1.16,64,158,140,14,21,6,0,1,30,7,2,2,12,2,0,57,2,2,0.31,0.45699999999999996,0.41400000000000003,0.873,0.427,31.7,-1.16,-1.5099999999999998
한화,이도윤,-1.14,136,194,176,14,29,7,0,1,39,10,4,4,12,0,0,48,2,5,0.33399999999999996,0.437,0.423,0.8600000000000001,0.40800000000000003,27.1,-1.14,-1.96
한화,이성곤,0.75,101,323,271,23,65,17,2,1,89,29,2,4,46,3,0,84,4,1,0.459,0.6890000000000001,0.62,1.308,0.636,180.0,0.75,-1.28
한화,이성열,-1.21,125,388,346,38,71,13,0,10,114,54,2,1,34,6,0,105,6,0,0.41300000000000003,0.5840000000000001,0.658,1.2429999999999999,0.585,136.5,-1.21,-0.8099999999999998
한화,이시원,-0.95,70,101,91,13,14,1,0,0,15,3,2,2,3,3,0,26,2,4,0.294,0.387,0.313,0.7000000000000001,0.337,-26.799999999999997,-0.95,-1.0899999999999999
한화,이용규,2.21,120,487,419,60,120,14,2,1,141,32,17,8,59,6,0,36,9,2,0.286,0.381,0.337,0.718,0.345,102.8,2.21,1.07
한화,이원석,-1.0,63,169,149,16,24,1,1,2,33,10,4,2,11,2,0,61,2,5,0.289,0.422,0.42800000000000005,0.8500000000000001,0.402,22.4,-1.0,-1.8900000000000001
한화,이진영,-0.18,70,240,220,27,44,12,1,8,82,31,2,2,17,0,0,90,4,0,0.2,0.254,0.373,0.627,0.283,71.1,-0.18,-1.9
한화,이해창,0.050000000000000044,90,195,173,15,41,8,0,3,58,21,0,3,10,5,0,36,6,4,0.43600000000000005,0.529,0.609,1.137,0.517,91.5,0.050000000000000044,-1.14
한화,임종찬,-1.6700000000000002,114,322,293,16,55,11,0,4,78,26,0,3,24,2,1,110,5,2,0.5720000000000001,0.753,0.839,1.591,0.741,121.8,-1.6700000000000002,-1.7000000000000002
한화,장운호,-0.19999999999999998,159,484,407,48,96,13,0,1,112,43,3,8,53,10,1,101,9,9,0.473,0.672,0.5569999999999999,1.23,0.594,152.1,-0.19999999999999998,-1.66
한화,장지승,-0.3,24,72,61,7,11,1,0,1,15,5,2,0,7,1,0,24,4,2,0.18,0.271,0.246,0.517,0.249,40.1,-0.3,-0.7
한화,장진혁,-0.31,60,169,148,13,32,2,1,2,42,18,4,2,17,0,0,34,1,1,0.389,0.5680000000000001,0.521,1.088,0.525,105.60000000000001,-0.31,-1.2
한화,정기훈,-0.12,29,36,31,9,5,2,0,0,7,2,0,1,3,2,0,15,0,0,0.161,0.278,0.226,0.504,0.254,41.7,-0.12,-0.34
한화,정은원,9.08,358,1512,1257,180,343,51,9,17,463,117,30,18,231,7,1,255,23,10,0.8069999999999999,1.148,1.089,2.237,1.063,338.9,9.08,0.75
한화,정진호,-0.09999999999999998,163,493,427,39,111,23,1,2,142,34,13,8,44,4,2,72,10,14,0.505,0.649,0.645,1.293,0.597,144.5,-0.09999999999999998,-1.5699999999999998
한화,조한민,-0.020000000000000004,77,197,177,22,36,10,2,5,65,20,3,2,13,4,0,79,4,1,0.41700000000000004,0.528,0.694,1.222,0.56,121.1,-0.020000000000000004,-1.17
한화,최인호,-0.45999999999999996,96,299,263,25,58,6,0,4,76,31,2,1,28,3,0,77,4,1,0.44199999999999995,0.5900000000000001,0.5740000000000001,1.165,0.558,119.6,-0.45999999999999996,-1.9
한화,최재훈,8.22,356,1293,1078,136,286,54,0,15,385,110,4,3,144,50,2,177,40,15,0.799,1.127,1.072,2.198,1.042,323.1,8.22,0.22999999999999998
한화,최진행,-0.08,84,240,214,23,50,5,0,8,79,30,0,0,18,5,0,59,11,0,0.234,0.304,0.369,0.673,0.309,78.1,-0.08,-0.59
한화,터크먼,4.98,144,648,575,88,166,37,4,12,247,43,19,11,64,7,5,104,12,0,0.289,0.366,0.43,0.795,0.365,126.8,4.98,0.8
한화,페레즈,0.69,59,252,225,26,60,15,1,5,92,33,4,5,17,4,0,52,4,0,0.267,0.321,0.409,0.73,0.337,98.6,0.69,-0.5
한화,하주석,5.3,335,1358,1231,156,333,56,5,17,450,158,47,13,95,15,2,327,16,9,0.817,0.979,1.085,2.065,0.96,269.9,5.3,-2.08
한화,허관회,-0.16,28,79,63,4,12,0,0,0,12,2,0,0,13,1,0,22,1,0,0.19,0.329,0.19,0.52,0.277,58.2,-0.16,-0.57
한화,호잉,-0.55,34,134,124,12,24,4,0,4,40,14,5,3,9,1,0,34,4,0,0.194,0.254,0.323,0.576,0.265,48.8,-0.55,-0.5
한화,힐리,0.35,67,268,249,27,64,11,1,7,98,37,2,1,16,2,0,58,6,0,0.257,0.306,0.394,0.7,0.325,91.0,0.35,-0.57
