팀,이름,WAR,출장,완투,완봉,선발,승,패,세이브,홀드,이닝,실점,자책,타자,안타,2타,3타,홈런,볼넷,고4,사구,삼진,보크,폭투,WPA
KIA,가뇽,2.84,28,0,0,28,11,8,0,0,159.2,86,77,702,162,33,8,7,64,0,9,141,0,13,-0.55
KIA,고영창,0.6300000000000001,99,0,0,0,1,4,1,8,105.1,70,64,487,142,28,0,5,37,2,10,38,2,6,-1.54
KIA,김기훈,0.8099999999999999,27,0,0,7,0,4,0,1,60.2,36,32,274,62,11,1,8,38,0,2,48,0,3,-0.8400000000000001
KIA,김도현,-0.06,4,0,0,2,0,1,0,0,10.2,7,7,48,14,1,0,2,5,0,0,11,0,0,-0.28
KIA,김명찬,-0.07,21,0,0,0,0,1,0,1,8.2,7,6,54,13,3,0,2,12,0,2,11,0,4,-1.53
KIA,김사윤,-0.23,31,0,0,0,3,0,0,2,27.0,21,21,128,23,5,2,2,24,0,4,23,0,3,-0.25
KIA,김승범,-0.01,1,0,0,0,0,0,0,0,1.0,1,1,5,1,0,0,0,2,0,0,0,0,1,0.0
KIA,김유신,-0.94,25,0,0,11,3,6,0,0,68.3,58,56,319,72,16,1,14,51,0,2,38,0,0,-1.59
KIA,김재열,-0.22,85,0,0,0,2,3,1,7,92.30000000000001,67,57,434,96,20,2,12,52,3,8,67,1,4,-0.63
KIA,김현수,-0.73,33,0,0,12,2,6,0,0,79.30000000000001,71,67,405,101,24,3,11,68,0,5,47,0,2,-1.4800000000000002
KIA,김현준,-0.72,46,0,0,0,1,2,0,3,47.5,47,41,231,54,13,2,6,30,3,3,40,0,0,-0.52
KIA,남재현,-0.30000000000000004,13,0,0,1,0,1,0,1,23.2,25,20,123,30,7,1,3,21,0,1,13,0,1,-0.12
KIA,남하준,-0.28,11,0,0,0,1,1,0,1,10.1,11,10,55,18,4,0,4,6,0,1,6,0,1,-0.38
KIA,놀린,3.49,21,0,0,21,8,8,0,0,124.0,41,34,512,115,19,2,7,24,1,8,108,1,4,1.79
KIA,다카하시,0.37,7,0,0,7,1,3,0,0,36.2,22,20,168,46,4,0,4,12,0,4,46,0,4,-0.32
KIA,로니,-0.78,10,0,0,9,3,3,0,0,44.1,36,29,208,47,7,1,7,28,0,3,32,1,2,-1.18
KIA,멩덴,3.09,21,0,0,21,8,3,0,0,120.0,53,48,502,109,18,2,12,35,0,8,104,3,2,0.51
KIA,문경찬,0.25,25,0,0,0,0,2,10,0,24.0,15,14,109,29,5,1,6,6,0,2,26,0,0,-0.21
KIA,박건우,0.13,3,0,0,0,0,0,0,0,3.0,0,0,11,2,0,0,0,1,0,1,3,0,0,0.01
KIA,박정수,0.18,7,0,0,0,0,0,0,1,7.1,3,3,28,5,2,1,1,4,0,1,5,0,0,-0.02
KIA,박준표,2.3800000000000003,116,0,0,0,10,5,6,23,106.30000000000001,55,44,475,110,16,1,10,35,5,17,73,0,2,-0.1399999999999999
KIA,박진태,-0.48,71,0,0,0,3,3,0,9,83.2,71,70,410,100,18,0,15,52,0,17,59,0,5,-1.1900000000000002
KIA,변시원,-0.09,5,0,0,0,1,0,0,0,5.2,6,4,32,9,1,0,0,6,0,1,1,0,0,-0.019999999999999997
KIA,브룩스,9.22,36,1,1,36,14,9,0,0,229.1,77,71,919,224,30,1,8,40,0,4,185,1,3,3.93
KIA,서덕원,-0.32999999999999996,35,0,0,0,1,0,0,1,44.400000000000006,40,39,207,50,10,1,12,18,0,3,30,0,6,-0.85
KIA,송후섭,-0.21,1,0,0,0,0,0,0,0,0.1,6,6,7,4,1,0,0,1,0,1,0,0,0,0.0
KIA,양승철,-0.17,15,0,0,1,0,0,0,0,28.2,26,25,144,41,9,0,4,24,0,3,13,0,3,-0.27
KIA,양현종,4.2,61,0,0,61,23,17,0,0,347.2,185,165,1489,350,73,7,27,114,1,8,290,0,10,-0.71
KIA,유승철,-0.69,21,0,0,0,3,0,0,0,19.0,20,16,93,21,5,0,5,16,1,0,14,0,8,0.05
KIA,윤중현,1.43,77,0,0,13,8,7,0,7,135.4,76,66,613,154,15,1,11,45,0,19,60,0,3,-0.96
KIA,이민우,-2.21,39,1,0,35,7,17,0,0,167.0,147,138,785,217,33,7,19,81,0,13,96,1,5,-5.05
KIA,이승재,-0.33999999999999997,26,0,0,0,2,1,0,5,25.0,20,20,122,26,2,0,5,18,0,4,18,1,3,-0.42
KIA,이의리,3.6100000000000003,48,0,0,47,14,15,0,0,248.2,121,104,1075,197,37,4,24,130,0,11,254,0,12,-0.22000000000000003
KIA,이준영,1.62,173,0,0,1,4,5,2,39,104.5,56,51,474,102,18,1,7,58,4,0,90,0,6,-0.75
KIA,임기영,4.98,79,0,0,76,21,31,1,0,409.29999999999995,228,217,1776,444,80,5,45,114,1,25,317,3,11,-1.62
KIA,장민기,0.43,21,0,0,0,2,1,0,2,23.1,11,9,114,13,3,1,1,29,0,4,22,0,2,-0.67
KIA,장재혁,0.0,3,0,0,0,0,0,0,0,3.0,2,2,15,3,0,0,0,3,0,0,4,0,3,-0.02
KIA,장지수,0.41000000000000003,10,0,0,0,0,0,0,0,16.1,6,5,76,11,2,0,1,14,0,3,6,0,2,0.04999999999999999
KIA,장현식,2.7300000000000004,151,0,0,3,6,12,2,59,159.3,90,86,728,173,31,4,18,84,4,6,142,0,21,-0.31999999999999995
KIA,전상현,2.9000000000000004,112,0,0,0,8,7,17,36,106.30000000000001,47,35,452,92,19,1,7,44,2,0,125,0,5,2.87
KIA,정해영,7.04,166,0,0,0,13,14,67,11,158.3,54,51,679,143,27,2,10,70,4,6,124,0,8,3.53
KIA,차명진,-0.33,5,0,0,3,0,1,0,0,10.299999999999999,14,14,63,15,3,0,1,13,0,3,6,0,0,-0.42
KIA,최용준,-0.4,3,0,0,2,0,1,0,0,6.1,10,10,39,11,4,1,3,7,0,1,6,0,0,-0.41
KIA,최정용,0.01,1,0,0,0,0,0,0,0,0.1,0,0,2,1,0,1,0,0,0,0,0,0,0,0.0
KIA,최지민,-0.27,6,0,0,0,0,0,0,0,6.0,9,9,36,12,2,0,1,5,0,1,7,0,1,-0.15
KIA,파노니,1.9,14,0,0,14,3,4,0,0,82.2,32,24,348,78,6,1,5,24,0,2,73,0,5,0.58
KIA,한승혁,-0.55,32,0,0,21,4,6,0,0,103.3,67,59,479,125,18,4,4,50,0,8,86,0,8,-2.16
KIA,홍건희,0.1,10,0,0,0,0,0,0,0,12.0,8,8,48,11,2,2,3,2,0,0,9,0,0,-0.51
KIA,홍상삼,1.3599999999999999,130,0,0,0,10,7,0,30,105.2,62,60,489,84,27,0,14,88,2,7,113,0,12,-0.56
KIA,황윤호,-0.01,2,0,0,0,0,0,0,0,0.30000000000000004,1,0,5,2,0,0,0,0,0,0,0,0,0,0.0
KIA,황인준,0.08,3,0,0,0,0,0,0,0,4.0,2,2,18,6,1,0,1,2,0,0,1,0,0,0.0
LG,강효종,0.09,1,0,0,1,1,0,0,0,5.0,2,2,22,5,0,0,0,4,0,0,4,0,0,0.05
LG,고우석,7.49,164,0,0,0,5,11,89,1,159.4,49,43,663,121,26,2,11,63,10,6,199,0,11,3.6700000000000004
LG,고효준,0.04,3,0,0,0,0,0,0,0,2.1,1,1,10,3,0,1,0,0,0,0,1,0,0,-0.14
LG,김단우,-0.49,37,0,0,0,4,0,0,3,35.300000000000004,32,26,181,44,11,2,8,26,1,2,32,0,4,-0.51
LG,김대유,3.2699999999999996,126,0,0,0,6,2,0,37,91.5,30,28,395,73,8,2,4,31,3,18,93,0,2,2.0300000000000002
LG,김영준,0.38,2,0,0,2,0,0,0,0,9.2,2,2,43,8,2,0,1,4,0,3,7,0,1,0.3
LG,김윤식,2.38,81,0,0,37,17,13,0,3,247.5,133,121,1092,277,47,4,15,87,4,13,175,3,6,-0.5800000000000001
LG,김주완,0.05,1,0,0,0,0,0,0,0,1.0,0,0,5,1,0,0,0,1,0,0,0,0,0,0.03
LG,김지용,0.03,7,0,0,0,0,0,0,0,7.2,6,6,34,7,3,0,1,3,0,1,9,0,0,0.03
LG,김진성,1.53,67,0,0,0,6,3,0,12,58.0,21,20,236,44,6,1,6,22,3,1,54,0,2,0.61
LG,김진수,0.03,3,0,0,0,0,0,0,0,2.1,1,1,9,2,1,0,0,0,0,0,2,0,0,-0.04
LG,김태형,-0.12,2,0,0,0,0,0,0,0,1.0,3,3,6,0,0,0,0,2,0,1,1,0,0,0.01
LG,남호,0.21,6,0,0,3,0,0,0,0,18.1,9,8,82,13,3,1,1,12,0,1,14,0,0,-0.16
LG,류원석,-0.58,10,0,0,1,0,1,0,0,10.2,18,10,65,9,4,0,1,20,0,5,13,0,0,-0.41000000000000003
LG,문광은,-0.08,4,0,0,0,0,0,0,0,4.0,5,5,21,7,3,1,1,2,0,0,4,0,0,0.0
LG,배재준,1.02,32,0,0,11,2,3,0,0,63.300000000000004,28,23,280,64,14,2,1,28,0,7,46,0,1,-0.04999999999999999
LG,백승현,0.04999999999999993,28,0,0,0,0,1,0,2,26.2,17,16,118,28,4,1,2,13,2,2,13,0,0,-0.15000000000000002
LG,백청훈,-0.08,2,0,0,0,0,0,0,0,1.1,3,3,8,4,1,0,1,0,0,0,0,0,0,-0.01
LG,성재헌,0.09,4,0,0,0,0,0,0,0,4.1,2,2,20,6,1,0,0,1,0,1,1,0,0,0.06
LG,손주영,-0.56,10,0,0,9,1,4,0,0,38.4,32,32,185,41,10,3,4,28,0,4,29,0,1,-0.97
LG,송승기,0.02,7,0,0,0,0,1,0,0,8.1,5,5,40,9,2,0,1,6,0,0,10,0,1,-0.31
LG,송은범,1.56,116,0,0,1,7,5,2,12,119.3,60,57,518,129,18,1,8,42,2,5,60,0,6,0.22
LG,수아레즈,4.43,23,0,0,22,10,2,0,0,115.1,33,28,473,91,16,2,4,41,0,4,126,0,2,2.6
LG,여건욱,-0.27,25,0,0,0,1,3,1,2,27.2,24,22,124,36,8,1,8,4,0,3,18,0,2,-0.94
LG,오석주,0.07,13,0,0,0,0,0,0,0,11.3,7,7,53,13,1,1,1,6,0,0,9,0,0,-0.2
LG,윌슨,1.1,25,0,0,25,10,8,0,0,144.2,81,71,628,161,23,2,13,39,0,8,109,1,3,-0.67
LG,이민호,2.41,71,0,0,64,24,21,0,0,331.3,181,168,1451,329,59,5,32,132,2,31,240,1,19,-0.22999999999999998
LG,이상규,-0.30000000000000004,35,0,0,0,2,3,4,1,37.0,29,29,181,53,12,1,5,23,0,2,22,0,2,-0.96
LG,이상영,0.29,21,0,0,9,1,1,0,0,50.0,28,24,228,48,8,0,7,32,0,8,30,0,3,-0.34
LG,이우찬,1.15,55,0,0,6,5,1,0,2,82.4,41,36,373,74,9,1,6,53,1,4,73,0,4,0.2499999999999999
LG,이정용,3.76,165,0,0,0,10,7,1,41,162.3,66,58,681,139,30,3,13,55,4,5,147,1,3,1.34
LG,이지강,0.25,4,0,0,1,0,0,0,0,11.0,6,6,56,12,2,0,0,13,0,0,6,0,1,0.14
LG,이찬혁,-0.039999999999999994,5,0,0,0,0,0,0,0,4.1,4,4,23,5,1,0,1,5,0,1,3,0,2,0.0
LG,임준형,0.34,16,0,0,9,2,3,0,1,53.0,30,28,234,60,9,0,2,18,0,6,47,0,2,-0.49999999999999994
LG,임찬규,2.79,67,0,0,66,17,28,0,0,340.6,181,164,1487,332,51,8,31,145,1,15,280,0,12,-0.8500000000000001
LG,정용운,-0.1,3,0,0,0,0,0,0,0,1.2,3,3,9,3,1,0,0,1,0,0,3,0,0,0.0
LG,정우영,8.05,202,0,0,0,13,10,7,82,198.0,60,59,816,139,17,2,6,87,9,25,140,0,3,5.87
LG,정찬헌,2.16,31,1,1,31,13,6,0,0,168.1,80,69,719,185,34,3,15,43,0,6,116,0,7,0.8300000000000001
LG,조원태,0.18,2,0,0,0,0,0,0,0,4.0,0,0,14,1,0,0,0,2,0,1,0,0,0,0.02
LG,진해수,3.0,190,0,0,0,9,2,0,39,139.1,56,47,598,134,16,3,6,52,3,8,133,0,8,0.54
LG,차우찬,0.13,18,0,0,18,7,6,0,0,86.1,53,51,386,87,17,1,10,41,1,5,63,0,1,-0.37
LG,채지선,0.45999999999999996,17,0,0,0,0,0,0,1,20.1,8,6,97,16,5,0,0,20,0,1,20,2,2,0.06
LG,최동환,1.81,109,0,0,0,4,2,0,4,112.2,52,51,466,105,18,2,11,33,0,5,74,0,6,0.0
LG,최성훈,2.5700000000000003,139,0,0,0,1,1,0,11,106.4,37,32,463,99,15,4,4,48,5,5,79,0,3,0.05999999999999994
LG,켈리,14.41,85,1,1,85,44,19,0,0,516.2,181,173,2113,464,64,5,38,135,3,24,429,1,14,6.7
LG,플럿코,4.79,28,0,0,28,15,5,0,0,162.0,53,43,644,125,18,2,13,38,2,2,149,0,6,2.44
LG,한선태,-0.06,1,0,0,0,0,0,0,0,1.0,2,2,7,3,0,0,0,2,0,0,0,0,1,0.0
LG,함덕주,0.62,29,0,0,3,1,2,0,1,33.2,14,13,156,29,4,1,2,24,1,4,31,0,2,-0.49
LG,허준혁,-0.16,6,0,0,0,0,0,0,0,4.2,6,5,27,11,1,1,3,2,0,0,4,0,0,-0.04
NC,강동연,-0.49,40,0,0,3,4,4,0,2,55.2,48,46,259,68,15,2,9,28,1,2,34,0,4,-1.9400000000000002
NC,강윤구,-0.28,31,0,0,1,1,1,0,3,23.0,20,20,115,36,8,0,4,13,0,0,18,0,2,-0.91
NC,강태경,0.01,3,0,0,3,0,1,0,0,12.2,8,8,61,13,3,0,2,10,0,2,10,0,2,-0.36
NC,구창모,8.58,34,0,0,33,20,5,0,1,204.3,52,44,799,150,28,0,14,47,0,4,210,0,9,5.29
NC,김건태,0.20999999999999996,55,0,0,0,1,1,0,4,59.3,38,32,270,53,14,0,7,44,2,4,58,0,7,-0.6000000000000001
NC,김시훈,1.88,59,0,0,7,4,5,0,11,83.1,35,30,365,75,10,0,7,43,0,4,79,1,2,0.44
NC,김영규,2.2,129,0,0,21,9,12,1,20,196.4,113,104,851,208,25,4,27,64,4,10,143,2,11,-1.75
NC,김진성,0.3899999999999999,90,0,0,0,5,4,1,15,84.30000000000001,50,44,364,84,18,2,11,28,4,1,93,0,4,-0.1200000000000001
NC,김진호,-0.66,40,0,0,4,4,2,1,0,53.300000000000004,43,42,257,69,6,0,12,31,0,2,43,0,12,-1.54
NC,김태경,1.46,24,0,0,10,3,2,0,1,60.1,24,24,262,47,10,0,5,31,0,6,42,0,3,0.42
NC,김태현,-0.22999999999999998,8,0,0,0,0,0,0,0,6.199999999999999,10,8,42,7,1,0,0,11,0,4,4,0,4,-0.04
NC,노시훈,0.08,5,0,0,0,0,0,0,0,4.2,2,2,22,4,1,0,1,4,0,0,2,0,0,-0.03
NC,더모디,-0.14,8,0,0,8,3,5,0,0,39.2,27,20,179,42,8,0,3,13,0,7,37,0,1,-0.81
NC,라이트,2.01,29,0,0,29,11,9,0,0,157.2,87,82,696,164,27,2,12,63,0,10,125,2,5,-1.57
NC,루친스키,14.45,91,0,0,91,44,27,0,0,554.4,220,189,2321,517,70,6,40,146,1,29,538,2,26,7.72
NC,류진욱,1.26,98,0,0,0,5,2,1,11,92.2,46,37,418,92,14,2,5,54,0,4,71,1,7,0.15000000000000008
NC,문경찬,0.08,66,0,0,0,0,4,0,15,59.0,40,32,258,47,11,0,11,29,1,0,43,0,1,-0.62
NC,박동수,0.03,10,0,0,0,0,0,0,0,14.2,10,9,74,11,3,0,0,21,0,1,15,0,1,0.04
NC,박정수,0.71,18,0,0,6,4,1,0,1,41.2,21,21,185,36,7,0,5,28,0,6,35,0,1,-0.22000000000000003
NC,박진우,0.49,52,0,0,1,2,2,0,8,54.0,31,27,238,53,9,0,2,18,1,7,34,0,1,-0.39
NC,배민서,0.25,45,0,0,2,1,0,0,0,53.1,38,33,251,68,9,0,7,24,0,4,32,0,3,0.37
NC,배재환,0.87,53,0,0,0,1,3,0,12,43.0,22,19,209,38,7,2,4,35,3,9,33,2,5,-1.88
NC,소이현,-0.18,23,0,0,0,0,0,0,0,22.299999999999997,21,17,118,21,5,0,2,26,0,1,18,0,2,-0.32
NC,손정욱,0.05,31,0,0,0,1,0,0,0,24.1,17,16,119,33,4,3,2,12,0,1,13,0,1,-0.31
NC,송명기,2.18,85,0,0,58,22,19,0,0,317.5,187,171,1442,341,73,6,38,151,2,26,280,1,18,-1.15
NC,신민혁,3.19,73,0,0,55,15,18,0,0,305.1,166,158,1342,340,65,4,42,88,1,18,238,3,7,-0.97
NC,심창민,-0.53,11,0,0,0,1,2,0,0,6.1,10,10,37,9,2,0,0,7,0,3,6,0,2,-0.53
NC,안인산,0.060000000000000005,8,0,0,0,0,0,0,0,7.2,5,4,37,3,1,0,0,7,0,3,9,0,3,-0.05
NC,원종현,4.02,187,0,0,0,10,7,45,19,173.1,79,73,750,178,22,1,14,60,3,6,136,0,10,-0.8700000000000001
NC,이승헌,-0.08,8,0,0,0,0,0,0,0,7.1,7,6,38,12,3,0,1,2,0,1,9,0,0,-0.08
NC,이용준,-0.62,12,0,0,2,0,1,0,0,23.2,27,25,128,36,11,1,4,17,0,3,20,0,5,-0.77
NC,이용찬,4.640000000000001,98,0,0,0,4,6,38,3,97.2,27,23,404,83,10,1,5,24,3,4,96,1,3,2.5700000000000003
NC,이우석,-0.16,13,0,0,0,1,1,0,0,10.399999999999999,10,10,60,14,4,0,1,10,0,5,9,0,0,-0.13
NC,이재학,-0.10999999999999999,62,2,1,53,14,20,0,0,264.2,172,162,1186,254,51,4,33,149,0,19,198,2,13,-2.08
NC,이호중,0.02,4,0,0,0,0,0,0,0,4.1,3,3,23,7,0,0,1,2,0,1,3,0,0,-0.03
NC,임정호,1.44,162,0,0,0,3,8,0,40,100.2,54,46,444,90,10,2,6,52,2,12,92,1,0,0.77
NC,임창민,0.38,90,0,0,0,7,5,0,28,77.30000000000001,49,39,357,74,18,1,6,43,2,6,73,0,10,-1.37
NC,임형원,0.0,1,0,0,0,0,0,0,0,0.0,1,1,1,1,0,0,0,0,0,0,0,0,0,-0.01
NC,장현식,-0.18,9,0,0,0,1,0,0,0,9.2,11,10,48,12,1,1,1,6,0,1,4,0,3,-0.15
NC,전사민,0.09,7,0,0,0,0,0,0,0,8.1,4,3,34,5,0,0,1,6,0,0,2,0,0,-0.04
NC,정구범,-0.05,2,0,0,0,0,0,0,0,1.1,2,2,6,1,0,0,1,1,0,0,2,0,0,-0.01
NC,조민석,0.14,18,0,0,0,0,1,0,0,16.0,9,8,76,17,1,0,2,12,0,2,14,0,2,-0.33
NC,최금강,0.41,20,0,0,0,2,1,1,0,28.0,14,14,129,29,6,0,4,17,0,2,25,0,3,-0.36
NC,최성영,-0.14,14,0,0,13,2,4,0,0,60.2,45,41,278,67,14,0,13,35,0,3,27,0,2,-2.09
NC,파슨스,4.75,32,1,0,32,5,10,0,0,176.0,75,72,759,143,20,4,13,84,0,12,191,1,18,0.62
NC,하준수,0.02,2,0,0,0,0,0,0,0,3.0,2,2,15,3,1,0,0,3,0,0,1,0,0,0.0
NC,하준영,0.32,47,0,0,0,3,0,0,4,39.0,22,20,164,28,5,0,3,14,1,3,44,0,2,-0.02
NC,한재승,0.26,12,0,0,0,0,0,0,2,10.2,4,3,54,13,2,0,0,10,1,1,11,0,0,0.02
NC,홍성무,-0.53,11,0,0,0,0,0,1,0,15.0,22,21,82,21,3,0,3,13,0,1,12,0,1,-0.12
NC,홍성민,2.34,83,0,0,0,4,4,0,22,67.1,23,21,289,73,13,0,5,18,2,4,40,1,4,1.3199999999999998
SK,강지광,0.0,6,0,0,0,0,0,0,0,3.2,3,2,20,7,0,0,1,1,0,0,4,0,0,-0.24
SK,김사윤,0.36,57,0,0,0,1,1,1,10,47.1,30,27,226,37,8,1,5,45,1,8,42,0,6,-0.14
SK,김세현,0.24,42,0,0,0,2,0,1,7,42.0,28,27,187,44,7,0,7,22,0,1,35,0,1,-0.95
SK,김주온,-0.1,29,0,0,0,0,3,0,0,31.0,27,26,160,46,7,0,5,22,0,5,18,0,5,-0.68
SK,김주한,-0.75,22,0,0,7,1,7,0,0,46.0,43,38,220,60,7,1,7,20,0,8,22,0,4,-1.84
SK,김찬호,-0.19,3,0,0,0,0,0,0,0,2.0,6,6,14,5,0,0,1,4,0,0,1,0,0,-0.02
SK,김태훈,-0.44,33,0,0,8,1,6,0,4,62.0,52,51,281,61,13,0,8,39,0,4,43,0,10,-1.78
SK,김택형,-0.74,31,0,0,0,1,3,0,3,23.0,26,22,114,26,2,1,5,20,1,0,22,0,6,-0.69
SK,문승원,3.82,25,1,0,25,6,8,0,0,145.2,64,59,610,136,29,0,13,45,0,6,117,0,2,0.65
SK,박민호,2.29,57,0,0,0,2,1,4,11,52.0,16,14,215,43,9,0,4,19,0,2,36,0,0,-0.61
SK,박종훈,1.9,29,0,0,28,13,11,0,0,157.1,90,84,691,146,21,3,14,78,1,22,134,0,5,-1.54
SK,박희수,0.25,28,0,0,0,0,1,0,0,24.2,16,15,112,28,6,0,4,10,1,0,26,0,2,-0.21
SK,백승건,-0.6,10,0,0,7,0,5,0,0,29.1,29,26,156,37,5,0,7,31,0,2,28,0,1,-1.5
SK,서동민,0.1,9,0,0,0,0,0,0,0,8.1,5,5,38,10,2,0,2,4,0,0,7,0,0,-0.01
SK,서진용,1.09,63,0,0,0,2,7,8,12,61.0,33,28,264,52,4,1,11,34,1,1,56,0,7,-1.57
SK,신재웅,-0.25,24,0,0,0,2,0,0,0,19.1,20,20,93,26,3,2,5,14,0,0,11,0,0,-0.1
SK,양선률,-0.01,1,0,0,0,0,0,0,0,1.0,1,1,5,1,0,0,1,2,0,0,0,0,0,-0.01
SK,오원석,-0.18,8,0,0,1,0,1,0,0,9.2,10,6,50,12,1,0,1,6,0,1,9,1,1,-0.21
SK,윤강민,-0.16,1,0,0,0,0,0,0,0,0.2,5,5,8,4,1,0,0,1,0,1,1,0,0,-0.01
SK,윤희상,0.12,4,0,0,1,0,0,0,0,3.0,1,1,11,1,0,0,0,2,0,0,2,0,0,-0.03
SK,이건욱,1.03,27,0,0,25,6,12,0,0,122.0,77,77,542,105,16,4,11,81,0,6,91,1,6,-1.61
SK,이원준,-0.09,17,0,0,0,0,1,0,0,19.1,17,16,100,28,5,2,3,16,2,0,17,0,7,-0.61
SK,이태양,0.6,46,0,0,0,2,1,0,4,47.1,28,27,211,57,10,0,7,11,1,1,37,0,2,0.31
SK,정수민,1.01,3,0,0,3,1,0,0,0,15.2,2,2,61,11,4,0,0,5,0,0,11,0,0,0.56
SK,정영일,-0.25,29,0,0,0,2,2,2,2,23.1,20,17,114,31,5,0,6,11,1,3,17,1,3,-0.45
SK,조이현,0.54,35,0,0,7,2,4,0,0,77.0,52,51,340,96,18,1,12,25,0,2,38,0,4,-0.71
SK,킹엄,-0.32,2,0,0,2,0,2,0,0,10.2,11,8,52,16,4,0,1,4,0,0,6,0,1,-0.55
SK,핀토,-0.28,30,0,0,30,6,15,0,0,162.0,121,111,766,198,35,1,19,90,3,11,112,2,11,-2.27
SK,하재훈,-0.62,15,0,0,0,1,1,4,0,13.0,13,11,66,19,3,0,2,8,0,0,10,0,1,-2.12
SSG,가빌리오,0.02,15,0,0,15,6,4,0,0,81.1,54,53,351,88,18,0,7,30,1,6,70,0,3,-0.68
SSG,강지광,-0.13,1,0,0,0,0,0,0,0,1.0,4,4,10,3,0,0,0,4,0,0,1,0,0,0.0
SSG,고효준,0.61,45,0,0,0,1,0,0,7,38.2,18,16,174,35,6,2,1,20,2,2,35,0,7,0.37
SSG,김강민,-0.02,1,0,0,0,0,0,0,0,0.2,1,1,4,1,0,0,1,1,0,0,1,0,0,0.0
SSG,김건우,-0.09999999999999999,8,0,0,5,0,1,0,0,14.0,10,9,71,13,2,0,2,16,0,0,8,0,1,-0.30000000000000004
SSG,김광현,6.1,28,0,0,28,13,3,0,0,173.1,48,41,694,141,16,2,10,45,2,5,153,0,1,3.63
SSG,김사윤,-0.72,6,0,0,6,0,1,0,0,17.1,20,19,92,20,1,0,5,20,0,4,21,0,1,-1.33
SSG,김상수,0.19,58,0,0,0,4,3,7,5,66.1,41,41,310,80,10,1,12,34,3,2,47,0,2,0.019999999999999997
SSG,김세현,-0.14,5,0,0,0,0,0,0,0,4.1,5,5,28,9,2,0,0,7,1,0,5,1,0,-0.05
SSG,김주온,-0.039999999999999994,7,0,0,0,0,0,0,0,6.0,5,5,30,4,2,0,1,7,0,1,7,0,0,-0.07
SSG,김태훈,-0.21000000000000002,74,0,0,0,2,4,2,18,63.1,41,38,299,61,6,0,9,49,3,9,50,1,4,-0.16999999999999998
SSG,김택형,3.35,123,0,0,0,8,6,24,14,135.2,56,53,577,118,20,0,11,64,6,6,124,0,9,2.08
SSG,노경은,2.43,41,0,0,8,12,5,1,7,79.2,28,27,323,69,10,0,5,23,0,4,55,0,5,1.21
SSG,노바,-0.85,12,0,0,12,3,4,0,0,63.2,50,46,291,78,10,2,5,25,0,5,32,1,9,-0.8
SSG,르위키,0.32,4,0,0,4,1,0,0,0,14.1,6,6,56,15,3,0,2,2,0,0,9,0,0,0.17
SSG,모리만도,3.12,12,0,0,12,7,1,0,0,75.1,19,14,304,57,8,0,2,23,0,4,67,0,2,2.28
SSG,문승원,1.34,32,0,0,9,3,3,3,3,74.3,35,30,324,74,20,0,4,25,0,4,57,0,1,-0.15000000000000002
SSG,박민호,1.19,62,0,0,0,5,1,1,9,63.0,28,28,278,71,7,0,6,22,1,6,31,0,0,-0.71
SSG,박시후,-0.06,2,0,0,0,0,0,0,0,1.0,2,2,6,3,1,0,0,0,0,0,0,0,0,-0.01
SSG,박종훈,1.05,20,0,0,20,7,7,0,0,102.1,53,49,442,92,11,1,8,38,0,15,81,2,3,0.27
SSG,서동민,0.49,40,0,0,0,1,1,0,5,47.1,26,21,204,40,7,1,8,28,0,2,43,0,4,0.86
SSG,서진용,3.0,133,0,0,0,14,8,30,15,134.2,60,55,594,121,18,2,14,79,10,3,117,0,9,0.6800000000000002
SSG,신재영,-0.12000000000000001,24,0,0,1,0,0,0,0,32.2,24,24,145,44,7,1,5,2,0,4,31,0,2,-0.5800000000000001
SSG,신재웅,0.11,8,0,0,0,0,0,0,0,8.1,4,4,37,6,1,0,0,5,0,0,9,1,0,0.03
SSG,신헌민,-0.06,1,0,0,0,0,0,0,0,1.0,2,1,5,3,0,0,0,0,0,0,1,0,0,-0.01
SSG,양선률,-0.19,1,0,0,1,0,1,0,0,1.0,3,3,10,3,0,0,0,3,0,1,1,0,1,-0.28
SSG,오원석,-0.30000000000000004,64,0,0,45,13,14,0,2,254.0,163,144,1163,283,41,5,27,131,2,13,207,1,8,-3.72
SSG,윤태현,-0.05,3,0,0,0,0,0,0,0,2.0,2,2,10,2,0,0,0,2,0,0,2,1,0,-0.27
SSG,이건욱,-0.74,6,0,0,5,0,2,0,0,15.2,19,19,86,18,4,0,5,23,0,1,7,0,0,-1.08
SSG,이채호,-0.14,3,0,0,0,0,0,0,0,5.0,7,4,27,8,0,0,2,3,0,0,3,0,1,-0.01
SSG,이태양,2.17,70,0,0,31,13,13,0,5,215.2,116,111,928,239,41,1,40,56,3,6,123,0,2,-0.31999999999999995
SSG,장지훈,1.9700000000000002,100,0,0,0,4,5,1,16,135.1,66,61,573,140,20,4,12,30,3,7,84,1,5,-0.97
SSG,전영준,-0.07,4,0,0,1,0,0,0,0,5.0,4,4,25,7,2,0,2,3,0,1,7,0,1,0.05
SSG,정동윤,0.07,1,0,0,0,0,0,0,0,2.0,0,0,7,1,0,0,0,1,0,0,0,0,0,0.0
SSG,정성곤,-0.05,2,0,0,0,0,0,0,0,2.2,3,3,13,1,0,0,1,3,0,1,3,0,0,-0.06
SSG,정수민,-0.27,10,0,0,7,1,2,0,0,30.1,24,23,151,34,5,1,6,27,1,1,22,0,1,-0.59
SSG,정영일,-0.03,1,0,0,0,0,0,0,0,2.0,2,2,9,4,1,0,1,0,0,0,0,0,0,0.0
SSG,조병현,-0.23,3,0,0,3,0,0,0,0,6.2,7,6,33,7,3,0,1,5,0,1,8,0,1,-0.45
SSG,조요한,-0.48,29,0,0,0,2,1,0,6,26.1,21,20,127,27,4,0,2,22,1,4,19,0,7,0.04000000000000001
SSG,조이현,-0.11,30,0,0,8,4,8,1,0,66.2,46,42,291,74,10,2,10,26,0,0,48,0,3,-0.32
SSG,최민준,0.74,89,0,0,13,8,7,0,9,154.1,93,86,686,144,25,1,21,84,2,9,110,1,12,-2.37
SSG,폰트,8.13,54,1,0,54,21,11,0,0,329.2,129,111,1333,255,44,4,30,79,2,12,327,1,7,3.47
SSG,하재훈,0.3,18,0,0,0,1,0,0,2,18.0,8,8,88,16,0,1,1,16,2,3,8,0,2,-0.11
SSG,한두솔,-0.46,8,0,0,0,0,0,0,0,5.1,10,10,30,10,2,0,0,4,0,0,1,0,1,-0.12
kt,고영표,9.73,54,2,2,53,24,14,0,1,348.29999999999995,128,120,1422,338,51,5,16,50,2,30,286,0,2,4.65
kt,금민철,-0.12,3,0,0,0,0,0,0,0,2.1,4,4,15,6,1,0,0,1,0,2,2,0,0,-0.13
kt,김민,-0.12,30,0,0,6,3,3,0,3,49.400000000000006,37,33,235,50,4,0,7,31,0,6,40,0,5,-1.11
kt,김민수,4.529999999999999,165,0,0,19,12,14,3,41,241.3,124,106,1062,273,43,3,19,69,6,13,209,1,15,-1.4
kt,김성훈,0.05,3,0,0,0,0,0,0,0,3.0,1,1,13,1,0,0,0,4,0,0,3,0,0,-0.01
kt,김재윤,7.62,182,0,0,0,18,13,86,1,193.3,68,64,798,165,18,2,17,60,13,0,200,1,4,2.11
kt,김태오,0.07,5,0,0,0,0,0,0,0,4.1,2,2,22,9,0,0,0,0,0,0,5,0,0,-0.05
kt,데스파이네,8.209999999999999,98,0,0,96,36,30,0,0,558.4,280,253,2450,606,93,4,42,194,3,24,440,1,40,-0.16999999999999993
kt,류희운,-0.62,15,0,0,0,0,2,0,0,13.3,19,19,67,24,4,0,3,5,0,0,12,0,1,-0.9500000000000001
kt,박세진,-0.15,1,0,0,0,0,0,0,0,0.1,4,4,5,2,0,0,0,1,0,1,0,0,0,-0.01
kt,박시영,1.42,65,0,0,0,3,5,0,17,60.2,24,20,248,49,3,0,6,19,3,1,62,0,5,-0.30000000000000004
kt,박영현,0.97,52,0,0,0,0,1,0,2,51.2,23,21,219,46,8,0,5,20,1,0,55,0,3,-0.29
kt,배제성,6.0,76,0,0,70,22,26,0,0,389.29999999999995,190,170,1698,359,72,4,26,204,1,6,308,1,28,0.9
kt,벤자민,2.53,17,0,0,17,5,4,0,0,96.2,34,29,385,75,9,1,11,24,2,4,77,1,3,1.07
kt,소형준,7.67,77,0,0,75,33,19,0,0,423.1,198,170,1796,422,56,6,20,135,2,15,294,0,13,1.19
kt,손동현,0.07,23,0,0,0,0,0,0,1,20.1,14,12,91,21,5,0,5,10,1,0,12,0,3,-0.06
kt,심재민,2.03,72,0,0,3,4,2,0,7,89.30000000000001,34,33,373,82,10,2,8,27,4,2,56,0,0,0.26
kt,안영명,0.5800000000000001,39,0,0,0,0,1,0,4,38.2,18,17,158,27,4,0,2,11,0,1,33,0,0,-0.13
kt,안현준,-0.14,1,0,0,0,0,0,0,0,0.1,4,4,5,2,0,0,0,2,0,0,0,0,1,0.0
kt,엄상백,4.25,43,0,0,31,15,3,0,0,192.3,76,70,809,166,34,2,21,74,0,7,184,0,1,1.73
kt,유원상,1.04,73,0,0,0,3,2,2,10,77.0,42,36,331,67,14,0,8,34,1,1,50,0,8,-0.07
kt,이강준,-0.13,8,0,0,0,1,0,0,0,7.4,8,8,47,13,1,1,1,8,0,4,3,0,0,0.03
kt,이대은,0.29000000000000004,51,0,0,4,3,6,2,9,60.1,38,31,270,63,12,0,8,24,3,6,37,0,8,-2.87
kt,이보근,0.6,64,0,0,0,3,2,6,10,56.2,35,30,253,67,9,0,5,18,1,2,34,0,5,-0.7999999999999999
kt,이상동,-0.23,11,0,0,0,0,1,0,1,12.1,12,12,59,18,5,0,0,6,0,0,8,0,2,-0.31000000000000005
kt,이상우,0.07,2,0,0,0,0,0,0,0,3.1,1,1,14,3,1,0,0,2,0,0,1,0,0,-0.01
kt,이상화,0.16,18,0,0,0,1,1,0,1,15.0,9,9,65,11,2,0,2,10,2,0,7,0,1,-0.12
kt,이선우,-0.07,2,0,0,0,0,0,0,0,2.0,3,3,13,6,1,0,1,1,0,0,1,0,0,-0.07
kt,이정현,-0.1,5,0,0,1,0,1,0,0,11.399999999999999,10,10,56,15,3,0,4,9,0,1,2,0,0,-0.32
kt,이창재,0.35000000000000003,46,0,0,0,2,1,0,1,35.3,19,18,158,37,9,0,0,16,2,1,28,0,0,-0.08999999999999997
kt,이채호,0.96,38,0,0,0,5,0,0,3,36.2,13,12,156,28,11,0,0,13,2,6,32,0,2,0.59
kt,전유수,0.55,66,0,0,0,6,4,2,3,66.4,42,40,300,72,14,1,5,32,5,3,38,0,1,0.3
kt,조병욱,-0.26,9,0,0,4,0,1,0,0,28.1,24,24,131,39,4,0,4,13,0,1,11,0,0,-0.51
kt,조현우,2.69,122,0,0,0,5,1,1,17,89.2,34,31,379,78,16,3,1,33,2,6,51,0,5,1.7
kt,주권,5.1499999999999995,197,0,0,0,12,9,1,73,169.2,66,61,705,160,25,2,12,59,3,2,87,0,1,2.67
kt,지명성,0.13,5,0,0,0,1,0,0,0,6.0,2,1,26,4,0,0,0,1,0,2,5,0,1,0.02
kt,쿠에바스,4.91,52,1,1,52,20,12,0,0,302.1,151,136,1288,285,47,4,28,102,0,13,255,0,12,-0.03999999999999998
kt,하준호,-0.49,72,0,0,1,0,4,0,5,69.30000000000001,56,52,322,70,9,1,5,49,1,3,51,0,4,-1.57
kt,한승지,0.0,1,0,0,0,0,0,0,0,0.0,4,4,6,4,1,0,0,1,0,1,0,0,0,-0.02
kt,한차현,-0.22,3,0,0,0,0,0,0,0,3.2,8,8,23,10,0,0,3,2,0,0,3,0,0,0.0
두산,고봉재,-0.12,1,0,0,0,0,0,0,0,1.1,4,4,8,5,0,0,1,0,0,0,0,0,0,0.0
두산,곽빈,3.7,48,0,0,48,12,16,0,0,245.39999999999998,119,107,1100,221,47,3,20,139,1,23,234,2,15,0.15000000000000002
두산,권혁,-0.36,15,0,0,0,2,2,0,2,7.2,9,8,38,11,1,1,0,4,0,0,7,0,1,-0.14
두산,권휘,0.74,48,0,0,0,0,1,0,3,42.4,20,20,195,40,5,0,2,25,0,5,30,0,7,-0.31999999999999995
두산,김강률,2.56,106,0,0,0,8,6,30,4,103.4,50,35,481,118,19,4,5,53,6,7,84,0,5,1.15
두산,김도윤,0.04,1,0,0,0,0,0,0,0,1.0,0,0,3,0,0,0,0,0,0,0,2,0,0,0.0
두산,김동주,-0.18,10,0,0,0,0,0,0,0,16.2,14,14,85,23,1,0,5,9,0,0,13,0,2,0.06
두산,김명신,2.59,142,0,0,1,6,6,0,12,161.3,76,70,694,167,27,5,14,43,1,12,115,0,5,0.17
두산,김민규,0.41000000000000003,60,0,0,10,3,5,1,1,109.2,70,67,493,111,24,0,12,50,2,7,93,0,4,-0.48000000000000004
두산,김지용,-0.09,18,0,0,0,1,0,0,0,19.1,14,13,82,19,3,0,5,5,0,1,13,0,1,-0.53
두산,남호,-0.11,5,0,0,0,0,1,0,0,2.2,3,3,13,3,1,0,0,3,0,0,2,0,0,-0.15
두산,로켓,4.1,21,1,0,21,9,9,0,0,124.0,44,41,540,132,20,2,5,42,1,12,112,1,1,1.0
두산,문대원,-0.21,6,0,0,0,0,0,0,0,6.300000000000001,10,7,39,14,3,0,3,4,0,0,1,0,0,-0.12
두산,미란다,6.88,31,1,1,31,14,5,0,0,180.39999999999998,56,52,752,137,23,1,11,81,0,2,233,1,8,2.99
두산,박신지,-1.1400000000000001,31,0,0,9,1,6,0,0,64.2,56,52,331,93,15,2,7,41,0,5,41,0,5,-1.47
두산,박웅,0.14,18,0,0,0,0,0,0,0,17.2,10,10,82,19,1,1,0,11,0,3,10,0,0,0.02
두산,박정수,-0.24,22,0,0,2,1,4,0,0,33.3,27,25,157,39,7,0,4,15,0,3,33,0,3,-1.1300000000000001
두산,박종기,-0.04000000000000001,30,0,0,10,1,6,0,0,85.2,58,54,391,99,16,1,6,43,0,3,53,0,4,-1.5499999999999998
두산,박치국,1.7,101,0,0,0,7,7,0,17,104.4,53,40,463,92,17,2,7,54,8,9,98,0,3,0.35999999999999993
두산,배창현,0.01,1,0,0,0,0,0,0,0,0.1,0,0,3,0,0,0,0,2,0,0,0,0,0,0.0
두산,브랜든,1.07,11,0,0,11,5,3,0,0,65.0,29,26,276,56,10,0,5,24,0,1,40,1,2,0.65
두산,스탁,1.0,29,0,0,29,9,10,0,0,165.0,87,65,722,161,24,2,9,83,0,10,138,0,12,-0.98
두산,알칸타라,8.31,31,1,0,31,20,2,0,0,198.2,58,56,795,174,38,3,12,30,0,9,182,1,3,4.35
두산,유재유,-0.09,4,0,0,0,0,0,0,0,3.1,4,4,19,4,0,0,2,5,0,0,1,0,1,-0.04
두산,유희관,-1.33,42,0,0,42,14,18,0,0,199.1,148,130,936,297,51,8,24,63,4,6,79,0,1,-4.32
두산,윤명준,-0.1499999999999999,107,0,0,0,2,1,2,8,107.30000000000001,76,67,497,135,18,3,15,40,4,6,61,1,4,-0.53
두산,이교훈,-0.33999999999999997,16,0,0,0,0,0,0,0,12.2,16,15,67,19,5,0,3,7,0,1,11,0,1,-0.11
두산,이동원,0.0,1,0,0,0,0,0,0,0,0.0,2,2,2,0,0,0,0,2,0,0,0,0,0,0.0
두산,이병헌,0.09,9,0,0,0,0,0,0,0,5.0,2,2,28,5,1,0,0,7,0,1,5,0,2,-0.06
두산,이승진,0.6799999999999999,115,0,0,5,6,9,2,20,130.3,82,76,578,131,17,2,11,65,3,5,111,3,2,-0.30000000000000004
두산,이영하,1.04,98,0,0,50,16,25,7,2,308.4,201,177,1431,338,58,2,23,180,4,12,221,1,19,-5.029999999999999
두산,이용찬,-0.54,5,0,0,5,1,3,0,0,26.2,25,25,125,41,8,0,7,6,0,0,15,0,1,-0.74
두산,이주엽,-0.01,4,0,0,0,0,0,0,0,3.1,3,3,19,3,1,0,0,7,0,0,2,0,1,-0.01
두산,이현승,1.17,123,0,0,0,8,2,2,18,73.4,39,36,328,77,12,4,5,31,1,3,71,1,3,-0.36
두산,이형범,-0.14999999999999997,62,0,0,0,1,3,1,1,58.4,41,37,280,66,13,0,6,32,2,7,32,0,3,-3.62
두산,임창민,0.19,32,0,0,0,0,0,2,6,27.1,15,12,124,26,1,0,3,10,0,3,21,0,1,-1.35
두산,장원준,-0.31,61,0,0,2,0,3,1,10,40.4,31,29,203,52,8,0,2,31,0,3,17,0,1,-1.18
두산,전창민,-0.74,9,0,0,0,0,0,0,0,9.1,20,20,52,17,4,1,2,8,0,0,3,0,0,-0.23
두산,정철원,2.51,58,0,0,0,4,3,3,23,72.2,26,25,294,60,12,2,4,26,2,2,47,0,7,1.1
두산,조제영,-0.59,10,0,0,2,0,2,0,0,16.2,20,20,91,24,4,0,2,17,1,2,11,0,2,-0.8300000000000001
두산,채지선,0.46,37,0,0,0,1,0,0,2,33.0,18,18,158,34,3,1,3,24,1,5,34,0,11,-0.09
두산,최세창,0.07,4,0,0,0,0,0,0,0,4.1,2,1,20,6,0,0,1,1,0,0,1,0,0,-0.01
두산,최승용,0.009999999999999995,63,0,0,17,3,7,0,7,111.19999999999999,69,63,506,124,18,5,11,53,0,3,80,1,1,-0.5700000000000001
두산,최원준,8.83,101,0,0,77,30,19,0,0,446.1,197,176,1918,477,85,9,51,109,1,24,320,2,4,1.44
두산,최지강,-0.16,2,0,0,0,0,0,0,0,1.2,4,4,11,6,1,0,0,2,0,0,2,0,1,-0.06
두산,플렉센,3.51,21,0,0,21,8,4,0,0,116.2,43,39,472,97,14,0,6,30,2,2,132,0,5,1.01
두산,함덕주,1.34,36,0,0,6,5,1,10,2,55.1,25,24,240,55,7,0,2,21,2,0,55,0,7,-0.39
두산,현도훈,-0.4,5,0,0,2,0,0,0,0,8.2,12,12,46,9,1,0,1,13,0,0,9,0,1,-0.29
두산,홍건희,4.87,173,0,0,0,11,19,22,34,192.3,84,77,819,186,32,1,13,68,3,7,193,1,14,0.17
롯데,강동호,-0.02,8,0,0,0,1,0,0,0,12.1,10,10,58,14,2,0,3,7,0,1,9,0,1,0.09
롯데,강윤구,-0.19,50,0,0,0,0,1,0,3,35.1,28,24,164,41,9,1,2,18,1,2,39,0,0,-0.62
롯데,강태율,0.01,1,0,0,0,0,0,0,0,0.1,0,0,3,2,1,0,0,0,0,0,0,0,0,0.0
롯데,고효준,0.15,24,0,0,0,1,0,0,0,15.2,10,10,77,14,3,0,3,11,0,3,11,0,1,-0.46
롯데,구승민,5.63,198,0,0,0,13,11,0,65,184.2,75,74,763,133,24,3,16,92,6,5,200,1,12,2.31
롯데,김건국,0.7,45,0,0,0,3,2,0,1,53.2,30,30,243,57,13,2,5,23,0,3,48,0,6,-0.13
롯데,김대우,1.39,95,0,0,1,2,3,0,10,94.2,49,42,419,86,20,1,5,58,1,6,82,1,14,-1.72
롯데,김도규,0.96,98,0,0,0,6,5,3,13,93.0,54,48,400,89,13,2,5,41,3,4,84,0,5,0.96
롯데,김동우,-0.15,5,0,0,0,0,0,0,0,5.0,7,6,30,10,0,0,1,5,0,0,3,0,2,-0.02
롯데,김민기,-0.17,1,0,0,0,0,0,0,0,0.2,5,5,8,6,2,0,1,1,0,0,0,0,0,0.0
롯데,김민수,0.03,1,0,0,0,0,0,0,0,1.0,0,0,4,0,0,0,0,1,0,0,1,0,0,0.0
롯데,김원중,4.66,162,0,0,0,11,11,76,2,164.3,76,70,704,142,32,2,18,67,12,3,181,0,12,1.8300000000000003
롯데,김유영,-0.009999999999999998,106,0,0,0,6,2,0,13,76.3,54,51,377,97,19,1,5,51,4,5,66,0,7,-1.21
롯데,김진욱,-0.31,53,0,0,17,6,11,0,8,91.4,68,66,454,85,17,1,6,84,4,11,97,0,19,-2.14
롯데,김창훈,-0.19,7,0,0,0,0,0,0,0,9.2,11,11,49,16,5,0,1,6,0,0,8,0,0,0.1
롯데,나균안,1.72,62,0,0,20,4,10,1,3,163.3,91,85,729,187,49,3,9,61,1,3,150,1,7,-1.46
롯데,나원탁,-0.19,9,0,0,0,0,0,0,0,8.0,10,9,44,10,1,1,1,8,0,2,11,0,1,-0.02
롯데,노경은,0.8999999999999999,39,1,0,35,8,15,0,0,189.1,126,118,843,218,47,2,30,64,2,7,112,0,6,-2.44
롯데,문경찬,0.09,38,0,0,0,1,2,0,1,40.1,27,26,184,51,11,0,7,13,1,1,31,1,2,-0.46
롯데,박명현,-0.08,2,0,0,0,0,0,0,0,0.2,2,2,6,3,1,0,0,1,0,0,0,0,1,-0.02
롯데,박선우,0.08,1,0,0,0,0,0,0,0,2.0,0,0,9,1,0,0,0,0,0,2,1,0,0,0.0
롯데,박세웅,7.8999999999999995,84,1,1,84,28,30,0,0,467.2,240,215,2022,498,83,6,48,132,1,26,379,0,37,-2.14
롯데,박시영,-0.34,36,0,0,0,1,1,0,1,30.1,27,27,145,32,7,0,5,23,0,1,21,0,1,-1.17
롯데,박재민,-0.17,5,0,0,0,0,0,0,0,2.2,5,5,13,3,1,0,1,2,0,0,2,0,0,-0.03
롯데,박진형,0.16,75,0,0,0,3,5,0,17,58.2,41,41,275,81,21,4,8,23,3,4,73,0,3,-1.6099999999999999
롯데,반즈,3.01,31,0,0,31,12,12,0,0,186.1,87,75,788,175,27,5,8,47,1,18,160,0,7,0.56
롯데,배성근,0.08,2,0,0,0,0,0,0,0,2.0,0,0,9,2,0,0,0,1,0,0,1,0,0,0.0
롯데,샘슨,0.3,25,0,0,25,9,12,0,0,130.0,87,78,590,167,25,1,14,36,0,6,87,2,8,-1.07
롯데,서준원,0.53,90,0,0,32,11,12,0,5,221.2,149,138,1002,267,41,3,24,83,4,12,142,0,6,-2.2199999999999998
롯데,송승준,0.1,22,0,0,1,2,2,0,1,24.2,17,17,119,30,5,2,2,14,2,3,25,0,3,-1.18
롯데,송재영,-0.93,19,0,0,0,0,2,0,1,14.2,23,22,79,24,6,0,3,12,0,1,13,0,1,-0.48
롯데,스트레일리,12.370000000000001,73,0,0,73,29,18,0,0,421.5,170,145,1751,364,60,4,27,139,0,21,424,1,14,4.62
롯데,스파크맨,-0.24,19,0,0,19,2,4,0,0,84.2,55,50,386,97,14,1,6,43,1,4,89,0,5,-0.88
롯데,오윤석,0.03,1,0,0,0,0,0,0,0,0.2,0,0,2,0,0,0,0,0,0,0,0,0,0,0.0
롯데,오현택,0.92,68,0,0,0,3,2,0,8,52.1,28,27,239,65,13,1,7,16,3,3,25,0,1,-0.7000000000000001
롯데,윤성빈,0.04,1,0,0,0,0,0,0,0,1.0,0,0,5,0,0,0,0,1,0,0,0,0,0,0.0
롯데,이강준,-0.54,24,0,0,0,0,0,0,1,14.399999999999999,18,17,91,16,1,0,2,29,0,2,10,0,3,-0.53
롯데,이대호,0.04,1,0,0,0,0,0,0,1,0.1,0,0,1,0,0,0,0,0,0,0,0,0,0,0.05
롯데,이민석,-0.37,27,0,0,1,1,1,0,5,33.2,27,22,167,44,8,0,4,19,1,2,37,0,3,-0.49
롯데,이승헌,-0.24,25,0,0,21,3,6,0,0,93.60000000000001,68,60,443,102,14,1,3,57,1,9,67,2,14,-1.56
롯데,이인복,3.87,98,0,0,32,13,13,0,4,232.4,116,107,1017,285,48,4,13,56,2,10,137,0,6,-0.92
롯데,장원삼,-0.42,13,0,0,4,0,3,0,0,34.0,32,29,160,49,8,0,6,10,1,3,15,0,0,-1.2
롯데,정성종,-0.18000000000000002,17,0,0,0,0,0,0,0,16.1,16,13,86,23,2,0,2,12,0,1,9,0,2,-0.09000000000000001
롯데,정우준,-0.1,6,0,0,0,0,0,0,0,5.2,6,6,29,6,2,0,1,5,0,2,4,0,0,-0.19
롯데,정태승,-0.15,1,0,0,0,0,0,0,0,1.2,4,4,11,4,1,0,1,2,0,0,1,0,0,-0.11
롯데,조무근,0.02,2,0,0,0,0,0,0,0,2.0,1,1,9,2,1,0,0,1,0,0,1,0,0,0.0
롯데,진명호,0.18,86,0,0,0,2,3,0,5,71.30000000000001,51,49,333,72,14,1,7,45,0,6,67,0,3,-2.2
롯데,진승현,-0.22,10,0,0,0,0,0,0,0,9.0,9,9,48,12,2,0,2,7,0,1,11,0,1,0.11
롯데,최건,-0.39,5,0,0,0,0,0,0,0,2.1,8,6,20,7,3,0,0,6,0,0,3,0,0,-0.24
롯데,최영환,-0.5800000000000001,27,0,0,9,1,4,0,0,52.400000000000006,47,41,252,72,15,0,8,28,0,4,36,0,5,-1.39
롯데,최준용,3.77,143,0,0,0,7,8,15,34,147.3,67,63,628,135,27,1,19,47,10,9,151,0,8,1.8599999999999999
롯데,추재현,0.04,1,0,0,0,0,0,0,0,1.0,0,0,4,0,0,0,0,2,0,0,0,0,0,0.0
롯데,프랑코,0.76,37,0,0,27,9,8,0,1,150.0,97,90,677,147,31,2,20,75,0,20,124,1,6,-1.27
롯데,한승혁,-0.09,16,0,0,0,1,0,0,0,11.0,10,10,56,14,2,0,1,9,0,1,8,0,2,-0.21
롯데,홍민기,-0.04,1,0,0,0,0,0,0,0,0.1,1,1,3,0,0,0,0,2,0,0,0,0,0,-0.01
삼성,구준범,-0.27,1,0,0,1,0,0,0,0,2.0,5,5,12,2,0,0,2,3,0,1,1,0,0,-0.37
삼성,권오준,-0.32,17,0,0,0,0,2,0,1,16.0,18,15,72,22,3,1,3,3,0,0,10,0,0,-0.41
삼성,김대우,0.44,63,0,0,13,4,9,0,2,132.3,89,81,600,167,35,1,16,41,1,8,69,1,2,-2.24
삼성,김서준,-0.09,3,0,0,0,0,0,0,0,2.2,4,3,19,6,2,0,1,4,0,1,2,0,0,-0.02
삼성,김승현,-0.43,6,0,0,0,0,1,0,2,4.0,7,5,24,6,1,0,2,4,0,0,5,0,1,-0.26
삼성,김윤수,-0.15000000000000008,118,0,0,2,6,8,0,16,112.0,81,67,535,130,23,0,10,70,4,4,98,0,17,-2.25
삼성,노건우,0.5700000000000001,64,0,0,0,2,5,0,11,57.1,34,29,259,40,6,0,5,46,1,3,55,0,9,-1.03
삼성,라이블리,3.3400000000000003,28,0,0,28,6,8,0,0,145.1,70,68,618,121,22,1,15,52,0,17,133,0,2,0.14
삼성,몽고메리,0.21,11,0,0,11,2,5,0,0,52.0,33,31,244,46,5,1,3,38,0,4,55,0,4,-0.71
삼성,문용익,0.78,61,0,0,0,3,2,1,4,59.2,31,25,261,52,8,0,5,32,0,3,42,0,6,0.09000000000000002
삼성,박세웅,-0.1,9,0,0,0,0,0,0,0,5.2,6,5,32,6,0,1,1,8,0,2,4,0,0,-0.17
삼성,박정준,0.02,8,0,0,0,0,0,0,0,10.0,7,7,45,10,2,0,2,5,0,1,4,0,0,-0.01
삼성,박주혁,0.1,8,0,0,0,0,0,0,0,6.2,3,1,29,5,0,0,1,4,0,0,3,0,1,-0.03
삼성,백정현,5.46,62,0,0,62,22,22,0,0,340.4,173,152,1468,363,67,5,50,108,3,12,225,0,15,-0.46999999999999986
삼성,뷰캐넌,13.03,83,3,2,83,42,20,0,0,511.2,203,182,2177,521,72,8,39,148,2,17,400,0,11,5.11
삼성,수아레즈,5.28,30,0,0,29,6,8,0,0,173.2,61,48,714,151,19,0,7,50,0,4,159,0,6,2.7
삼성,심창민,-0.38,82,0,0,0,5,4,0,19,71.2,52,46,336,65,12,1,11,50,0,8,79,1,6,-0.65
삼성,양창섭,-0.48,22,0,0,6,3,4,0,1,41.3,32,32,198,51,11,1,7,23,1,1,27,0,1,-0.88
삼성,오승환,7.34,166,0,0,0,9,6,93,4,166.2,54,49,692,159,34,5,13,44,3,5,147,0,4,6.37
삼성,우규민,2.06,172,0,0,0,10,9,10,51,144.0,77,68,624,174,25,2,11,24,4,7,96,1,1,-1.0999999999999999
삼성,원태인,8.79,80,0,0,79,30,25,0,0,463.29999999999995,218,202,1981,484,89,3,46,145,6,14,337,1,14,1.9200000000000002
삼성,윤성환,-0.16,5,1,0,5,0,2,0,0,18.2,14,12,84,19,4,2,0,11,0,3,4,0,0,-0.39
삼성,이상민,0.8999999999999999,93,0,0,1,1,2,0,13,67.3,38,35,317,75,14,2,11,40,2,4,50,0,5,-0.10999999999999999
삼성,이수민,0.04,4,0,0,0,0,0,0,0,4.2,3,3,23,3,0,0,1,5,0,1,2,0,0,-0.1
삼성,이승민,-0.74,20,0,0,16,2,7,0,0,66.4,56,55,324,86,12,1,11,42,1,3,40,0,0,-1.7499999999999998
삼성,이승현,2.08,239,0,0,0,5,13,1,49,207.4,118,112,915,201,44,4,30,99,4,9,201,0,14,-0.8299999999999998
삼성,이재익,-0.62,57,0,0,0,5,2,0,7,43.3,42,37,213,60,10,0,7,23,1,1,27,0,0,-1.04
삼성,이재희,0.16,5,0,0,5,0,1,0,0,21.2,13,13,95,24,3,1,2,10,0,0,17,0,2,-0.06
삼성,임대한,-0.23,12,0,0,0,2,1,0,1,13.2,11,8,65,12,5,0,1,9,2,1,8,0,1,-0.66
삼성,임현준,0.99,78,0,0,0,2,3,0,10,36.1,15,13,161,35,4,2,2,14,1,10,26,0,1,-0.26000000000000006
삼성,장지훈,-0.98,29,0,0,0,0,1,0,0,27.2,37,31,146,39,4,0,7,21,0,3,24,0,5,-1.11
삼성,장필준,-0.1,91,0,0,3,0,6,0,6,100.2,74,70,483,130,28,2,11,58,3,4,67,0,10,-2.82
삼성,정인욱,-0.03,5,0,0,0,0,0,0,0,5.1,5,5,26,5,0,0,1,4,0,1,3,0,0,-0.01
삼성,최지광,1.2,111,0,0,0,8,4,0,29,95.2,54,52,430,87,16,2,7,58,4,5,94,0,7,-0.39
삼성,최채흥,4.9,52,2,1,46,16,15,0,2,268.1,133,120,1155,274,48,3,28,88,1,9,205,4,7,0.9500000000000001
삼성,최충연,0.18,38,0,0,0,0,1,0,0,38.1,24,20,177,39,10,1,3,20,3,5,29,0,3,-0.29
삼성,최하늘,-0.15,14,0,0,5,1,4,0,1,33.2,23,23,156,42,5,0,5,15,0,2,18,1,0,-0.32
삼성,허윤동,-0.5,24,0,0,24,6,5,0,0,103.2,75,69,490,115,25,0,13,66,0,9,57,1,2,-1.54
삼성,홍원표,0.05,1,0,0,0,0,0,0,0,1.0,0,0,6,1,0,0,0,1,0,1,0,0,1,0.0
삼성,홍정우,1.08,71,0,0,0,7,2,0,2,71.4,39,37,314,70,13,2,11,29,4,1,61,0,2,-1.18
삼성,황동재,-1.6400000000000001,17,0,0,13,1,3,0,0,67.19999999999999,66,60,328,99,22,2,10,35,0,0,56,1,1,-2.2199999999999998
키움,김동욱,-0.04,3,0,0,0,0,0,0,0,3.0,3,3,16,7,0,1,2,1,0,0,2,0,0,0.0
키움,김동혁,0.63,72,0,0,8,2,7,1,3,116.4,70,66,518,125,34,3,6,46,6,16,54,1,2,-2.04
키움,김상수,0.18,60,0,0,0,3,3,5,11,51.1,33,27,226,52,12,0,3,21,1,3,48,0,1,-0.11
키움,김선기,-0.08000000000000002,72,0,0,9,6,3,1,7,106.30000000000001,70,61,483,109,24,0,7,49,1,13,66,1,9,-1.21
키움,김성민,0.87,72,0,0,0,3,3,1,11,69.4,40,34,330,71,13,0,7,47,4,9,57,0,2,-0.72
키움,김성진,-1.29,68,0,0,0,1,5,0,4,61.400000000000006,55,43,290,71,16,0,7,33,2,3,45,0,3,-1.26
키움,김인범,0.22,3,0,0,0,0,0,0,0,5.1,0,0,20,3,1,0,0,1,0,0,5,0,0,0.03
키움,김재웅,5.08,159,0,0,7,4,7,14,40,174.5,74,66,755,152,28,1,16,85,6,7,154,0,10,2.7699999999999996
키움,김정인,-0.5900000000000001,13,0,0,6,1,2,0,0,32.2,32,31,163,40,9,1,6,21,0,2,22,0,2,-0.8600000000000001
키움,김정후,-0.11,4,0,0,0,0,0,0,0,3.0,4,4,20,7,0,0,1,4,0,0,3,0,0,-0.19
키움,김준형,0.87,26,0,0,0,0,1,0,0,27.2,9,8,128,24,2,0,2,20,0,5,14,0,4,-0.15
키움,김태훈,3.76,162,0,0,2,14,4,20,35,171.1,78,68,751,170,31,1,5,75,5,8,126,1,8,1.2
키움,노운현,-0.34,5,0,0,0,0,1,0,0,4.0,7,5,28,10,1,0,0,3,0,1,3,0,1,-0.41
키움,문성현,1.55,59,0,0,2,1,2,13,9,59.2,25,24,249,50,8,0,4,31,0,1,48,0,3,0.54
키움,박관진,-0.5,3,0,0,0,0,1,0,0,0.30000000000000004,10,7,15,6,1,0,0,4,0,1,1,0,0,-0.41
키움,박승주,-0.09999999999999998,35,0,0,0,1,1,0,0,32.3,22,22,159,33,6,1,3,29,0,3,26,0,2,0.04000000000000001
키움,박주성,0.09,27,0,0,0,1,2,0,0,33.1,21,19,161,37,6,0,5,19,1,5,21,0,1,-0.87
키움,브리검,3.84,31,0,0,31,16,8,0,0,168.0,70,63,706,147,15,2,12,68,1,9,154,0,11,1.3800000000000001
키움,송정인,-0.14,1,0,0,0,0,0,0,0,2.0,5,5,13,4,2,0,0,3,0,0,0,0,0,0.0
키움,스미스,-0.08,2,0,0,2,1,0,0,0,10.0,7,7,43,9,2,0,1,5,0,0,5,0,0,-0.14
키움,신재영,-0.3,7,0,0,0,0,0,0,0,5.0,8,7,34,13,4,1,2,4,0,0,1,0,0,-0.49
키움,안우진,11.75,93,1,0,51,24,19,2,13,339.2,110,97,1359,239,53,5,20,113,3,11,375,2,14,5.4
키움,애플러,1.33,33,1,1,25,6,8,0,0,140.1,69,67,622,172,34,1,13,40,1,6,86,0,4,-0.24
키움,양지율,0.5,24,0,0,0,0,1,0,1,23.1,10,10,99,24,3,0,3,10,1,1,12,0,2,0.11
키움,양현,1.82,128,0,0,1,12,7,4,21,144.2,77,68,637,156,25,1,11,60,6,5,69,0,3,-1.42
키움,오주원,-0.63,46,0,0,0,4,2,1,2,36.2,32,31,167,55,10,0,9,4,1,0,22,1,1,-1.13
키움,요키시,15.870000000000001,88,0,0,88,38,24,0,0,525.4,185,150,2125,484,81,6,26,104,2,15,400,1,14,8.39
키움,윤정현,-0.84,42,0,0,6,1,2,0,5,61.4,51,45,305,92,11,1,5,28,1,7,35,0,1,-0.9
키움,이명종,0.03,27,0,0,0,4,1,0,4,27.1,17,16,126,28,4,0,3,16,1,2,20,0,1,-0.1
키움,이승호,1.9499999999999997,115,0,0,26,10,11,10,15,215.4,130,116,956,231,36,2,26,98,3,9,154,1,17,0.6100000000000001
키움,이영준,0.83,78,0,0,0,4,5,0,29,61.0,33,31,278,68,5,0,5,32,1,4,48,1,4,-0.6799999999999999
키움,이종민,-0.18,2,0,0,0,0,0,0,0,2.1,6,6,17,4,0,0,1,7,0,0,3,0,0,-0.01
키움,임규빈,0.4099999999999999,38,0,0,0,2,0,0,2,45.400000000000006,30,29,205,59,13,0,14,14,0,2,26,0,2,-0.2
키움,장재영,-0.7200000000000001,33,0,0,2,0,1,0,0,31.2,30,30,162,38,9,0,2,31,0,4,33,0,6,-0.99
키움,정대현,-0.08,1,0,0,1,0,0,0,0,2.2,3,3,13,5,1,0,1,0,0,0,3,0,0,-0.16
키움,정찬헌,0.78,31,1,1,31,8,9,0,0,143.2,81,77,638,170,32,0,14,43,2,10,70,0,4,-0.8300000000000001
키움,조상우,4.17,97,0,0,0,11,8,48,5,98.1,33,30,419,80,10,0,7,37,4,4,111,0,3,2.63
키움,조성운,0.23,42,0,0,0,1,1,0,1,45.0,30,27,201,48,11,1,6,19,1,2,29,0,2,-0.78
키움,조영건,-0.15,21,0,0,10,3,3,0,0,45.1,30,26,213,48,7,1,8,30,1,3,26,1,0,-1.02
키움,주승우,-0.11,4,0,0,1,0,0,0,0,3.1,5,4,23,5,0,0,1,7,0,0,4,0,0,-0.07
키움,차재용,0.04,1,0,0,0,0,0,0,0,1.0,0,0,3,0,0,0,0,0,0,0,0,0,0,0.01
키움,최원태,2.37,75,0,0,69,23,22,0,0,358.3,207,179,1567,372,62,4,32,130,4,22,223,0,14,-0.52
키움,하영민,-0.15,41,0,0,0,5,3,0,2,39.1,27,15,178,35,8,2,4,21,0,0,23,0,2,-0.53
키움,한현희,2.83,64,0,0,54,19,15,0,1,297.6,163,153,1305,310,60,2,23,91,2,28,229,2,8,1.0899999999999999
한화,강경학,-0.14,1,0,0,0,0,0,0,0,0.2,4,4,8,3,1,0,0,2,0,1,0,0,0,0.0
한화,강재민,5.94,164,0,0,0,7,10,13,34,163.2,58,53,704,136,23,1,12,73,12,9,151,2,4,1.36
한화,김규연,-0.05,12,0,0,0,0,0,0,1,13.2,11,8,70,16,5,0,2,12,0,0,11,0,2,0.06
한화,김기중,0.12000000000000002,20,0,0,15,2,6,0,0,65.2,42,36,323,77,12,1,8,47,2,5,44,2,0,-1.2
한화,김기탁,-0.39,24,0,0,0,0,0,0,4,19.1,20,15,98,27,8,1,1,12,0,1,15,0,0,-0.33999999999999997
한화,김도현,-0.6300000000000001,32,0,0,20,2,8,0,0,90.2,74,73,448,110,19,0,11,66,0,9,54,0,6,-1.79
한화,김민우,7.23,84,1,0,82,25,31,0,0,450.29999999999995,225,212,1966,395,79,3,46,232,12,22,378,3,28,0.24
한화,김범수,1.36,158,0,0,10,10,22,1,36,191.2,114,105,867,187,35,4,16,119,9,8,183,1,11,-3.47
한화,김재영,-0.37,30,0,0,1,0,2,0,1,30.0,25,18,137,33,13,0,1,12,2,7,16,0,2,-0.66
한화,김종수,0.33,155,0,0,0,5,6,2,19,141.2,93,80,633,127,36,4,18,79,2,8,126,1,7,-2.16
한화,김진영,1.6800000000000002,78,0,0,0,3,4,0,9,72.1,34,28,312,64,7,0,8,36,2,3,64,0,6,-0.21000000000000002
한화,김진욱,0.3,22,0,0,6,3,4,1,0,44.2,29,28,206,50,12,1,9,25,0,5,29,0,3,-1.07
한화,남지민,-1.35,25,0,0,23,2,12,0,0,96.1,74,69,459,118,21,1,10,52,0,6,44,0,5,-2.26
한화,노시환,-0.05,1,0,0,0,0,0,0,0,1.0,2,2,5,1,0,0,1,0,0,1,0,0,0,0.0
한화,라미레즈,1.02,13,0,0,13,2,6,0,0,65.1,33,30,285,52,6,0,4,37,0,7,47,1,0,0.13
한화,류희운,0.13,7,0,0,0,0,0,0,0,6.0,2,2,30,5,1,0,0,6,0,2,5,0,2,0.0
한화,문동욱,0.38,20,0,0,0,0,1,1,1,19.1,10,9,89,13,2,0,2,18,1,2,11,0,2,-0.07
한화,문동주,0.0,13,0,0,4,1,3,0,2,28.2,19,18,127,28,5,1,5,14,0,1,36,1,2,0.23
한화,박상원,1.26,76,0,0,0,1,0,1,14,70.0,39,33,309,73,15,1,8,26,4,4,68,1,3,-0.15000000000000002
한화,박윤철,-0.09,11,0,0,7,0,3,0,0,33.1,22,17,164,41,7,0,5,23,0,2,16,1,2,-0.7
한화,박주홍,-0.64,13,0,0,6,1,6,0,0,27.2,28,27,135,32,6,0,5,25,0,0,22,0,3,-1.59
한화,박준영,-0.46,5,0,0,2,0,1,0,0,11.0,13,13,53,13,0,0,1,8,0,0,10,0,0,-0.48
한화,배동현,0.23,20,0,0,4,1,3,0,0,38.0,21,19,177,34,9,1,3,25,0,4,26,2,1,-0.76
한화,서균,0.26,10,0,0,0,0,0,0,0,8.299999999999999,2,2,44,9,0,0,0,6,0,3,1,0,0,-0.22
한화,서폴드,1.3,28,1,1,28,10,13,0,0,165.0,107,90,734,203,30,3,19,42,0,13,97,0,10,-1.5
한화,송윤준,0.72,46,0,0,0,0,0,0,3,39.3,19,19,182,38,9,1,2,21,1,5,27,0,3,-0.23
한화,신정락,-0.72,80,0,0,0,2,4,1,6,79.0,61,52,374,92,19,3,9,38,4,12,51,0,4,-1.33
한화,신지후,-0.09,2,0,0,0,0,0,0,0,0.1,2,0,3,0,0,0,0,1,0,0,0,0,0,-0.01
한화,안영명,0.29,39,0,0,0,1,1,0,1,45.2,32,30,201,51,8,1,9,18,1,2,34,0,0,-0.83
한화,오동욱,-0.52,38,0,0,1,0,2,0,2,35.0,36,30,177,43,13,0,6,23,0,7,18,0,0,-0.71
한화,윤규진,-0.1,2,0,0,0,0,0,0,0,3.2,5,3,19,7,0,0,1,1,0,0,4,0,0,-0.05
한화,윤대경,2.33,123,0,0,23,11,14,0,14,203.3,114,105,911,227,42,2,17,76,5,16,147,0,9,-0.76
한화,윤산흠,1.03,42,0,0,0,1,1,0,3,36.2,14,12,174,30,7,0,1,32,4,4,48,0,6,0.09
한화,윤호솔,0.19000000000000003,113,0,0,0,6,6,0,15,96.30000000000001,63,51,445,92,22,3,11,64,4,3,79,0,7,-0.67
한화,이도윤,-0.1,2,0,0,0,0,0,0,0,1.1,3,3,8,4,3,0,0,0,0,0,0,0,0,0.0
한화,이민우,0.07,24,0,0,4,1,0,0,0,40.2,26,24,182,50,8,2,3,14,0,1,22,0,1,-0.58
한화,이승관,-1.1800000000000002,15,0,0,2,0,2,0,0,10.3,26,23,72,19,4,1,1,20,0,1,8,0,1,-0.57
한화,이재민,-0.35,2,0,0,0,0,0,0,0,2.0,8,8,15,3,1,0,0,5,0,1,0,0,0,-0.06
한화,이충호,-0.6,22,0,0,0,2,0,0,0,20.3,22,19,112,27,3,2,2,18,0,4,15,0,1,-0.54
한화,이태양,-0.01,7,0,0,0,0,0,0,0,8.2,7,7,39,11,2,1,1,5,1,0,8,0,1,-0.22
한화,이현호,0.02,16,0,0,0,0,2,0,0,15.1,12,11,75,18,0,0,4,10,0,1,15,1,3,-0.84
한화,임준섭,-1.1,28,0,0,1,0,2,0,1,21.599999999999998,32,27,131,42,11,0,2,15,0,5,17,1,4,-0.54
한화,장민재,2.51,68,0,0,41,9,17,0,0,212.4,115,102,926,244,44,4,24,60,2,6,120,0,5,-1.44
한화,장시환,0.34,109,1,0,42,4,30,14,10,264.4,180,159,1225,284,53,4,23,155,6,15,229,0,19,-3.98
한화,장웅정,0.12,6,0,0,2,0,1,0,0,14.3,11,11,73,22,5,0,4,8,0,0,9,0,2,0.0
한화,정우람,1.4,123,0,0,0,4,10,32,8,116.4,66,63,513,128,21,1,10,38,4,10,105,0,2,0.08000000000000002
한화,정인욱,-0.02,8,0,0,1,0,0,0,0,9.1,6,5,44,6,1,0,2,10,0,0,6,0,0,-0.19
한화,정진호,0.06,3,0,0,0,0,0,0,0,1.2,0,0,6,1,0,0,0,1,0,0,0,0,0,0.0
한화,주현상,0.5700000000000001,92,0,0,0,2,3,1,7,105.2,64,62,465,115,24,6,11,35,3,6,66,0,7,-0.74
한화,채드벨,0.16,16,0,0,16,2,8,0,0,77.0,54,51,346,85,11,0,10,35,1,5,61,0,3,-1.01
한화,카펜터,2.65,35,0,0,34,5,13,0,0,188.0,96,80,825,169,26,3,17,78,0,20,194,1,8,0.73
한화,킹엄,4.13,28,0,0,28,11,10,0,0,160.1,64,56,661,132,24,1,12,46,1,6,149,2,4,1.78
한화,페냐,0.58,13,0,0,13,5,4,0,0,67.2,33,28,293,63,10,2,4,30,0,4,72,0,4,0.15
한화,한승주,-0.22000000000000003,8,0,0,3,0,0,0,0,16.4,14,14,86,28,3,0,1,6,0,3,14,0,0,-0.33
한화,황영국,-0.5700000000000001,39,0,0,0,0,2,0,6,33.3,32,31,172,45,5,0,3,24,1,3,32,0,5,-0.83
