순위,이름,팀,WAR,타격,도루,주루,수비,Rep.Wins,Pos.Wins,WAA_투수_선발,WAA_투수_구원,Rep.wins_선발,Rep.wins_구원,WAR_투수_선발,WAR_투수_구원
1,페디,23NP,2.03,0.00,0.00,0.00,0.00,0.00,0.00,1.53,0.00,0.51,0.00,2.03,0.00
2,안우진,23키P,1.95,0.00,0.00,0.00,0.00,0.00,0.00,1.46,0.00,0.49,0.00,1.95,0.00
3,나균안,23롯P,1.74,0.00,0.00,0.00,0.00,0.00,0.00,1.29,0.00,0.45,0.00,1.74,0.00
4,곽빈,23두P,1.40,0.00,0.00,0.00,0.00,0.00,0.00,0.99,0.00,0.41,0.00,1.40,0.00
,강민호,23삼C,1.40,0.79,0.04,0.04,0.03,0.39,0.12,0.00,0.00,0.00,0.00,0.00,0.00
6,플럿코,23LP,1.34,0.00,0.00,0.00,0.00,0.00,0.00,0.95,0.00,0.39,0.00,1.34,0.00
7,알포드,23KLF,1.28,0.99,0.02,-0.02,-0.01,0.41,-0.11,0.00,0.00,0.00,0.00,0.00,0.00
8,노시환,23한3B,1.22,0.61,-0.00,0.07,0.09,0.45,0.01,0.00,0.00,0.00,0.00,0.00,0.00
9,김현수,23LDH,1.20,1.11,0.01,-0.06,-0.03,0.40,-0.24,0.00,0.00,0.00,0.00,0.00,0.00
10,이용준,23NP,1.18,0.00,0.00,0.00,0.00,0.00,0.00,0.75,0.12,0.27,0.05,1.02,0.16
11,최정,23S3B,1.17,0.47,0.02,0.09,0.14,0.45,0.01,0.00,0.00,0.00,0.00,0.00,0.00
12,문보경,23L3B,1.16,0.42,0.04,0.03,0.18,0.48,0.03,0.00,0.00,0.00,0.00,0.00,0.00
13,이원석,23삼3B,1.15,0.96,-0.05,-0.02,-0.01,0.35,-0.09,0.00,0.00,0.00,0.00,0.00,0.00
14,오스틴,23L1B,1.14,0.75,-0.01,0.07,0.06,0.45,-0.18,0.00,0.00,0.00,0.00,0.00,0.00
15,엄상백,23KP,1.11,0.00,0.00,0.00,0.00,0.00,0.00,0.88,0.00,0.23,0.00,1.11,0.00
,앤더슨,23KP,1.11,0.00,0.00,0.00,0.00,0.00,0.00,0.60,0.00,0.51,0.00,1.11,0.00
17,김혜성,23키2B,1.09,0.30,0.16,0.08,0.09,0.43,0.03,0.00,0.00,0.00,0.00,0.00,0.00
18,최지훈,23SCF,1.08,0.46,0.04,0.03,0.13,0.41,0.00,0.00,0.00,0.00,0.00,0.00,0.00
19,고영표,23KP,1.06,0.00,0.00,0.00,0.00,0.00,0.00,0.54,0.06,0.45,0.01,0.99,0.07
20,구자욱,23삼RF,1.02,0.71,0.01,-0.05,-0.01,0.46,-0.12,0.00,0.00,0.00,0.00,0.00,0.00
21,서진용,23SP,0.96,0.00,0.00,0.00,0.00,0.00,0.00,0.00,0.79,0.00,0.16,0.00,0.96
22,러셀,23키SS,0.94,0.65,0.02,0.02,-0.18,0.36,0.07,0.00,0.00,0.00,0.00,0.00,0.00
23,문성주,23LRF,0.92,0.71,-0.16,0.00,-0.02,0.52,-0.13,0.00,0.00,0.00,0.00,0.00,0.00
24,에레디아,23SLF,0.90,0.71,-0.15,-0.03,0.06,0.43,-0.11,0.00,0.00,0.00,0.00,0.00,0.00
25,정수빈,23두CF,0.89,0.17,-0.03,0.10,0.21,0.39,0.03,0.00,0.00,0.00,0.00,0.00,0.00
26,최원태,23키P,0.88,0.00,0.00,0.00,0.00,0.00,0.00,0.47,0.00,0.41,0.00,0.88,0.00
27,양의지,23두C,0.85,0.35,0.02,-0.13,0.14,0.39,0.09,0.00,0.00,0.00,0.00,0.00,0.00
,채은성,23한RF,0.85,0.56,-0.00,0.03,-0.01,0.44,-0.17,0.00,0.00,0.00,0.00,0.00,0.00
,김재윤,23KP,0.85,0.00,0.00,0.00,0.00,0.00,0.00,0.00,0.70,0.00,0.15,0.00,0.85
,박민우,23N2B,0.85,0.28,0.06,0.03,0.08,0.39,0.01,0.00,0.00,0.00,0.00,0.00,0.00
31,김지찬,23삼2B,0.80,0.05,0.02,0.07,0.25,0.38,0.03,0.00,0.00,0.00,0.00,0.00,0.00
32,박동원,23LC,0.78,0.32,-0.00,0.02,-0.11,0.40,0.16,0.00,0.00,0.00,0.00,0.00,0.00
,문동주,23한P,0.78,0.00,0.00,0.00,0.00,0.00,0.00,0.48,0.00,0.30,0.00,0.78,0.00
34,박성한,23SSS,0.77,-0.01,0.02,0.08,0.21,0.38,0.10,0.00,0.00,0.00,0.00,0.00,0.00
35,오지환,23LSS,0.76,0.38,0.04,0.01,0.04,0.24,0.06,0.00,0.00,0.00,0.00,0.00,0.00
,정철원,23두P,0.76,0.00,0.00,0.00,0.00,0.00,0.00,0.00,0.55,0.00,0.21,0.00,0.76
,김휘집,23키3B,0.76,0.37,-0.00,0.03,0.00,0.32,0.03,0.00,0.00,0.00,0.00,0.00,0.00
38,김진욱,23롯P,0.75,0.00,0.00,0.00,0.00,0.00,0.00,0.00,0.60,0.00,0.16,0.00,0.75
39,양현종,23KP,0.73,0.00,0.00,0.00,0.00,0.00,0.00,0.41,0.00,0.32,0.00,0.73,0.00
,소크라테스,23KRF,0.73,0.08,0.02,-0.02,0.26,0.43,-0.04,0.00,0.00,0.00,0.00,0.00,0.00
,양석환,23두1B,0.73,0.72,0.02,0.01,-0.25,0.39,-0.16,0.00,0.00,0.00,0.00,0.00,0.00
42,이정후,23키CF,0.69,0.03,0.02,0.04,0.18,0.43,0.00,0.00,0.00,0.00,0.00,0.00,0.00
43,맥카티,23SP,0.66,0.00,0.00,0.00,0.00,0.00,0.00,0.26,0.00,0.40,0.00,0.66,0.00
,최형우,23KDH,0.66,0.73,-0.00,-0.14,-0.07,0.37,-0.23,0.00,0.00,0.00,0.00,0.00,0.00
45,홍창기,23LLF,0.64,0.50,-0.18,-0.07,-0.03,0.53,-0.13,0.00,0.00,0.00,0.00,0.00,0.00
,천재환,23NCF,0.64,0.21,-0.09,0.06,0.13,0.31,0.02,0.00,0.00,0.00,0.00,0.00,0.00
47,김동주,23두P,0.63,0.00,0.00,0.00,0.00,0.00,0.00,0.35,0.00,0.28,0.00,0.63,0.00
48,이의리,23KP,0.62,0.00,0.00,0.00,0.00,0.00,0.00,0.26,0.00,0.36,0.00,0.62,0.00
49,김주원,23NSS,0.61,0.21,0.04,0.01,-0.18,0.42,0.11,0.00,0.00,0.00,0.00,0.00,0.00
,김대우,23삼P,0.61,0.00,0.00,0.00,0.00,0.00,0.00,0.00,0.48,0.00,0.14,0.00,0.61
51,김재환,23두DH,0.60,0.56,-0.05,-0.06,-0.02,0.36,-0.20,0.00,0.00,0.00,0.00,0.00,0.00
,허경민,23두3B,0.60,0.04,0.06,0.04,0.04,0.38,0.03,0.00,0.00,0.00,0.00,0.00,0.00
53,최주환,23S2B,0.57,0.11,-0.00,0.01,0.08,0.34,0.03,0.00,0.00,0.00,0.00,0.00,0.00
,슐서,23KP,0.57,0.00,0.00,0.00,0.00,0.00,0.00,0.24,0.00,0.33,0.00,0.57,0.00
55,김상수,23롯P,0.56,0.00,0.00,0.00,0.00,0.00,0.00,0.00,0.42,0.00,0.14,0.00,0.56
56,도태훈,23N3B,0.55,0.32,0.02,0.08,-0.08,0.20,0.01,0.00,0.00,0.00,0.00,0.00,0.00
,류지혁,23K3B,0.55,0.25,-0.00,0.04,-0.09,0.33,0.02,0.00,0.00,0.00,0.00,0.00,0.00
,손동현,23KP,0.55,0.00,0.00,0.00,0.00,0.00,0.00,0.00,0.39,0.00,0.16,0.00,0.55
59,박건우,23NRF,0.54,0.33,-0.03,-0.05,0.01,0.44,-0.16,0.00,0.00,0.00,0.00,0.00,0.00
60,이형종,23키RF,0.52,0.30,-0.00,-0.04,-0.05,0.44,-0.14,0.00,0.00,0.00,0.00,0.00,0.00
61,서호철,23N2B,0.51,0.10,-0.00,-0.02,0.19,0.22,0.02,0.00,0.00,0.00,0.00,0.00,0.00
,김민혁,23KCF,0.51,0.26,-0.00,-0.05,-0.05,0.34,0.00,0.00,0.00,0.00,0.00,0.00,0.00
,송영진,23SP,0.51,0.00,0.00,0.00,0.00,0.00,0.00,0.06,0.20,0.19,0.06,0.25,0.26
64,최민준,23SP,0.50,0.00,0.00,0.00,0.00,0.00,0.00,0.00,0.31,0.00,0.19,0.00,0.50
65,뷰캐넌,23삼P,0.49,0.00,0.00,0.00,0.00,0.00,0.00,0.06,0.00,0.44,0.00,0.49,0.00
,김민성,23LSS,0.49,-0.01,0.04,-0.01,0.11,0.32,0.04,0.00,0.00,0.00,0.00,0.00,0.00
,박해민,23LCF,0.49,0.40,-0.13,-0.21,-0.01,0.40,0.04,0.00,0.00,0.00,0.00,0.00,0.00
68,김성욱,23NLF,0.48,0.20,0.06,0.02,0.02,0.24,-0.06,0.00,0.00,0.00,0.00,0.00,0.00
,김진성,23LP,0.48,0.00,0.00,0.00,0.00,0.00,0.00,0.00,0.31,0.00,0.17,0.00,0.48
,이창진,23KLF,0.48,0.01,0.04,-0.02,0.15,0.38,-0.08,0.00,0.00,0.00,0.00,0.00,0.00
71,김동엽,23삼DH,0.47,0.38,-0.02,0.06,0.00,0.15,-0.10,0.00,0.00,0.00,0.00,0.00,0.00
,고종욱,23KLF,0.47,0.24,0.04,0.02,0.04,0.19,-0.05,0.00,0.00,0.00,0.00,0.00,0.00
73,정해영,23KP,0.46,0.00,0.00,0.00,0.00,0.00,0.00,0.00,0.30,0.00,0.16,0.00,0.46
,강백호,23KRF,0.46,0.31,-0.00,0.03,-0.12,0.44,-0.19,0.00,0.00,0.00,0.00,0.00,0.00
,임찬규,23LP,0.46,0.00,0.00,0.00,0.00,0.00,0.00,0.34,-0.17,0.18,0.11,0.52,-0.06
76,홍건희,23두P,0.45,0.00,0.00,0.00,0.00,0.00,0.00,0.00,0.30,0.00,0.15,0.00,0.45
,윤대경,23한P,0.45,0.00,0.00,0.00,0.00,0.00,0.00,0.00,0.32,0.00,0.13,0.00,0.45
,김기중,23한P,0.45,0.00,0.00,0.00,0.00,0.00,0.00,0.00,0.33,0.00,0.12,0.00,0.45
79,김진호,23NP,0.44,0.00,0.00,0.00,0.00,0.00,0.00,0.00,0.26,0.00,0.17,0.00,0.44
,요키시,23키P,0.44,0.00,0.00,0.00,0.00,0.00,0.00,0.05,0.00,0.39,0.00,0.44,0.00
81,황성빈,23롯LF,0.43,0.14,0.02,0.03,0.11,0.17,-0.04,0.00,0.00,0.00,0.00,0.00,0.00
,노진혁,23롯SS,0.43,-0.05,0.02,-0.04,0.06,0.35,0.09,0.00,0.00,0.00,0.00,0.00,0.00
83,송명기,23NP,0.42,0.00,0.00,0.00,0.00,0.00,0.00,0.07,0.00,0.35,0.00,0.42,0.00
84,최지민,23KP,0.41,0.00,0.00,0.00,0.00,0.00,0.00,0.00,0.24,0.00,0.16,0.00,0.41
85,양현,23키P,0.40,0.00,0.00,0.00,0.00,0.00,0.00,0.00,0.26,0.00,0.14,0.00,0.40
,안권수,23롯LF,0.40,0.34,-0.09,0.14,-0.34,0.40,-0.05,0.00,0.00,0.00,0.00,0.00,0.00
,노경은,23SP,0.40,0.00,0.00,0.00,0.00,0.00,0.00,0.00,0.25,0.00,0.15,0.00,0.40
88,손아섭,23NDH,0.38,0.11,0.02,0.05,-0.02,0.47,-0.24,0.00,0.00,0.00,0.00,0.00,0.00
,장민재,23한P,0.38,0.00,0.00,0.00,0.00,0.00,0.00,0.11,0.00,0.27,0.00,0.38,0.00
90,전준우,23롯DH,0.37,0.13,0.04,0.03,0.04,0.33,-0.21,0.00,0.00,0.00,0.00,0.00,0.00
91,문성현,23키P,0.36,0.00,0.00,0.00,0.00,0.00,0.00,0.00,0.24,0.00,0.12,0.00,0.36
,추신수,23SDH,0.36,0.06,0.06,0.04,0.08,0.41,-0.28,0.00,0.00,0.00,0.00,0.00,0.00
,이준영,23KP,0.36,0.00,0.00,0.00,0.00,0.00,0.00,0.00,0.25,0.00,0.11,0.00,0.36
,이원석,23한CF,0.36,0.17,0.14,-0.01,-0.21,0.25,0.01,0.00,0.00,0.00,0.00,0.00,0.00
,후라도,23키P,0.36,0.00,0.00,0.00,0.00,0.00,0.00,-0.02,0.00,0.38,0.00,0.36,0.00
96,임창민,23키P,0.35,0.00,0.00,0.00,0.00,0.00,0.00,0.00,0.25,0.00,0.10,0.00,0.35
,오태곤,23S1B,0.35,0.09,0.02,0.01,0.09,0.23,-0.10,0.00,0.00,0.00,0.00,0.00,0.00
98,박상원,23한P,0.34,0.00,0.00,0.00,0.00,0.00,0.00,0.00,0.30,0.00,0.04,0.00,0.34
,고승민,23롯1B,0.34,0.20,0.06,0.05,-0.19,0.35,-0.14,0.00,0.00,0.00,0.00,0.00,0.00
,구승민,23롯P,0.34,0.00,0.00,0.00,0.00,0.00,0.00,0.00,0.18,0.00,0.16,0.00,0.34
101,렉스,23롯RF,0.33,0.38,-0.00,0.02,-0.32,0.38,-0.12,0.00,0.00,0.00,0.00,0.00,0.00
,박경수,23K2B,0.33,0.09,-0.00,-0.05,0.05,0.23,0.02,0.00,0.00,0.00,0.00,0.00,0.00
,김영규,23NP,0.33,0.00,0.00,0.00,0.00,0.00,0.00,0.00,0.16,0.00,0.17,0.00,0.33
,강재민,23한P,0.33,0.00,0.00,0.00,0.00,0.00,0.00,0.00,0.16,0.00,0.17,0.00,0.33
105,이태양,23한P,0.32,0.00,0.00,0.00,0.00,0.00,0.00,0.10,0.04,0.03,0.15,0.13,0.19
,한승주,23한P,0.32,0.00,0.00,0.00,0.00,0.00,0.00,0.00,0.17,0.00,0.15,0.00,0.32
,김강민,23SCF,0.32,0.23,-0.00,0.01,-0.04,0.12,0.01,0.00,0.00,0.00,0.00,0.00,0.00
,김선빈,23K2B,0.32,0.22,-0.00,0.02,-0.22,0.28,0.02,0.00,0.00,0.00,0.00,0.00,0.00
,최재훈,23한C,0.32,-0.12,-0.05,0.02,0.04,0.29,0.13,0.00,0.00,0.00,0.00,0.00,0.00
,류진욱,23NP,0.32,0.00,0.00,0.00,0.00,0.00,0.00,0.00,0.21,0.00,0.11,0.00,0.32
111,유영찬,23LP,0.31,0.00,0.00,0.00,0.00,0.00,0.00,0.00,0.10,0.00,0.20,0.00,0.31
,박영현,23KP,0.31,0.00,0.00,0.00,0.00,0.00,0.00,0.00,0.12,0.00,0.19,0.00,0.31
,장성우,23KC,0.31,-0.17,-0.00,0.06,-0.02,0.35,0.10,0.00,0.00,0.00,0.00,0.00,0.00
,백정현,23삼P,0.31,0.00,0.00,0.00,0.00,0.00,0.00,-0.01,0.00,0.32,0.00,0.31,0.00
115,박승욱,23롯2B,0.30,0.14,0.02,-0.01,0.08,0.07,0.01,0.00,0.00,0.00,0.00,0.00,0.00
,함덕주,23LP,0.30,0.00,0.00,0.00,0.00,0.00,0.00,0.00,0.13,0.00,0.17,0.00,0.30
117,이우찬,23LP,0.29,0.00,0.00,0.00,0.00,0.00,0.00,0.00,0.13,0.00,0.16,0.00,0.29
,알칸타라,23두P,0.29,0.00,0.00,0.00,0.00,0.00,0.00,-0.08,0.00,0.37,0.00,0.29,0.00
119,장현식,23KP,0.28,0.00,0.00,0.00,0.00,0.00,0.00,0.00,0.24,0.00,0.04,0.00,0.28
,김동혁,23키P,0.28,0.00,0.00,0.00,0.00,0.00,0.00,0.00,0.09,0.00,0.19,0.00,0.28
,김원중,23롯P,0.28,0.00,0.00,0.00,0.00,0.00,0.00,0.00,0.10,0.00,0.18,0.00,0.28
,문승원,23SP,0.28,0.00,0.00,0.00,0.00,0.00,0.00,0.04,0.00,0.24,0.00,0.28,0.00
123,피렐라,23삼LF,0.27,-0.00,-0.03,0.04,-0.05,0.43,-0.12,0.00,0.00,0.00,0.00,0.00,0.00
,최지강,23두P,0.27,0.00,0.00,0.00,0.00,0.00,0.00,0.00,0.13,0.00,0.14,0.00,0.27
,구창모,23NP,0.27,0.00,0.00,0.00,0.00,0.00,0.00,-0.14,0.00,0.40,0.00,0.27,0.00
126,원태인,23삼P,0.26,0.00,0.00,0.00,0.00,0.00,0.00,-0.13,0.00,0.40,0.00,0.26,0.00
,홍현빈,23KCF,0.26,0.13,-0.00,0.05,-0.03,0.11,-0.00,0.00,0.00,0.00,0.00,0.00,0.00
128,최원준,23두P,0.25,0.00,0.00,0.00,0.00,0.00,0.00,-0.14,0.00,0.39,0.00,0.25,0.00
,이승현,23삼P,0.25,0.00,0.00,0.00,0.00,0.00,0.00,0.00,0.07,0.00,0.18,0.00,0.25
130,양찬열,23두RF,0.24,-0.03,-0.00,0.01,0.17,0.11,-0.03,0.00,0.00,0.00,0.00,0.00,0.00
,김윤식,23LP,0.24,0.00,0.00,0.00,0.00,0.00,0.00,-0.03,0.00,0.27,0.00,0.24,0.00
,이승현,23삼P,0.24,0.00,0.00,0.00,0.00,0.00,0.00,0.00,0.10,0.00,0.15,0.00,0.24
,박민호,23SP,0.24,0.00,0.00,0.00,0.00,0.00,0.00,0.00,0.16,0.00,0.08,0.00,0.24
134,김성진,23키P,0.23,0.00,0.00,0.00,0.00,0.00,0.00,0.00,0.11,0.00,0.12,0.00,0.23
135,김범수,23한P,0.22,0.00,0.00,0.00,0.00,0.00,0.00,0.00,0.06,0.00,0.17,0.00,0.22
,박병호,23K1B,0.22,0.01,0.02,0.01,-0.05,0.37,-0.15,0.00,0.00,0.00,0.00,0.00,0.00
137,오원석,23SP,0.21,0.00,0.00,0.00,0.00,0.00,0.00,-0.15,0.00,0.36,0.00,0.21,0.00
,박세혁,23NC,0.21,-0.19,-0.05,-0.02,0.08,0.27,0.11,0.00,0.00,0.00,0.00,0.00,0.00
139,임준섭,23SP,0.20,0.00,0.00,0.00,0.00,0.00,0.00,0.00,0.14,0.00,0.06,0.00,0.20
140,백승현,23LP,0.19,0.00,0.00,0.00,0.00,0.00,0.00,0.00,0.15,0.00,0.04,0.00,0.19
141,이지영,23키C,0.18,-0.20,0.02,0.03,-0.06,0.27,0.12,0.00,0.00,0.00,0.00,0.00,0.00
,이호성,23삼P,0.18,0.00,0.00,0.00,0.00,0.00,0.00,0.00,0.09,0.00,0.09,0.00,0.18
,이우성,23KRF,0.18,0.08,0.02,-0.10,0.11,0.10,-0.03,0.00,0.00,0.00,0.00,0.00,0.00
,김재웅,23키P,0.18,0.00,0.00,0.00,0.00,0.00,0.00,0.00,0.09,0.00,0.10,0.00,0.18
145,변우혁,23K1B,0.17,-0.06,-0.00,0.04,0.02,0.20,-0.04,0.00,0.00,0.00,0.00,0.00,0.00
,최준용,23롯P,0.17,0.00,0.00,0.00,0.00,0.00,0.00,0.00,0.14,0.00,0.03,0.00,0.17
,이재희,23삼P,0.17,0.00,0.00,0.00,0.00,0.00,0.00,-0.11,0.18,0.05,0.05,-0.06,0.23
148,하준영,23NP,0.16,0.00,0.00,0.00,0.00,0.00,0.00,0.00,0.02,0.00,0.14,0.00,0.16
,수아레즈,23삼P,0.16,0.00,0.00,0.00,0.00,0.00,0.00,-0.13,0.00,0.29,0.00,0.16,0.00
,이천웅,23LDH,0.16,0.15,-0.00,0.00,-0.00,0.01,-0.00,0.00,0.00,0.00,0.00,0.00,0.00
151,이로운,23SP,0.15,0.00,0.00,0.00,0.00,0.00,0.00,0.00,0.03,0.00,0.12,0.00,0.15
,최상민,23SCF,0.15,-0.00,-0.00,0.03,0.07,0.05,0.00,0.00,0.00,0.00,0.00,0.00,0.00
,이재현,23삼SS,0.15,-0.25,-0.05,-0.03,0.02,0.37,0.09,0.00,0.00,0.00,0.00,0.00,0.00
154,박치국,23두P,0.14,0.00,0.00,0.00,0.00,0.00,0.00,0.00,0.00,0.00,0.14,0.00,0.14
,김기훈,23KP,0.14,0.00,0.00,0.00,0.00,0.00,0.00,0.00,-0.02,0.00,0.16,0.00,0.14
156,조수행,23두RF,0.13,-0.16,-0.07,0.06,0.13,0.20,-0.04,0.00,0.00,0.00,0.00,0.00,0.00
,오승환,23삼P,0.13,0.00,0.00,0.00,0.00,0.00,0.00,0.00,-0.00,0.00,0.13,0.00,0.13
,신본기,23K3B,0.13,0.05,-0.00,-0.06,-0.02,0.14,0.02,0.00,0.00,0.00,0.00,0.00,0.00
,박석민,23N3B,0.13,-0.04,-0.00,-0.04,0.02,0.22,-0.03,0.00,0.00,0.00,0.00,0.00,0.00
,김도영,23K3B,0.13,0.10,-0.02,0.02,0.00,0.03,0.00,0.00,0.00,0.00,0.00,0.00,0.00
,김준태,23KC,0.13,0.07,0.02,-0.03,-0.09,0.17,-0.01,0.00,0.00,0.00,0.00,0.00,0.00
,노수광,23한LF,0.13,-0.10,-0.00,-0.03,0.01,0.30,-0.05,0.00,0.00,0.00,0.00,0.00,0.00
163,박대온,23NC,0.12,0.09,-0.00,-0.00,-0.00,0.03,0.01,0.00,0.00,0.00,0.00,0.00,0.00
,정우람,23한P,0.12,0.00,0.00,0.00,0.00,0.00,0.00,0.00,0.01,0.00,0.11,0.00,0.12
,김동헌,23키C,0.12,-0.04,-0.00,-0.00,-0.02,0.15,0.04,0.00,0.00,0.00,0.00,0.00,0.00
166,최동환,23LP,0.11,0.00,0.00,0.00,0.00,0.00,0.00,0.00,0.08,0.00,0.03,0.00,0.11
,김태연,23한1B,0.11,-0.39,0.02,-0.05,0.38,0.24,-0.09,0.00,0.00,0.00,0.00,0.00,0.00
,장승현,23두C,0.11,-0.00,-0.00,0.00,-0.02,0.09,0.04,0.00,0.00,0.00,0.00,0.00,0.00
,전상현,23KP,0.11,0.00,0.00,0.00,0.00,0.00,0.00,0.00,-0.03,0.00,0.13,0.00,0.11
,신정락,23롯P,0.11,0.00,0.00,0.00,0.00,0.00,0.00,0.00,0.02,0.00,0.09,0.00,0.11
,김민식,23SC,0.11,-0.37,-0.00,0.02,0.17,0.19,0.10,0.00,0.00,0.00,0.00,0.00,0.00
172,이민석,23롯P,0.10,0.00,0.00,0.00,0.00,0.00,0.00,0.00,0.09,0.00,0.02,0.00,0.10
,윤명준,23롯P,0.10,0.00,0.00,0.00,0.00,0.00,0.00,0.00,0.01,0.00,0.08,0.00,0.10
,하영민,23키P,0.10,0.00,0.00,0.00,0.00,0.00,0.00,0.00,-0.01,0.00,0.11,0.00,0.10
,이민호,23LP,0.10,0.00,0.00,0.00,0.00,0.00,0.00,0.03,0.00,0.07,0.00,0.10,0.00
176,오재일,23삼1B,0.09,-0.23,-0.00,0.02,0.08,0.39,-0.18,0.00,0.00,0.00,0.00,0.00,0.00
,임정호,23NP,0.09,0.00,0.00,0.00,0.00,0.00,0.00,0.00,-0.04,0.00,0.13,0.00,0.09
178,임병욱,23키LF,0.08,-0.07,-0.00,0.03,-0.02,0.18,-0.03,0.00,0.00,0.00,0.00,0.00,0.00
,전병우,23키1B,0.08,-0.02,-0.00,-0.02,0.06,0.09,-0.04,0.00,0.00,0.00,0.00,0.00,0.00
,이병헌,23두P,0.08,0.00,0.00,0.00,0.00,0.00,0.00,0.00,-0.00,0.00,0.08,0.00,0.08
,임기영,23KP,0.08,0.00,0.00,0.00,0.00,0.00,0.00,0.00,-0.10,0.00,0.17,0.00,0.08
182,김태진,23키3B,0.07,-0.17,-0.00,0.04,-0.06,0.30,-0.03,0.00,0.00,0.00,0.00,0.00,0.00
,고효준,23SP,0.07,0.00,0.00,0.00,0.00,0.00,0.00,0.00,-0.03,0.00,0.10,0.00,0.07
,김규성,23K2B,0.07,-0.16,0.04,0.01,0.03,0.13,0.03,0.00,0.00,0.00,0.00,0.00,0.00
185,강승호,23두2B,0.06,-0.13,0.04,0.04,-0.28,0.37,0.03,0.00,0.00,0.00,0.00,0.00,0.00
,김광현,23SP,0.06,0.00,0.00,0.00,0.00,0.00,0.00,-0.18,0.00,0.24,0.00,0.06,0.00
,마틴,23NCF,0.06,0.07,-0.00,-0.01,-0.05,0.04,0.00,0.00,0.00,0.00,0.00,0.00,0.00
,안치홍,23롯2B,0.06,-0.01,-0.00,-0.10,-0.17,0.36,-0.01,0.00,0.00,0.00,0.00,0.00,0.00
,신헌민,23SP,0.06,0.00,0.00,0.00,0.00,0.00,0.00,0.00,0.02,0.00,0.04,0.00,0.06
,김인태,23두LF,0.06,-0.04,-0.00,-0.03,0.08,0.09,-0.02,0.00,0.00,0.00,0.00,0.00,0.00
191,윤형준,23N1B,0.05,0.10,-0.00,-0.00,-0.08,0.05,-0.02,0.00,0.00,0.00,0.00,0.00,0.00
,송민섭,23KRF,0.05,0.04,0.02,-0.03,-0.00,0.03,-0.01,0.00,0.00,0.00,0.00,0.00,0.00
,백승건,23SP,0.05,0.00,0.00,0.00,0.00,0.00,0.00,0.00,-0.09,0.00,0.14,0.00,0.05
,이해승,23삼3B,0.05,0.00,0.00,0.01,0.02,0.02,0.01,0.00,0.00,0.00,0.00,0.00,0.00
,김태군,23삼C,0.05,-0.08,-0.00,0.00,0.03,0.10,0.01,0.00,0.00,0.00,0.00,0.00,0.00
196,윤영철,23KP,0.04,0.00,0.00,0.00,0.00,0.00,0.00,-0.14,0.00,0.17,0.00,0.04,0.00
,김유성,23두P,0.04,0.00,0.00,0.00,0.00,0.00,0.00,0.00,0.03,0.00,0.01,0.00,0.04
,송승기,23LP,0.04,0.00,0.00,0.00,0.00,0.00,0.00,0.00,0.02,0.00,0.01,0.00,0.04
,문용익,23삼P,0.04,0.00,0.00,0.00,0.00,0.00,0.00,0.00,0.03,0.00,0.01,0.00,0.04
,김호령,23KCF,0.04,-0.28,0.02,0.04,0.07,0.16,0.02,0.00,0.00,0.00,0.00,0.00,0.00
,안주형,23삼SS,0.04,0.05,-0.00,-0.04,0.00,0.03,-0.00,0.00,0.00,0.00,0.00,0.00,0.00
,유승철,23KP,0.04,0.00,0.00,0.00,0.00,0.00,0.00,0.00,0.02,0.00,0.01,0.00,0.04
,신민재,23LDH,0.04,0.05,0.06,-0.03,-0.04,0.00,-0.01,0.00,0.00,0.00,0.00,0.00,0.00
204,김태훈,23키P,0.03,0.00,0.00,0.00,0.00,0.00,0.00,0.00,-0.11,0.00,0.15,0.00,0.03
,유강남,23롯C,0.03,-0.19,-0.00,-0.15,-0.09,0.32,0.14,0.00,0.00,0.00,0.00,0.00,0.00
,박주홍,23키1B,0.03,-0.17,-0.00,0.01,0.09,0.15,-0.05,0.00,0.00,0.00,0.00,0.00,0.00
,김준완,23키RF,0.03,-0.13,-0.00,0.01,0.10,0.07,-0.01,0.00,0.00,0.00,0.00,0.00,0.00
,장운호,23한RF,0.03,-0.02,-0.00,0.02,-0.00,0.05,-0.01,0.00,0.00,0.00,0.00,0.00,0.00
209,김시훈,23NP,0.02,0.00,0.00,0.00,0.00,0.00,0.00,0.00,-0.09,0.00,0.12,0.00,0.02
,주현상,23한P,0.02,0.00,0.00,0.00,0.00,0.00,0.00,0.00,-0.00,0.00,0.03,0.00,0.02
,이승원,23키DH,0.02,0.00,0.00,0.00,0.01,0.00,0.00,0.00,0.00,0.00,0.00,0.00,0.00
,심창민,23NP,0.02,0.00,0.00,0.00,0.00,0.00,0.00,0.00,-0.01,0.00,0.03,0.00,0.02
,최정용,23K2B,0.02,-0.03,0.00,0.03,0.01,0.00,0.00,0.00,0.00,0.00,0.00,0.00,0.00
,박찬혁,23키DH,0.02,-0.02,-0.00,0.02,0.00,0.08,-0.06,0.00,0.00,0.00,0.00,0.00,0.00
,홍종표,23K2B,0.02,0.01,-0.00,-0.02,0.01,0.02,0.00,0.00,0.00,0.00,0.00,0.00,0.00
,정보근,23롯C,0.02,-0.05,-0.00,-0.00,0.01,0.04,0.02,0.00,0.00,0.00,0.00,0.00,0.00
217,김호재,23삼3B,0.01,-0.08,-0.00,0.00,0.01,0.06,0.01,0.00,0.00,0.00,0.00,0.00,0.00
,허윤동,23삼P,0.01,0.00,0.00,0.00,0.00,0.00,0.00,0.00,-0.03,0.00,0.04,0.00,0.01
,김수윤,23N3B,0.01,0.00,0.00,0.00,0.00,0.01,0.00,0.00,0.00,0.00,0.00,0.00,0.00
,윤동희,23롯RF,0.01,0.03,-0.00,-0.00,-0.02,0.02,-0.01,0.00,0.00,0.00,0.00,0.00,0.00
,이채호,23KP,0.01,0.00,0.00,0.00,0.00,0.00,0.00,0.00,-0.06,0.00,0.06,0.00,0.01
222,김시앙,23키DH,0.00,0.00,0.00,0.00,0.00,0.00,0.00,0.00,0.00,0.00,0.00,0.00,0.00
,문경찬,23롯P,0.00,0.00,0.00,0.00,0.00,0.00,0.00,0.00,0.00,0.00,0.00,0.00,0.00
,김한별,23NSS,0.00,-0.06,-0.04,0.00,0.06,0.03,0.01,0.00,0.00,0.00,0.00,0.00,0.00
,조이현,23KP,0.00,0.00,0.00,0.00,0.00,0.00,0.00,-0.09,-0.05,0.09,0.06,-0.01,0.01
,김창훈,23롯P,-0.00,0.00,0.00,0.00,0.00,0.00,0.00,0.00,-0.02,0.00,0.02,0.00,-0.00
,장두성,23롯DH,0.00,0.00,0.00,0.00,0.00,0.00,0.00,0.00,0.00,0.00,0.00,0.00,0.00
,김정민,23SRF,-0.00,0.00,0.00,0.00,-0.00,0.00,-0.00,0.00,0.00,0.00,0.00,0.00,0.00
,김민수,23삼C,-0.00,0.00,0.00,0.00,-0.01,0.00,0.00,0.00,0.00,0.00,0.00,0.00,0.00
230,고봉재,23두P,-0.01,0.00,0.00,0.00,0.00,0.00,0.00,0.00,-0.11,0.00,0.10,0.00,-0.01
,황대인,23K1B,-0.01,-0.21,-0.00,0.03,0.00,0.35,-0.16,0.00,0.00,0.00,0.00,0.00,0.00
,손민석,23KDH,-0.01,0.00,0.00,-0.00,-0.01,0.00,0.00,0.00,0.00,0.00,0.00,0.00,0.00
233,이용규,23키LF,-0.02,-0.10,-0.05,0.01,-0.14,0.35,-0.10,0.00,0.00,0.00,0.00,0.00,0.00
,김민혁,23두1B,-0.02,-0.02,-0.00,0.00,-0.01,0.01,-0.00,0.00,0.00,0.00,0.00,0.00,0.00
,강진성,23두1B,-0.02,-0.03,0.00,0.00,0.01,0.00,-0.00,0.00,0.00,0.00,0.00,0.00,0.00
,최경모,23S3B,-0.02,-0.06,0.02,0.01,-0.02,0.02,0.00,0.00,0.00,0.00,0.00,0.00,0.00
,한두솔,23SP,-0.02,0.00,0.00,0.00,0.00,0.00,0.00,0.00,-0.03,0.00,0.01,0.00,-0.02
238,전의산,23S1B,-0.03,-0.17,-0.05,0.03,0.02,0.25,-0.10,0.00,0.00,0.00,0.00,0.00,0.00
,오장한,23NRF,-0.03,-0.08,-0.00,0.01,0.01,0.03,-0.01,0.00,0.00,0.00,0.00,0.00,0.00
,한동희,23롯3B,-0.03,-0.52,-0.00,0.03,0.10,0.33,0.03,0.00,0.00,0.00,0.00,0.00,0.00
,김민,23KP,-0.03,0.00,0.00,0.00,0.00,0.00,0.00,0.00,-0.11,0.00,0.08,0.00,-0.03
,진해수,23LP,-0.03,0.00,0.00,0.00,0.00,0.00,0.00,0.00,-0.09,0.00,0.06,0.00,-0.03
,황재균,23K3B,-0.03,-0.27,-0.05,-0.03,0.12,0.17,0.01,0.00,0.00,0.00,0.00,0.00,0.00
244,조형우,23SC,-0.04,-0.10,-0.00,0.02,-0.04,0.06,0.02,0.00,0.00,0.00,0.00,0.00,0.00
,허관회,23한C,-0.04,-0.06,0.00,0.00,0.00,0.01,0.00,0.00,0.00,0.00,0.00,0.00,0.00
,오윤석,23K2B,-0.04,-0.17,-0.00,-0.01,0.05,0.10,-0.01,0.00,0.00,0.00,0.00,0.00,0.00
,송준석,23삼RF,-0.04,-0.06,-0.00,0.00,-0.00,0.03,-0.01,0.00,0.00,0.00,0.00,0.00,0.00
248,김건희,23키1B,-0.05,-0.02,-0.00,0.00,-0.04,0.01,-0.01,0.00,0.00,0.00,0.00,0.00,0.00
,스미스,23한P,-0.05,0.00,0.00,0.00,0.00,0.00,0.00,-0.08,0.00,0.04,0.00,-0.05,0.00
,김영준,23LP,-0.05,0.00,0.00,0.00,0.00,0.00,0.00,0.00,-0.05,0.00,0.00,0.00,-0.05
,김재영,23한P,-0.05,0.00,0.00,0.00,0.00,0.00,0.00,0.00,-0.08,0.00,0.03,0.00,-0.05
252,이진영,23한LF,-0.06,-0.07,-0.00,-0.01,-0.00,0.03,-0.01,0.00,0.00,0.00,0.00,0.00,0.00
,김성현,23S2B,-0.06,-0.19,-0.00,0.01,-0.02,0.12,0.02,0.00,0.00,0.00,0.00,0.00,0.00
,안재석,23두SS,-0.06,-0.28,0.04,-0.00,-0.06,0.20,0.04,0.00,0.00,0.00,0.00,0.00,0.00
,김영현,23KP,-0.06,0.00,0.00,0.00,0.00,0.00,0.00,0.00,-0.20,0.00,0.14,0.00,-0.06
256,김성윤,23삼CF,-0.07,-0.40,0.02,0.03,0.13,0.15,0.01,0.00,0.00,0.00,0.00,0.00,0.00
,유로결,23한RF,-0.07,-0.14,-0.00,-0.00,0.04,0.06,-0.02,0.00,0.00,0.00,0.00,0.00,0.00
,이명기,23한LF,-0.07,-0.08,0.02,-0.02,-0.02,0.05,-0.01,0.00,0.00,0.00,0.00,0.00,0.00
259,김태오,23KP,-0.08,0.00,0.00,0.00,0.00,0.00,0.00,0.00,-0.18,0.00,0.10,0.00,-0.08
,강현우,23KC,-0.08,-0.16,-0.00,0.00,-0.02,0.08,0.02,0.00,0.00,0.00,0.00,0.00,0.00
,윤산흠,23한P,-0.08,0.00,0.00,0.00,0.00,0.00,0.00,0.00,-0.12,0.00,0.04,0.00,-0.08
,박정수,23두P,-0.08,0.00,0.00,0.00,0.00,0.00,0.00,0.00,-0.12,0.00,0.04,0.00,-0.08
,신성현,23두1B,-0.08,-0.15,-0.04,0.01,0.06,0.06,-0.02,0.00,0.00,0.00,0.00,0.00,0.00
,문상철,23KDH,-0.08,-0.07,-0.00,-0.06,-0.01,0.13,-0.07,0.00,0.00,0.00,0.00,0.00,0.00
,김재상,23삼2B,-0.08,-0.03,-0.00,0.02,-0.09,0.02,0.00,0.00,0.00,0.00,0.00,0.00,0.00
,신준우,23키2B,-0.08,-0.03,0.00,0.02,-0.08,0.00,0.00,0.00,0.00,0.00,0.00,0.00,0.00
,이지강,23LP,-0.08,0.00,0.00,0.00,0.00,0.00,0.00,0.00,-0.12,0.00,0.03,0.00,-0.08
,이성곤,23한DH,-0.08,-0.08,-0.00,-0.02,0.00,0.05,-0.03,0.00,0.00,0.00,0.00,0.00,0.00
,김기연,23LC,-0.08,-0.09,0.02,-0.06,-0.06,0.08,0.03,0.00,0.00,0.00,0.00,0.00,0.00
270,최이준,23롯P,-0.09,0.00,0.00,0.00,0.00,0.00,0.00,0.00,-0.13,0.00,0.03,0.00,-0.09
,김재호,23두SS,-0.09,-0.10,-0.00,0.00,-0.06,0.06,0.02,0.00,0.00,0.00,0.00,0.00,0.00
,유상빈,23한DH,-0.09,-0.10,-0.00,0.00,-0.01,0.03,-0.02,0.00,0.00,0.00,0.00,0.00,0.00
,김태현,23NP,-0.09,0.00,0.00,0.00,0.00,0.00,0.00,0.00,-0.13,0.00,0.04,0.00,-0.09
,김서현,23한P,-0.09,0.00,0.00,0.00,0.00,0.00,0.00,0.00,-0.17,0.00,0.08,0.00,-0.09
,신윤후,23롯LF,-0.09,-0.16,0.00,0.02,0.03,0.03,-0.01,0.00,0.00,0.00,0.00,0.00,0.00
276,곽도규,23KP,-0.10,0.00,0.00,0.00,0.00,0.00,0.00,0.00,-0.13,0.00,0.02,0.00,-0.10
,최영환,23롯P,-0.10,0.00,0.00,0.00,0.00,0.00,0.00,0.00,-0.15,0.00,0.05,0.00,-0.10
,문현빈,23한CF,-0.10,-0.39,-0.00,-0.06,0.09,0.24,0.01,0.00,0.00,0.00,0.00,0.00,0.00
,안중열,23NC,-0.10,-0.23,-0.00,-0.04,-0.05,0.16,0.07,0.00,0.00,0.00,0.00,0.00,0.00
,송재선,23키RF,-0.10,-0.05,0.00,0.00,-0.04,0.01,-0.00,0.00,0.00,0.00,0.00,0.00,0.00
,이학주,23롯3B,-0.10,-0.09,-0.00,0.00,-0.10,0.07,0.01,0.00,0.00,0.00,0.00,0.00,0.00
,김영웅,23삼3B,-0.10,-0.11,-0.00,0.00,-0.06,0.06,0.01,0.00,0.00,0.00,0.00,0.00,0.00
,이태연,23롯P,-0.10,0.00,0.00,0.00,0.00,0.00,0.00,0.00,-0.14,0.00,0.04,0.00,-0.10
284,이병규,23키DH,-0.11,-0.14,0.00,0.01,0.00,0.02,-0.01,0.00,0.00,0.00,0.00,0.00,0.00
,정준영,23KCF,-0.11,-0.14,-0.00,0.01,-0.04,0.06,0.01,0.00,0.00,0.00,0.00,0.00,0.00
286,이진하,23롯P,-0.12,0.00,0.00,0.00,0.00,0.00,0.00,0.00,-0.14,0.00,0.02,0.00,-0.12
,송성문,23키3B,-0.12,-0.06,-0.00,-0.01,-0.09,0.04,0.00,0.00,0.00,0.00,0.00,0.00,0.00
,류현인,23K3B,-0.12,-0.19,-0.00,0.04,-0.05,0.08,0.01,0.00,0.00,0.00,0.00,0.00,0.00
,한석현,23NLF,-0.12,-0.39,-0.00,-0.05,0.10,0.25,-0.03,0.00,0.00,0.00,0.00,0.00,0.00
,장진혁,23한RF,-0.12,-0.05,-0.04,0.00,-0.04,0.03,-0.01,0.00,0.00,0.00,0.00,0.00,0.00
,김인환,23한DH,-0.12,-0.20,0.02,0.02,-0.05,0.18,-0.09,0.00,0.00,0.00,0.00,0.00,0.00
292,김수환,23키1B,-0.13,-0.21,-0.00,0.01,0.06,0.04,-0.02,0.00,0.00,0.00,0.00,0.00,0.00
,오태양,23NCF,-0.13,0.00,-0.04,-0.04,-0.06,0.01,0.00,0.00,0.00,0.00,0.00,0.00,0.00
,박신지,23두P,-0.13,0.00,0.00,0.00,0.00,0.00,0.00,0.00,-0.15,0.00,0.02,0.00,-0.13
,벤자민,23KP,-0.13,0.00,0.00,0.00,0.00,0.00,0.00,-0.50,0.00,0.36,0.00,-0.13,0.00
,고우석,23LP,-0.13,0.00,0.00,0.00,0.00,0.00,0.00,0.00,-0.20,0.00,0.08,0.00,-0.13
,송찬의,23L1B,-0.13,-0.14,0.02,-0.06,0.02,0.07,-0.03,0.00,0.00,0.00,0.00,0.00,0.00
,이병헌,23삼C,-0.13,-0.17,-0.00,0.00,-0.02,0.04,0.02,0.00,0.00,0.00,0.00,0.00,0.00
,페냐,23한P,-0.13,0.00,0.00,0.00,0.00,0.00,0.00,-0.44,0.00,0.31,0.00,-0.13,0.00
,김태훈,23삼LF,-0.13,-0.14,0.00,0.00,-0.01,0.02,-0.01,0.00,0.00,0.00,0.00,0.00,0.00
301,한승혁,23한P,-0.14,0.00,0.00,0.00,0.00,0.00,0.00,0.00,-0.27,0.00,0.13,0.00,-0.14
,이재익,23삼P,-0.14,0.00,0.00,0.00,0.00,0.00,0.00,0.00,-0.17,0.00,0.02,0.00,-0.14
,한승택,23KC,-0.14,-0.50,-0.00,0.01,0.03,0.22,0.11,0.00,0.00,0.00,0.00,0.00,0.00
,김주성,23LSS,-0.14,-0.02,-0.00,-0.07,-0.07,0.01,0.00,0.00,0.00,0.00,0.00,0.00,0.00
,김상수,23KSS,-0.14,-0.30,-0.00,0.01,-0.29,0.35,0.09,0.00,0.00,0.00,0.00,0.00,0.00
,이승호,23키P,-0.14,0.00,0.00,0.00,0.00,0.00,0.00,-0.17,0.00,0.04,0.00,-0.14,0.00
307,박세진,23KP,-0.15,0.00,0.00,0.00,0.00,0.00,0.00,0.00,-0.17,0.00,0.03,0.00,-0.15
,신민혁,23NP,-0.15,0.00,0.00,0.00,0.00,0.00,0.00,-0.48,0.00,0.33,0.00,-0.15,0.00
,박상언,23한C,-0.15,-0.34,-0.00,0.03,-0.00,0.13,0.04,0.00,0.00,0.00,0.00,0.00,0.00
,이승진,23두P,-0.15,0.00,0.00,0.00,0.00,0.00,0.00,0.00,-0.16,0.00,0.01,0.00,-0.15
,윤정빈,23삼LF,-0.15,-0.17,0.00,0.00,0.01,0.03,-0.01,0.00,0.00,0.00,0.00,0.00,0.00
,조민석,23NP,-0.15,0.00,0.00,0.00,0.00,0.00,0.00,0.00,-0.17,0.00,0.02,0.00,-0.15
,조민성,23삼DH,-0.15,-0.08,0.00,0.00,-0.07,0.01,-0.01,0.00,0.00,0.00,0.00,0.00,0.00
,장지수,23한P,-0.15,0.00,0.00,0.00,0.00,0.00,0.00,0.00,-0.17,0.00,0.03,0.00,-0.15
,홍정우,23삼P,-0.15,0.00,0.00,0.00,0.00,0.00,0.00,0.00,-0.23,0.00,0.08,0.00,-0.15
316,박종훈,23SP,-0.16,0.00,0.00,0.00,0.00,0.00,0.00,-0.44,0.00,0.28,0.00,-0.16,0.00
,정은원,23한2B,-0.16,-0.66,-0.03,0.01,0.10,0.41,0.01,0.00,0.00,0.00,0.00,0.00,0.00
318,이상호,23K2B,-0.17,-0.47,-0.00,0.02,0.13,0.15,0.01,0.00,0.00,0.00,0.00,0.00,0.00
,메디나,23KP,-0.17,0.00,0.00,0.00,0.00,0.00,0.00,-0.48,0.00,0.31,0.00,-0.17,0.00
320,배제성,23KP,-0.18,0.00,0.00,0.00,0.00,0.00,0.00,-0.34,-0.13,0.21,0.08,-0.13,-0.05
,우규민,23삼P,-0.18,0.00,0.00,0.00,0.00,0.00,0.00,0.00,-0.28,0.00,0.10,0.00,-0.18
,박명근,23LP,-0.18,0.00,0.00,0.00,0.00,0.00,0.00,-0.07,-0.24,0.04,0.09,-0.03,-0.15
323,박정현,23한SS,-0.19,-0.41,-0.00,0.02,-0.02,0.17,0.06,0.00,0.00,0.00,0.00,0.00,0.00
,이유찬,23두SS,-0.19,-0.44,-0.05,0.04,-0.05,0.24,0.06,0.00,0.00,0.00,0.00,0.00,0.00
325,박찬호,23KSS,-0.20,-0.84,0.11,0.05,0.06,0.33,0.09,0.00,0.00,0.00,0.00,0.00,0.00
,이정용,23LP,-0.20,0.00,0.00,0.00,0.00,0.00,0.00,0.00,-0.38,0.00,0.18,0.00,-0.20
327,박세웅,23롯P,-0.21,0.00,0.00,0.00,0.00,0.00,0.00,-0.46,0.00,0.26,0.00,-0.21,0.00
,공민규,23삼3B,-0.21,-0.13,-0.00,-0.06,-0.09,0.07,-0.00,0.00,0.00,0.00,0.00,0.00,0.00
,최충연,23삼P,-0.21,0.00,0.00,0.00,0.00,0.00,0.00,0.00,-0.27,0.00,0.05,0.00,-0.21
330,정주현,23LSS,-0.22,-0.22,-0.02,0.00,-0.04,0.06,0.00,0.00,0.00,0.00,0.00,0.00,0.00
,이용찬,23NP,-0.22,0.00,0.00,0.00,0.00,0.00,0.00,0.00,-0.37,0.00,0.15,0.00,-0.22
,한유섬,23SRF,-0.22,-0.47,-0.00,-0.02,0.06,0.30,-0.08,0.00,0.00,0.00,0.00,0.00,0.00
333,로하스,23두RF,-0.23,-0.21,-0.00,0.03,-0.27,0.35,-0.12,0.00,0.00,0.00,0.00,0.00,0.00
334,이준호,23NP,-0.24,0.00,0.00,0.00,0.00,0.00,0.00,-0.36,0.05,0.04,0.03,-0.31,0.08
,김명신,23두P,-0.24,0.00,0.00,0.00,0.00,0.00,0.00,0.00,-0.37,0.00,0.13,0.00,-0.24
,오선진,23한SS,-0.24,-0.61,-0.00,0.02,0.11,0.20,0.04,0.00,0.00,0.00,0.00,0.00,0.00
337,심재민,23KP,-0.25,0.00,0.00,0.00,0.00,0.00,0.00,0.00,-0.28,0.00,0.03,0.00,-0.25
338,정훈,23롯1B,-0.26,-0.19,-0.00,-0.06,-0.05,0.06,-0.03,0.00,0.00,0.00,0.00,0.00,0.00
,강효종,23LP,-0.26,0.00,0.00,0.00,0.00,0.00,0.00,-0.48,0.00,0.22,0.00,-0.26,0.00
340,장필준,23삼P,-0.27,0.00,0.00,0.00,0.00,0.00,0.00,-0.34,0.00,0.07,0.00,-0.27,0.00
,김웅빈,23키1B,-0.27,-0.23,-0.00,-0.12,0.01,0.10,-0.04,0.00,0.00,0.00,0.00,0.00,0.00
,이성규,23삼CF,-0.27,-0.67,-0.02,0.02,0.12,0.26,0.02,0.00,0.00,0.00,0.00,0.00,0.00
343,임지열,23키1B,-0.28,-0.28,-0.00,0.00,-0.03,0.05,-0.02,0.00,0.00,0.00,0.00,0.00,0.00
344,송승환,23두LF,-0.29,-0.42,-0.00,-0.07,0.07,0.17,-0.04,0.00,0.00,0.00,0.00,0.00,0.00
,조용호,23KRF,-0.29,-0.41,0.04,0.02,-0.10,0.21,-0.05,0.00,0.00,0.00,0.00,0.00,0.00
,한현희,23롯P,-0.29,0.00,0.00,0.00,0.00,0.00,0.00,-0.73,0.15,0.25,0.03,-0.48,0.19
,스트레일리,23롯P,-0.29,0.00,0.00,0.00,0.00,0.00,0.00,-0.58,0.00,0.29,0.00,-0.29,0.00
348,이형범,23두P,-0.30,0.00,0.00,0.00,0.00,0.00,0.00,0.00,-0.34,0.00,0.05,0.00,-0.30
349,양창섭,23삼P,-0.32,0.00,0.00,0.00,0.00,0.00,0.00,-0.39,-0.04,0.10,0.01,-0.29,-0.03
,장시환,23한P,-0.32,0.00,0.00,0.00,0.00,0.00,0.00,0.00,-0.35,0.00,0.03,0.00,-0.32
,김도규,23롯P,-0.32,0.00,0.00,0.00,0.00,0.00,0.00,0.00,-0.38,0.00,0.06,0.00,-0.32
,이상민,23삼P,-0.32,-0.03,0.00,0.00,0.00,0.00,0.00,0.00,-0.41,0.00,0.12,0.00,-0.29
,주효상,23KC,-0.32,-0.54,-0.00,-0.00,0.04,0.12,0.07,0.00,0.00,0.00,0.00,0.00,0.00
354,최승용,23두P,-0.33,0.00,0.00,0.00,0.00,0.00,0.00,-0.64,0.00,0.31,0.00,-0.33,0.00
,오영수,23N1B,-0.33,-0.38,-0.00,-0.06,-0.11,0.40,-0.17,0.00,0.00,0.00,0.00,0.00,0.00
356,강한울,23삼3B,-0.34,-0.41,-0.00,0.00,-0.04,0.10,0.01,0.00,0.00,0.00,0.00,0.00,0.00
357,서건창,23L2B,-0.35,-0.34,-0.07,-0.09,-0.29,0.40,0.03,0.00,0.00,0.00,0.00,0.00,0.00
358,김민우,23한P,-0.39,0.00,0.00,0.00,0.00,0.00,0.00,-0.72,0.00,0.33,0.00,-0.39,0.00
,김민석,23롯CF,-0.39,-0.47,0.04,-0.00,-0.23,0.25,0.02,0.00,0.00,0.00,0.00,0.00,0.00
360,남지민,23한P,-0.43,0.00,0.00,0.00,0.00,0.00,0.00,-0.39,-0.26,0.20,0.01,-0.18,-0.25
361,이영준,23키P,-0.44,0.00,0.00,0.00,0.00,0.00,0.00,0.00,-0.46,0.00,0.02,0.00,-0.44
,이재원,23SC,-0.44,-0.59,-0.00,-0.02,0.02,0.10,0.05,0.00,0.00,0.00,0.00,0.00,0.00
,장재영,23키P,-0.44,0.00,0.00,0.00,0.00,0.00,0.00,-0.53,0.00,0.08,0.00,-0.44,0.00
364,반즈,23롯P,-0.47,0.00,0.00,0.00,0.00,0.00,0.00,-0.73,0.00,0.25,0.00,-0.47,0.00
365,소형준,23KP,-0.49,0.00,0.00,0.00,0.00,0.00,0.00,-0.52,0.00,0.03,0.00,-0.49,0.00
366,원종현,23키P,-0.54,0.00,0.00,0.00,0.00,0.00,0.00,0.00,-0.56,0.00,0.02,0.00,-0.54
367,김대유,23KP,-0.55,0.00,0.00,0.00,0.00,0.00,0.00,0.00,-0.64,0.00,0.08,0.00,-0.55
368,변시원,23키P,-0.56,0.00,0.00,0.00,0.00,0.00,0.00,0.00,-0.58,0.00,0.03,0.00,-0.56
369,오그레디,23한LF,-0.60,-0.93,0.02,0.04,0.10,0.28,-0.11,0.00,0.00,0.00,0.00,0.00,0.00
370,켈리,23LP,-0.70,0.00,0.00,0.00,0.00,0.00,0.00,-1.17,0.00,0.47,0.00,-0.70,0.00
371,정우영,23LP,-0.99,0.00,0.00,0.00,0.00,0.00,0.00,0.00,-1.13,0.00,0.14,0.00,-0.99
