,순_투,G_타,타석_타,타수_타,득점_타,안타_타,2타_타,3타_타,홈런_타,루타_타,타점_타,도루_타,도실_타,볼넷_타,사구_타,고4_타,삼진_타,병살_타,희타_타,희비_타,타율_타,출루_타,장타_타,OPS_타,wOBA_타,wRC+_타,WAR*_타,WPA_타,순_타,출장_투,완투_투,완봉_투,선발_투,승_투,패_투,세_투,홀드_투,이닝_투,실점_투,자책_투,타자_투,안타_투,2타_투,3타_투,홈런_투,볼넷_투,고4_투,사구_투,삼진_투,보크_투,폭투_투,ERA_투,FIP_투,WHIP_투,ERA+_투,FIP+_투,WAR_투,WPA_투,순_수,출장_수,선발_수,이닝_수,기회_수,자살_수,보살_수,실책_수,수비율_수,RF9_수,RNG,ARM,CS,BLK,E+,RAA,/133,POSADJ_수,RAAwithADJ_수,WAAw/oADJ_수,WAAwithADJ_수,승,패,무,승률,홈_승률,방문_승률,vs_KIA_승률,vs_두산_승률,vs_롯데_승률,vs_NC_승률,vs_SSG_승률,vs_LG_승률,vs_키움_승률,vs_한화_승률,vs_삼성_승률,vs_KT_승률,팀명_KIA,팀명_KT,팀명_LG,팀명_NC,팀명_SSG,팀명_두산,팀명_롯데,팀명_삼성,팀명_키움,팀명_한화
0,1.0,1825.0,5833.0,5102.0,849.0,1499.0,270.0,20.0,178.0,2343.0,812.0,69.0,33.0,541.0,95.0,19.0,960.0,120.0,48.0,47.0,0.294,0.369,0.459,0.828,0.364,116.5,34.75,17.72,2.0,590.0,3.0,2.0,144.0,84.0,57.0,35.0,46.0,1288.0,678.0,627.0,5682.0,1405.0,234.0,31.0,125.0,464.0,11.0,87.0,956.0,4.0,54.0,4.38,4.77,1.45,109.9,101.2,21.48,-3.94,3.0,2126.0,1296.0,11592.0,5424.0,3864.0,1470.0,90.0,0.983,4.14,8.39,-0.69,-0.18,2.05,1.79,11.36,1.17,-0.35,11.01,1.065,1.065,84,57,3,0.596,0.5652173913043478,0.625,0.5333333333333333,0.5,0.5,0.6875,0.5,0.6,0.5,0.5625,0.8,0.6875,0,0,0,0,0,1,0,0,0,0
1,2.0,1933.0,5841.0,5142.0,906.0,1554.0,292.0,29.0,170.0,2414.0,868.0,76.0,34.0,499.0,89.0,19.0,891.0,118.0,55.0,56.0,0.302,0.37,0.469,0.84,0.367,113.1,31.23,20.61,3.0,582.0,5.0,2.0,144.0,87.0,56.0,33.0,46.0,1290.0,743.0,691.0,5748.0,1518.0,255.0,21.0,137.0,434.0,22.0,77.0,985.0,4.0,69.0,4.82,4.73,1.51,103.1,105.5,19.33,-5.01,4.0,2193.0,1296.0,11610.0,5463.0,3870.0,1495.0,98.0,0.982,4.16,-2.5,8.46,0.96,-0.07,0.22,7.08,0.73,-0.21,6.87,0.674,0.674,87,56,1,0.608,0.625,0.5915492957746479,0.5,0.4666666666666667,0.5625,0.5625,0.5625,0.625,0.625,0.6875,0.75,0.625,1,0,0,0,0,0,0,0,0,0
2,3.0,1987.0,5790.0,5079.0,786.0,1489.0,277.0,19.0,149.0,2251.0,739.0,93.0,32.0,471.0,130.0,19.0,979.0,119.0,62.0,48.0,0.293,0.365,0.443,0.808,0.356,106.6,26.42,12.44,7.0,620.0,1.0,0.0,144.0,79.0,62.0,32.0,51.0,1284.2,745.0,673.0,5640.0,1342.0,208.0,9.0,169.0,470.0,12.0,93.0,1097.0,3.0,93.0,4.71,5.02,1.41,105.3,99.6,16.45,-3.91,2.0,2244.0,1296.0,11562.0,5389.0,3854.0,1427.0,108.0,0.98,4.11,20.94,5.78,0.31,-0.94,-1.86,24.22,2.51,-0.34,23.89,2.233,2.233,79,62,3,0.56,0.6197183098591549,0.5,0.4375,0.3125,0.4375,0.5,0.5625,0.6875,0.75,0.6,0.5,0.75,0,0,0,1,0,0,0,0,0,0
3,4.0,1813.0,5712.0,5098.0,789.0,1479.0,267.0,30.0,141.0,2229.0,748.0,70.0,34.0,468.0,83.0,15.0,1066.0,129.0,21.0,42.0,0.29,0.357,0.437,0.794,0.353,103.0,23.49,10.04,5.0,554.0,2.0,1.0,144.0,69.0,73.0,40.0,66.0,1271.0,764.0,714.0,5663.0,1488.0,280.0,21.0,149.0,388.0,10.0,97.0,1005.0,3.0,56.0,5.06,4.8,1.48,98.4,102.1,18.48,-12.17,9.0,2029.0,1296.0,11439.0,5325.0,3813.0,1421.0,91.0,0.983,4.12,-21.43,-7.51,0.54,1.36,1.33,-25.71,-2.69,-0.21,-25.92,-2.349,-2.349,69,73,2,0.486,0.5571428571428572,0.4166666666666667,0.375,0.5,0.375,0.25,0.6,0.3333333333333333,0.5,0.625,0.6875,0.625,0,0,0,0,0,0,0,0,1,0
4,5.0,1772.0,5564.0,4925.0,761.0,1337.0,222.0,15.0,234.0,2291.0,733.0,53.0,42.0,427.0,113.0,20.0,1100.0,97.0,57.0,41.0,0.271,0.341,0.465,0.806,0.349,99.3,20.13,12.43,6.0,608.0,2.0,1.0,144.0,75.0,68.0,30.0,64.0,1270.2,767.0,710.0,5692.0,1443.0,271.0,17.0,154.0,481.0,35.0,105.0,940.0,7.0,61.0,5.03,5.13,1.51,100.1,98.6,17.22,-9.09,6.0,2107.0,1296.0,11436.0,5469.0,3811.0,1550.0,108.0,0.98,4.22,0.3,0.32,-0.22,1.03,-2.07,-0.65,-0.07,-0.22,-0.87,-0.052,-0.052,75,68,1,0.524,0.5833333333333334,0.4647887323943662,0.4375,0.5,0.4375,0.4375,0.5,0.5625,0.4,0.6875,0.6875,0.5625,0,0,0,0,1,0,0,0,0,0
5,6.0,1844.0,5671.0,4994.0,743.0,1425.0,250.0,17.0,151.0,2162.0,697.0,92.0,44.0,457.0,112.0,33.0,1018.0,146.0,76.0,32.0,0.285,0.356,0.433,0.789,0.347,98.1,19.89,12.54,1.0,623.0,1.0,0.0,144.0,80.0,62.0,39.0,59.0,1287.1,701.0,653.0,5634.0,1357.0,245.0,20.0,162.0,477.0,25.0,79.0,1096.0,7.0,67.0,4.57,4.91,1.43,110.4,102.6,25.17,-3.64,7.0,2126.0,1296.0,11586.0,5456.0,3862.0,1508.0,86.0,0.984,4.17,-3.27,1.21,-0.55,-0.69,2.58,-0.72,-0.07,-0.27,-0.99,-0.071,-0.071,80,62,2,0.563,0.6428571428571429,0.4861111111111111,0.4375,0.5,0.5,0.5625,0.5625,0.5333333333333333,0.625,0.6875,0.4666666666666667,0.6875,0,0,0,0,0,0,1,0,0,0
6,7.0,1787.0,5665.0,5030.0,737.0,1445.0,261.0,16.0,150.0,2188.0,684.0,64.0,44.0,416.0,94.0,15.0,974.0,112.0,85.0,38.0,0.287,0.351,0.435,0.786,0.344,96.8,17.46,8.18,8.0,634.0,1.0,0.0,144.0,61.0,81.0,31.0,49.0,1273.0,820.0,749.0,5698.0,1474.0,278.0,16.0,166.0,446.0,13.0,100.0,914.0,4.0,77.0,5.3,5.25,1.51,95.0,96.4,13.7,-18.16,8.0,2126.0,1296.0,11457.0,5410.0,3819.0,1500.0,91.0,0.983,4.18,-7.21,-8.37,-0.09,-0.95,1.36,-15.26,-1.59,-0.41,-15.67,-1.392,-1.392,61,81,2,0.43,0.4225352112676056,0.43661971830985913,0.3125,0.4375,0.3125,0.4,0.3125,0.5625,0.375,0.5,0.4,0.75,0,0,0,0,0,0,0,0,0,1
7,8.0,1786.0,5707.0,5095.0,757.0,1419.0,255.0,36.0,145.0,2181.0,703.0,98.0,37.0,429.0,70.0,17.0,983.0,97.0,58.0,55.0,0.279,0.34,0.428,0.768,0.337,92.7,16.82,5.87,10.0,613.0,1.0,0.0,144.0,55.0,84.0,27.0,34.0,1281.1,911.0,840.0,5916.0,1541.0,281.0,28.0,187.0,548.0,15.0,118.0,1063.0,4.0,74.0,5.9,5.5,1.63,86.0,91.7,6.78,-20.24,5.0,2086.0,1296.0,11532.0,5391.0,3844.0,1452.0,95.0,0.982,4.13,1.57,4.06,-0.33,-0.64,0.69,5.34,0.55,-0.47,4.87,0.523,0.523,55,84,5,0.396,0.4,0.391304347826087,0.25,0.2,0.5333333333333333,0.5,0.3125,0.375,0.3125,0.6,0.5,0.5,0,0,0,0,0,0,0,1,0,0
8,9.0,1896.0,5614.0,4944.0,699.0,1390.0,216.0,20.0,110.0,1976.0,664.0,77.0,56.0,438.0,101.0,17.0,1021.0,123.0,76.0,55.0,0.281,0.348,0.4,0.748,0.333,93.0,15.86,3.6,4.0,619.0,4.0,1.0,144.0,69.0,72.0,32.0,66.0,1279.0,677.0,614.0,5507.0,1305.0,249.0,29.0,124.0,379.0,31.0,102.0,1040.0,3.0,81.0,4.32,4.43,1.32,112.0,109.1,19.16,-5.25,1.0,2203.0,1296.0,11511.0,5375.0,3837.0,1435.0,103.0,0.981,4.12,39.24,0.0,-0.35,-0.38,-0.95,37.57,3.91,-0.02,37.55,3.503,3.503,69,72,3,0.489,0.5277777777777778,0.4492753623188406,0.375,0.4,0.4666666666666667,0.3125,0.4375,0.5,0.6666666666666666,0.4375,0.625,0.6875,0,0,1,0,0,0,0,0,0,0
9,10.0,1864.0,5484.0,4936.0,655.0,1360.0,274.0,17.0,119.0,2025.0,625.0,86.0,51.0,374.0,66.0,11.0,1017.0,118.0,62.0,45.0,0.276,0.332,0.41,0.742,0.328,84.3,9.68,-2.29,9.0,588.0,4.0,2.0,144.0,50.0,94.0,22.0,41.0,1256.0,876.0,806.0,5702.0,1524.0,283.0,27.0,174.0,433.0,11.0,95.0,913.0,6.0,77.0,5.78,5.32,1.56,87.8,93.8,13.18,-19.75,10.0,2102.0,1296.0,11304.0,5336.0,3768.0,1456.0,112.0,0.979,4.16,-35.67,-5.26,-2.7,-0.77,-3.1,-47.5,-5.03,-0.07,-47.57,-4.38,-4.38,50,94,0,0.347,0.375,0.3194444444444444,0.375,0.3125,0.3125,0.25,0.4375,0.3125,0.375,0.25,0.5,0.5,0,1,0,0,0,0,0,0,0,0
10,1.0,1837.0,5870.0,5176.0,944.0,1601.0,284.0,30.0,191.0,2518.0,898.0,96.0,23.0,496.0,92.0,16.0,1016.0,112.0,43.0,63.0,0.309,0.376,0.486,0.862,0.372,119.8,37.57,26.13,3.0,615.0,1.0,0.0,144.0,93.0,51.0,41.0,56.0,1288.2,756.0,716.0,5700.0,1401.0,266.0,16.0,154.0,476.0,17.0,109.0,1025.0,2.0,72.0,5.0,5.12,1.46,101.1,98.4,19.58,-5.12,4.0,2196.0,1296.0,11598.0,5343.0,3865.0,1401.0,77.0,0.986,4.09,6.79,-4.72,1.7,0.34,4.67,8.79,0.91,0.03,8.81,0.804,0.804,93,51,0,0.646,0.7083333333333334,0.5833333333333334,0.5,0.5,0.8125,0.75,0.5,0.9375,0.5,0.5,0.75,0.5625,0,0,0,0,0,1,0,0,0,0
11,2.0,1918.0,5744.0,5036.0,865.0,1487.0,258.0,22.0,170.0,2299.0,823.0,88.0,37.0,503.0,99.0,27.0,905.0,135.0,56.0,50.0,0.295,0.367,0.457,0.824,0.357,107.2,26.96,17.18,7.0,575.0,4.0,0.0,144.0,70.0,74.0,26.0,43.0,1270.2,826.0,766.0,5708.0,1511.0,271.0,17.0,181.0,445.0,28.0,69.0,1017.0,3.0,65.0,5.43,5.23,1.54,94.6,98.6,16.61,-19.08,10.0,2183.0,1296.0,11436.0,5276.0,3812.0,1370.0,94.0,0.982,4.08,-23.96,-8.25,-1.94,0.04,0.99,-33.13,-3.47,-0.2,-33.33,-2.909,-2.909,70,74,0,0.486,0.5972222222222222,0.375,0.5,0.5,0.375,0.4375,0.6875,0.4375,0.5625,0.4375,0.375,0.5625,1,0,0,0,0,0,0,0,0,0
12,3.0,1910.0,5764.0,5130.0,821.0,1484.0,289.0,17.0,203.0,2416.0,792.0,68.0,32.0,471.0,81.0,22.0,1157.0,124.0,45.0,37.0,0.289,0.356,0.471,0.827,0.356,103.9,24.47,13.11,8.0,686.0,0.0,0.0,144.0,68.0,74.0,29.0,64.0,1283.2,846.0,771.0,5788.0,1410.0,295.0,26.0,166.0,548.0,23.0,73.0,1164.0,7.0,65.0,5.41,5.1,1.53,96.5,102.6,16.03,-16.1,9.0,2194.0,1296.0,11553.0,5396.0,3851.0,1428.0,117.0,0.978,4.11,-11.8,-7.06,-0.6,-0.5,-3.41,-23.37,-2.42,-0.51,-23.88,-2.055,-2.055,68,74,2,0.479,0.4722222222222222,0.4857142857142857,0.625,0.1875,0.5,0.5625,0.5625,0.4666666666666667,0.5625,0.375,0.25,0.7333333333333333,0,0,0,0,0,0,1,0,0,0
13,4.0,1773.0,5682.0,4992.0,829.0,1403.0,234.0,13.0,233.0,2362.0,791.0,108.0,39.0,483.0,119.0,6.0,1079.0,103.0,54.0,34.0,0.281,0.356,0.473,0.829,0.357,103.8,23.89,16.93,1.0,634.0,0.0,0.0,144.0,78.0,65.0,29.0,63.0,1274.2,729.0,664.0,5563.0,1353.0,232.0,17.0,189.0,425.0,15.0,74.0,1130.0,2.0,62.0,4.69,5.13,1.4,112.1,103.4,21.96,-10.28,2.0,2137.0,1296.0,11472.0,5372.0,3824.0,1432.0,116.0,0.978,4.12,21.36,-0.43,-1.39,1.53,-3.35,17.72,1.85,-0.12,17.6,1.581,1.581,78,65,1,0.545,0.5833333333333334,0.5070422535211268,0.3125,0.5,0.4375,0.6875,0.5,0.625,0.4375,0.6875,0.5333333333333333,0.6875,0,0,0,0,1,0,0,0,0,0
14,5.0,1757.0,5780.0,5141.0,825.0,1481.0,288.0,19.0,165.0,2302.0,787.0,101.0,33.0,472.0,85.0,25.0,1208.0,93.0,32.0,50.0,0.288,0.355,0.448,0.802,0.349,101.3,23.6,15.7,5.0,591.0,4.0,1.0,144.0,75.0,69.0,32.0,72.0,1282.0,780.0,723.0,5646.0,1442.0,252.0,18.0,178.0,416.0,13.0,98.0,1021.0,4.0,59.0,5.08,5.22,1.45,101.5,97.8,18.24,-12.66,6.0,2027.0,1296.0,11538.0,5456.0,3846.0,1504.0,106.0,0.981,4.17,5.07,-2.55,1.64,1.1,-1.24,4.02,0.42,-0.48,3.55,0.362,0.362,75,69,0,0.521,0.5138888888888888,0.5277777777777778,0.4375,0.5,0.4375,0.5625,0.5625,0.3125,0.5,0.5,0.6875,0.6875,0,0,0,0,0,0,0,0,1,0
15,6.0,1789.0,5665.0,5070.0,788.0,1487.0,299.0,12.0,148.0,2254.0,740.0,71.0,38.0,418.0,75.0,14.0,1001.0,125.0,51.0,51.0,0.293,0.353,0.445,0.797,0.347,102.5,23.14,14.02,9.0,601.0,3.0,2.0,144.0,68.0,75.0,29.0,43.0,1268.2,816.0,750.0,5677.0,1434.0,266.0,19.0,159.0,453.0,13.0,89.0,1058.0,4.0,72.0,5.32,5.05,1.49,94.8,99.2,13.21,-17.54,7.0,2092.0,1296.0,11418.0,5309.0,3806.0,1403.0,100.0,0.981,4.11,3.74,-5.0,-1.42,-0.16,-0.24,-3.09,-0.32,-0.22,-3.31,-0.262,-0.262,68,75,1,0.476,0.5492957746478874,0.4027777777777778,0.5625,0.0625,0.5333333333333333,0.5,0.375,0.5,0.6875,0.4375,0.5625,0.5625,0,0,1,0,0,0,0,0,0,0
16,7.0,1717.0,5766.0,5109.0,776.0,1471.0,241.0,29.0,146.0,2208.0,732.0,116.0,52.0,468.0,87.0,14.0,1034.0,115.0,57.0,45.0,0.288,0.355,0.432,0.787,0.344,96.6,19.89,8.89,4.0,618.0,0.0,0.0,144.0,68.0,72.0,33.0,56.0,1285.1,802.0,745.0,5740.0,1477.0,291.0,18.0,185.0,441.0,10.0,107.0,1114.0,5.0,45.0,5.22,5.23,1.49,101.7,100.5,18.26,-10.91,5.0,2048.0,1296.0,11568.0,5270.0,3856.0,1335.0,79.0,0.985,4.04,-4.04,7.05,-1.72,2.71,4.22,8.21,0.85,-0.4,7.82,0.747,0.747,68,72,4,0.486,0.4782608695652174,0.49295774647887325,0.625,0.25,0.75,0.6,0.4666666666666667,0.4375,0.3125,0.4375,0.5,0.5,0,0,0,0,0,0,0,1,0,0
17,8.0,1822.0,5605.0,5026.0,757.0,1382.0,264.0,13.0,206.0,2290.0,721.0,80.0,57.0,464.0,46.0,14.0,1109.0,103.0,43.0,26.0,0.275,0.34,0.456,0.796,0.343,94.2,15.12,8.54,6.0,631.0,4.0,1.0,144.0,59.0,82.0,24.0,45.0,1274.1,834.0,760.0,5743.0,1580.0,272.0,23.0,194.0,409.0,25.0,84.0,1025.0,1.0,63.0,5.37,5.31,1.56,98.7,97.9,16.76,-20.35,8.0,2132.0,1296.0,11469.0,5422.0,3823.0,1500.0,99.0,0.982,4.18,-23.99,4.66,-1.9,-0.81,0.04,-21.99,-2.3,-0.16,-22.16,-1.946,-1.946,59,82,3,0.418,0.44285714285714284,0.39436619718309857,0.4375,0.4375,0.26666666666666666,0.6875,0.3125,0.4375,0.3125,0.375,0.5,0.5,0,1,0,0,0,0,0,0,0,0
18,9.0,1764.0,5539.0,4972.0,729.0,1369.0,249.0,14.0,151.0,2099.0,668.0,118.0,64.0,420.0,88.0,17.0,1098.0,113.0,31.0,28.0,0.275,0.341,0.422,0.763,0.335,89.1,12.22,10.47,2.0,685.0,0.0,0.0,144.0,77.0,67.0,37.0,62.0,1274.0,761.0,701.0,5637.0,1394.0,246.0,13.0,164.0,472.0,9.0,89.0,1124.0,7.0,78.0,4.95,5.04,1.47,107.0,105.9,19.87,-5.47,1.0,2191.0,1296.0,11466.0,5315.0,3822.0,1394.0,99.0,0.981,4.09,13.15,7.56,0.12,-1.0,0.04,19.86,2.07,-0.18,19.68,1.805,1.805,77,67,0,0.535,0.5972222222222222,0.4722222222222222,0.5625,0.5,0.625,0.5625,0.3125,0.5625,0.5,0.5,0.5625,0.625,0,0,0,0,0,0,0,0,0,1
19,10.0,1938.0,5488.0,4895.0,660.0,1280.0,233.0,18.0,143.0,1978.0,629.0,82.0,35.0,427.0,88.0,15.0,1081.0,115.0,35.0,43.0,0.261,0.329,0.404,0.733,0.322,83.6,9.66,6.03,10.0,622.0,1.0,0.0,144.0,58.0,85.0,24.0,51.0,1264.0,844.0,773.0,5701.0,1443.0,248.0,20.0,186.0,537.0,17.0,68.0,1010.0,6.0,92.0,5.5,5.54,1.57,94.3,94.9,11.15,-19.46,3.0,2163.0,1296.0,11376.0,5297.0,3792.0,1398.0,107.0,0.98,4.11,12.02,7.84,1.2,-3.25,-1.72,16.1,1.69,-0.23,15.88,1.469,1.469,58,85,1,0.406,0.4583333333333333,0.352112676056338,0.5625,0.25,0.4375,0.5,0.3125,0.5,0.4375,0.4375,0.4,0.3125,0,0,0,1,0,0,0,0,0,0
20,1.0,1637.0,5658.0,4991.0,780.0,1405.0,252.0,37.0,112.0,2067.0,741.0,110.0,33.0,514.0,69.0,13.0,943.0,122.0,36.0,48.0,0.282,0.354,0.414,0.768,0.352,114.2,32.83,9.03,3.0,611.0,2.0,2.0,144.0,86.0,57.0,39.0,90.0,1279.0,572.0,512.0,5427.0,1293.0,244.0,24.0,61.0,371.0,3.0,58.0,984.0,6.0,45.0,3.6,3.48,1.3,114.6,118.6,22.07,5.42,5.0,2024.0,1296.0,11511.0,5444.0,3837.0,1508.0,99.0,0.982,4.18,-2.98,6.83,0.52,1.78,0.14,6.28,0.65,-0.25,6.03,0.726,0.732,86,57,1,0.601,0.6338028169014085,0.5694444444444444,0.6666666666666666,0.5625,0.8125,0.625,0.5,0.5625,0.5,0.5,0.625,0.5625,0,0,0,0,0,0,0,0,1,0
21,2.0,1738.0,5669.0,4912.0,736.0,1364.0,235.0,31.0,84.0,1913.0,692.0,102.0,38.0,562.0,73.0,16.0,799.0,117.0,39.0,83.0,0.278,0.355,0.389,0.745,0.344,109.9,28.28,6.12,2.0,621.0,3.0,0.0,144.0,88.0,55.0,44.0,69.0,1283.2,550.0,501.0,5434.0,1259.0,231.0,22.0,78.0,380.0,22.0,70.0,860.0,5.0,49.0,3.51,3.85,1.28,116.4,105.9,23.46,10.43,4.0,2109.0,1296.0,11553.0,5363.0,3852.0,1428.0,83.0,0.985,4.11,23.12,-5.51,-1.79,0.4,3.41,19.64,2.03,-0.31,19.33,2.031,2.031,88,55,1,0.615,0.6527777777777778,0.5774647887323944,0.8125,0.5,0.6875,0.5333333333333333,0.5625,0.625,0.4375,0.625,0.8125,0.4375,0,0,0,0,0,1,0,0,0,0
22,3.0,1783.0,5631.0,4968.0,674.0,1383.0,249.0,26.0,128.0,2068.0,639.0,86.0,45.0,456.0,83.0,14.0,880.0,126.0,64.0,60.0,0.278,0.345,0.416,0.762,0.346,106.6,25.8,-1.13,4.0,645.0,5.0,2.0,144.0,73.0,69.0,32.0,68.0,1284.1,631.0,573.0,5578.0,1285.0,199.0,19.0,103.0,483.0,10.0,92.0,991.0,2.0,68.0,4.02,4.22,1.38,105.5,100.2,17.86,3.13,2.0,2138.0,1296.0,11559.0,5419.0,3852.0,1472.0,95.0,0.983,4.15,18.15,3.96,2.53,0.02,1.02,25.68,2.66,0.12,25.8,2.67,2.67,73,69,2,0.514,0.5714285714285714,0.4583333333333333,0.5625,0.4666666666666667,0.6875,0.5,0.4375,0.5,0.375,0.5625,0.4,0.625,0,0,0,1,0,0,0,0,0,0
23,4.0,1887.0,5579.0,4962.0,650.0,1374.0,186.0,20.0,103.0,1909.0,615.0,104.0,44.0,476.0,51.0,15.0,974.0,113.0,45.0,45.0,0.277,0.344,0.385,0.728,0.336,102.1,22.89,1.42,7.0,568.0,2.0,1.0,144.0,71.0,71.0,37.0,59.0,1277.0,661.0,611.0,5533.0,1303.0,225.0,25.0,118.0,481.0,17.0,61.0,848.0,6.0,50.0,4.31,4.51,1.4,96.8,91.6,13.38,-1.4,3.0,2122.0,1296.0,11493.0,5403.0,3831.0,1470.0,102.0,0.981,4.15,22.15,-1.58,0.32,0.17,-0.49,20.56,2.14,-0.15,20.41,2.166,2.166,71,71,2,0.5,0.5774647887323944,0.4225352112676056,0.75,0.5625,0.7857142857142857,0.375,0.375,0.1875,0.4375,0.5,0.5625,0.5,0,1,0,0,0,0,0,0,0,0
24,5.0,1825.0,5536.0,4928.0,641.0,1316.0,233.0,15.0,94.0,1861.0,604.0,108.0,47.0,434.0,77.0,17.0,962.0,117.0,49.0,48.0,0.267,0.333,0.378,0.711,0.327,99.0,22.13,2.54,5.0,600.0,1.0,0.0,144.0,79.0,64.0,43.0,62.0,1283.1,633.0,554.0,5555.0,1257.0,223.0,23.0,89.0,499.0,15.0,91.0,953.0,1.0,64.0,3.89,4.16,1.37,105.2,97.8,14.92,5.62,1.0,2141.0,1296.0,11550.0,5449.0,3848.0,1506.0,95.0,0.983,4.17,28.99,4.48,-1.47,0.14,1.01,33.15,3.44,-0.15,33.0,3.441,3.441,79,64,1,0.552,0.5774647887323944,0.5277777777777778,0.625,0.375,0.6666666666666666,0.5,0.375,0.5,0.4375,0.5625,0.625,0.8125,0,0,1,0,0,0,0,0,0,0
25,6.0,1731.0,5542.0,4919.0,655.0,1290.0,218.0,14.0,117.0,1887.0,622.0,118.0,50.0,462.0,87.0,20.0,966.0,92.0,35.0,38.0,0.262,0.334,0.384,0.718,0.331,97.4,19.36,0.55,1.0,628.0,0.0,0.0,144.0,88.0,55.0,51.0,92.0,1292.1,546.0,503.0,5463.0,1240.0,176.0,14.0,99.0,436.0,12.0,50.0,1092.0,4.0,50.0,3.5,3.81,1.3,121.1,112.2,30.04,16.03,7.0,2075.0,1296.0,11631.0,5377.0,3877.0,1413.0,87.0,0.984,4.09,3.17,0.74,-2.41,1.17,2.75,5.42,0.56,-0.25,5.17,0.604,0.604,88,55,1,0.615,0.6197183098591549,0.6111111111111112,0.4666666666666667,0.4375,0.8125,0.5625,0.5,0.625,0.5,0.75,0.75,0.625,0,0,0,0,1,0,0,0,0,0
26,7.0,1652.0,5533.0,4866.0,622.0,1245.0,230.0,26.0,122.0,1893.0,598.0,107.0,42.0,478.0,78.0,15.0,976.0,107.0,58.0,53.0,0.256,0.329,0.389,0.718,0.328,94.7,17.45,-4.93,10.0,627.0,4.0,4.0,144.0,60.0,83.0,29.0,60.0,1275.1,731.0,658.0,5638.0,1332.0,254.0,36.0,125.0,523.0,9.0,70.0,924.0,5.0,49.0,4.64,4.6,1.46,93.2,92.8,11.35,-6.64,6.0,2034.0,1296.0,11478.0,5299.0,3826.0,1368.0,105.0,0.98,4.07,5.86,1.62,-0.94,0.5,-1.12,5.92,0.62,-0.14,5.78,0.644,0.644,60,83,1,0.42,0.5,0.3380281690140845,0.5,0.1875,0.4375,0.6,0.25,0.375,0.375,0.625,0.5,0.4375,0,0,0,0,0,0,0,1,0,0
27,8.0,1807.0,5505.0,4874.0,605.0,1286.0,248.0,19.0,76.0,1800.0,566.0,87.0,42.0,496.0,59.0,13.0,919.0,108.0,31.0,45.0,0.264,0.336,0.369,0.706,0.328,95.1,17.26,-3.84,6.0,603.0,3.0,2.0,144.0,62.0,79.0,30.0,64.0,1264.0,723.0,655.0,5614.0,1362.0,257.0,24.0,101.0,504.0,17.0,76.0,976.0,2.0,51.0,4.66,4.23,1.48,90.5,99.2,14.47,-5.39,9.0,2101.0,1296.0,11376.0,5281.0,3791.0,1380.0,110.0,0.979,4.09,-21.11,-2.67,-0.75,0.65,-2.3,-26.17,-2.75,-0.22,-26.39,-2.656,-2.656,62,80,2,0.437,0.5416666666666666,0.32857142857142857,0.5,0.1875,0.5625,0.4375,0.5333333333333333,0.375,0.3333333333333333,0.75,0.5,0.25,1,0,0,0,0,0,0,0,0,0
28,9.0,1738.0,5482.0,4882.0,607.0,1249.0,223.0,16.0,88.0,1768.0,562.0,105.0,51.0,441.0,70.0,12.0,1090.0,112.0,44.0,45.0,0.256,0.324,0.362,0.686,0.317,92.0,15.02,-7.1,9.0,649.0,2.0,0.0,144.0,58.0,86.0,28.0,43.0,1268.2,737.0,679.0,5655.0,1407.0,238.0,19.0,120.0,526.0,9.0,72.0,934.0,4.0,66.0,4.82,4.55,1.52,86.0,91.6,11.39,-6.91,8.0,2131.0,1296.0,11418.0,5395.0,3804.0,1485.0,106.0,0.98,4.17,-13.66,0.08,0.05,-0.99,-1.42,-15.94,-1.67,-0.09,-16.03,-1.636,-1.643,58,86,0,0.403,0.4305555555555556,0.375,0.25,0.375,0.5,0.4375,0.25,0.4375,0.5,0.5,0.375,0.5,0,0,0,0,0,0,0,0,0,1
29,10.0,1821.0,5488.0,4919.0,578.0,1231.0,214.0,22.0,90.0,1759.0,545.0,62.0,31.0,430.0,64.0,12.0,1085.0,108.0,35.0,40.0,0.25,0.316,0.358,0.674,0.312,85.8,10.91,-10.09,8.0,664.0,1.0,1.0,144.0,48.0,93.0,16.0,47.0,1270.1,764.0,688.0,5726.0,1405.0,241.0,20.0,120.0,546.0,33.0,71.0,1032.0,4.0,103.0,4.87,4.39,1.54,86.1,95.4,11.97,-12.89,10.0,2164.0,1296.0,11433.0,5354.0,3810.0,1430.0,114.0,0.979,4.13,-51.43,-7.7,0.23,-3.83,-3.0,-65.72,-6.88,-0.3,-66.02,-6.75,-6.75,48,93,3,0.34,0.4084507042253521,0.2714285714285714,0.4375,0.3125,0.5,0.3125,0.1875,0.3333333333333333,0.1875,0.5,0.5625,0.21428571428571427,0,0,0,0,0,0,1,0,0,0
30,1.0,1979.0,5833.0,5102.0,888.0,1483.0,258.0,28.0,187.0,2358.0,845.0,101.0,38.0,529.0,104.0,21.0,997.0,106.0,46.0,51.0,0.291,0.366,0.462,0.828,0.37,115.0,33.28,17.79,3.0,736.0,0.0,0.0,144.0,83.0,55.0,31.0,88.0,1296.2,714.0,661.0,5690.0,1292.0,199.0,15.0,153.0,547.0,10.0,79.0,1049.0,7.0,65.0,4.59,4.9,1.42,106.5,98.9,19.5,-3.39,4.0,138.0,1296.0,11670.0,5268.0,3890.0,1291.0,87.0,0.984,4.0,-0.12,9.47,2.76,-0.13,2.09,14.07,1.44,0.15,14.22,1.339,1.339,83,55,6,0.601,0.6521739130434783,0.5507246376811594,0.4375,0.5625,0.625,0.5,0.875,0.3076923076923077,0.5,0.75,0.6428571428571429,0.6666666666666666,0,0,0,1,0,0,0,0,0,0
31,2.0,1894.0,5773.0,5043.0,816.0,1476.0,263.0,20.0,125.0,2154.0,776.0,88.0,37.0,551.0,68.0,20.0,796.0,132.0,38.0,73.0,0.293,0.365,0.427,0.792,0.359,114.0,31.16,13.49,1.0,656.0,1.0,0.0,144.0,78.0,61.0,23.0,43.0,1284.2,695.0,628.0,5676.0,1393.0,258.0,25.0,109.0,477.0,22.0,61.0,1046.0,4.0,52.0,4.4,4.24,1.46,105.3,109.2,21.06,-4.68,8.0,106.0,1290.0,11562.0,5217.0,3854.0,1278.0,85.0,0.984,4.0,-16.33,2.29,-2.84,1.01,2.31,-13.57,-1.4,-0.37,-13.94,-1.252,-1.252,79,61,4,0.564,0.5857142857142857,0.5428571428571428,0.8125,0.5,0.6,0.4375,0.75,0.6,0.4,0.5625,0.4666666666666667,0.4375,0,0,0,0,0,1,0,0,0,0
32,3.0,1985.0,5681.0,4999.0,802.0,1384.0,253.0,29.0,149.0,2142.0,760.0,83.0,39.0,509.0,75.0,21.0,969.0,115.0,49.0,49.0,0.277,0.349,0.428,0.778,0.35,108.6,27.02,8.97,8.0,653.0,2.0,2.0,144.0,79.0,61.0,29.0,67.0,1292.2,694.0,631.0,5655.0,1344.0,240.0,17.0,123.0,493.0,12.0,86.0,1019.0,4.0,49.0,4.39,4.53,1.42,105.3,101.9,15.87,-0.02,1.0,113.0,1296.0,11634.0,5417.0,3878.0,1459.0,80.0,0.985,4.13,35.36,-1.51,-0.49,1.18,3.43,37.96,3.91,-0.31,37.65,3.569,3.569,79,61,4,0.564,0.5652173913043478,0.5633802816901409,0.6875,0.4,0.4375,0.6923076923076923,0.8125,0.5,0.375,0.6875,0.4375,0.5625,0,0,1,0,0,0,0,0,0,0
33,4.0,2002.0,5762.0,5047.0,813.0,1432.0,238.0,21.0,163.0,2201.0,767.0,106.0,50.0,554.0,52.0,20.0,1097.0,104.0,64.0,45.0,0.284,0.358,0.436,0.794,0.356,106.7,26.62,15.08,5.0,665.0,0.0,0.0,144.0,81.0,62.0,33.0,71.0,1290.1,715.0,654.0,5680.0,1357.0,227.0,9.0,118.0,523.0,20.0,59.0,848.0,1.0,75.0,4.56,4.74,1.46,105.3,100.4,18.65,-5.59,2.0,105.0,1296.0,11613.0,5460.0,3871.0,1487.0,102.0,0.981,4.15,17.26,8.02,-2.42,-0.55,-1.01,21.3,2.2,-0.39,20.91,2.006,2.006,81,62,1,0.566,0.6111111111111112,0.5211267605633803,0.5625,0.5625,0.4375,0.3333333333333333,0.8125,0.4375,0.5,0.6875,0.75,0.5,0,1,0,0,0,0,0,0,0,0
34,5.0,1767.0,5721.0,4945.0,759.0,1332.0,254.0,25.0,127.0,2017.0,713.0,113.0,26.0,608.0,73.0,16.0,1030.0,107.0,43.0,52.0,0.269,0.355,0.408,0.762,0.347,104.3,26.35,10.36,4.0,730.0,0.0,0.0,144.0,80.0,63.0,42.0,81.0,1280.1,692.0,625.0,5556.0,1336.0,208.0,15.0,126.0,447.0,16.0,72.0,950.0,7.0,51.0,4.39,4.53,1.39,107.4,102.5,19.14,-1.72,3.0,116.0,1296.0,11523.0,5499.0,3841.0,1546.0,112.0,0.98,4.21,19.08,0.8,-0.64,1.52,-3.16,17.6,1.83,-0.04,17.56,1.646,1.646,80,63,1,0.559,0.5774647887323944,0.5416666666666666,0.4375,0.6,0.5,0.5,0.625,0.625,0.5,0.6875,0.5625,0.5,0,0,0,0,0,0,0,0,1,0
35,6.0,1745.0,5669.0,4958.0,750.0,1366.0,252.0,6.0,131.0,2023.0,711.0,90.0,31.0,569.0,55.0,18.0,875.0,148.0,39.0,48.0,0.276,0.354,0.408,0.762,0.347,99.6,20.49,10.01,2.0,689.0,1.0,0.0,144.0,71.0,72.0,25.0,59.0,1277.1,720.0,659.0,5583.0,1351.0,241.0,17.0,143.0,447.0,25.0,58.0,1002.0,4.0,62.0,4.64,4.57,1.41,104.9,105.0,19.76,-10.7,7.0,83.0,1296.0,11496.0,5371.0,3832.0,1445.0,94.0,0.983,4.13,2.41,-7.37,-3.23,0.71,0.4,-7.08,-0.74,-0.34,-7.43,-0.635,-0.635,71,72,1,0.497,0.5694444444444444,0.4225352112676056,0.375,0.4,0.5,0.375,0.5,0.5625,0.5,0.6875,0.5,0.5625,0,0,0,0,0,0,1,0,0,0
36,7.0,1807.0,5637.0,4933.0,724.0,1353.0,224.0,13.0,130.0,1993.0,692.0,47.0,25.0,534.0,69.0,10.0,957.0,113.0,63.0,38.0,0.274,0.351,0.404,0.755,0.343,98.8,18.91,8.55,7.0,639.0,1.0,1.0,144.0,73.0,70.0,33.0,79.0,1269.1,795.0,725.0,5678.0,1398.0,265.0,34.0,120.0,559.0,8.0,70.0,1038.0,4.0,78.0,5.14,4.62,1.54,93.4,104.0,18.14,-7.3,10.0,101.0,1290.0,11424.0,5382.0,3808.0,1474.0,100.0,0.981,4.16,-36.3,-8.78,1.1,-1.05,-0.92,-45.95,-4.81,-0.52,-46.47,-4.248,-4.248,73,71,0,0.507,0.5138888888888888,0.5,0.5,0.1875,0.625,0.5625,0.5625,0.3125,0.5625,0.6875,0.625,0.4375,1,0,0,0,0,0,0,0,0,0
37,8.0,1865.0,5574.0,4923.0,699.0,1317.0,211.0,12.0,129.0,1939.0,658.0,132.0,49.0,486.0,62.0,10.0,990.0,117.0,50.0,53.0,0.268,0.338,0.394,0.732,0.333,91.1,15.93,-0.43,6.0,698.0,3.0,1.0,144.0,64.0,75.0,25.0,80.0,1272.1,745.0,676.0,5634.0,1330.0,222.0,16.0,151.0,542.0,16.0,67.0,931.0,5.0,56.0,4.78,5.03,1.47,102.6,97.0,18.6,-4.92,5.0,108.0,1296.0,11451.0,5230.0,3817.0,1311.0,102.0,0.981,4.03,3.94,1.78,1.14,0.95,-1.28,6.54,0.68,-0.02,6.52,0.64,0.64,64,75,5,0.46,0.4714285714285714,0.4492753623188406,0.375,0.5333333333333333,0.5,0.35714285714285715,0.5625,0.5625,0.4375,0.5714285714285714,0.5,0.25,0,0,0,0,0,0,0,1,0,0
38,9.0,1897.0,5502.0,4839.0,634.0,1212.0,177.0,17.0,143.0,1852.0,595.0,81.0,45.0,511.0,69.0,18.0,981.0,112.0,49.0,34.0,0.25,0.329,0.383,0.711,0.324,85.3,10.36,-2.01,10.0,686.0,1.0,0.0,144.0,51.0,92.0,20.0,53.0,1259.1,846.0,783.0,5727.0,1343.0,225.0,17.0,162.0,670.0,12.0,84.0,953.0,5.0,85.0,5.6,5.48,1.6,86.2,88.9,8.35,-18.95,6.0,120.0,1296.0,11334.0,5200.0,3778.0,1323.0,99.0,0.981,4.05,-0.44,0.47,-0.53,-1.76,-0.87,-3.13,-0.33,-0.32,-3.45,-0.274,-0.274,51,92,1,0.357,0.3888888888888889,0.323943661971831,0.4375,0.25,0.5,0.125,0.5,0.1875,0.375,0.7333333333333333,0.4375,0.1875,0,0,0,0,1,0,0,0,0,0
39,10.0,1887.0,5483.0,4862.0,551.0,1189.0,195.0,12.0,79.0,1645.0,523.0,51.0,36.0,462.0,89.0,9.0,1163.0,119.0,45.0,25.0,0.245,0.32,0.338,0.658,0.306,76.9,4.68,-12.09,9.0,705.0,1.0,1.0,144.0,46.0,95.0,21.0,54.0,1265.0,820.0,744.0,5756.0,1400.0,240.0,18.0,158.0,609.0,22.0,79.0,1019.0,5.0,77.0,5.29,5.15,1.59,89.3,93.0,12.32,-12.46,9.0,119.0,1296.0,11385.0,5172.0,3795.0,1277.0,100.0,0.981,4.01,-22.85,-2.31,-1.66,-1.88,-0.99,-29.69,-3.12,0.15,-29.54,-2.772,-2.772,46,95,3,0.326,0.35714285714285715,0.29577464788732394,0.3125,0.4375,0.3125,0.25,0.26666666666666666,0.3125,0.3125,0.5,0.42857142857142855,0.3125,0,0,0,0,0,0,0,0,0,1
40,1.0,1930.0,5736.0,4899.0,755.0,1278.0,205.0,13.0,185.0,2064.0,712.0,100.0,43.0,636.0,94.0,23.0,1056.0,106.0,55.0,52.0,0.261,0.354,0.421,0.775,0.357,108.7,28.22,10.41,9.0,660.0,0.0,0.0,144.0,66.0,64.0,25.0,56.0,1276.2,741.0,687.0,5706.0,1296.0,214.0,14.0,149.0,630.0,27.0,77.0,1012.0,9.0,41.0,4.84,4.86,1.51,92.6,93.5,10.43,-9.41,4.0,2173.0,1296.0,11490.0,5341.0,3830.0,1409.0,102.0,0.981,4.1,4.18,4.6,-0.15,1.0,0.52,10.14,1.06,-0.04,10.1,1.029,1.029,66,64,14,0.508,0.578125,0.4393939393939394,0.6,0.4666666666666667,0.6666666666666666,0.38461538461538464,0.5,0.6,0.5333333333333333,0.625,0.5,0.14285714285714285,0,0,0,0,1,0,0,0,0,0
41,2.0,1980.0,5645.0,4900.0,738.0,1314.0,235.0,17.0,110.0,1913.0,698.0,81.0,37.0,560.0,86.0,13.0,943.0,137.0,46.0,53.0,0.268,0.35,0.39,0.741,0.346,107.5,26.14,3.66,3.0,658.0,2.0,1.0,144.0,71.0,65.0,28.0,61.0,1269.1,656.0,601.0,5631.0,1295.0,212.0,21.0,104.0,587.0,16.0,73.0,1045.0,7.0,52.0,4.26,4.27,1.48,101.2,101.1,21.14,-0.36,8.0,2254.0,1296.0,11424.0,5191.0,3808.0,1294.0,89.0,0.983,4.02,-15.61,-5.34,1.2,0.3,3.0,-16.45,-1.72,-0.36,-16.8,-1.598,-1.598,71,65,8,0.522,0.5303030303030303,0.5142857142857142,0.6428571428571429,0.5,0.3333333333333333,0.625,0.5333333333333333,0.5384615384615384,0.4666666666666667,0.5625,0.5625,0.4375,0,0,0,0,0,1,0,0,0,0
42,3.0,1809.0,5726.0,5009.0,727.0,1393.0,266.0,10.0,107.0,2000.0,697.0,60.0,31.0,579.0,54.0,19.0,969.0,113.0,38.0,46.0,0.278,0.356,0.399,0.756,0.352,105.5,24.48,3.95,8.0,732.0,1.0,1.0,144.0,65.0,71.0,37.0,76.0,1271.0,808.0,760.0,5759.0,1333.0,253.0,16.0,133.0,657.0,19.0,89.0,1055.0,5.0,102.0,5.38,4.75,1.57,84.5,94.0,10.9,-7.04,10.0,2133.0,1295.0,11439.0,5300.0,3813.0,1402.0,85.0,0.984,4.1,-25.15,-5.15,-0.76,-3.19,3.83,-30.42,-3.18,-0.21,-30.64,-2.988,-2.988,65,71,8,0.478,0.4626865671641791,0.4927536231884058,0.4,0.6666666666666666,0.5,0.5,0.3333333333333333,0.35714285714285715,0.5,0.4666666666666667,0.5,0.5625,0,0,0,0,0,0,1,0,0,0
43,4.0,1909.0,5532.0,4808.0,702.0,1254.0,203.0,17.0,170.0,2001.0,670.0,100.0,46.0,511.0,111.0,14.0,1093.0,94.0,59.0,43.0,0.261,0.343,0.416,0.759,0.349,104.5,23.84,4.54,5.0,696.0,3.0,1.0,144.0,67.0,68.0,33.0,80.0,1256.2,697.0,634.0,5622.0,1268.0,231.0,15.0,125.0,592.0,14.0,77.0,1055.0,8.0,75.0,4.54,4.51,1.48,100.0,100.1,16.66,-5.27,7.0,2189.0,1296.0,11310.0,5170.0,3769.0,1290.0,111.0,0.979,4.03,-9.34,-0.61,-0.43,-1.0,-1.61,-12.99,-1.37,-0.05,-13.04,-1.278,-1.278,67,68,9,0.496,0.5142857142857142,0.47692307692307695,0.75,0.375,0.5,0.5,0.6153846153846154,0.5,0.3125,0.6428571428571429,0.3125,0.5,0,0,0,1,0,0,0,0,0,0
44,5.0,1999.0,5619.0,4802.0,719.0,1274.0,219.0,11.0,106.0,1833.0,675.0,112.0,46.0,645.0,58.0,27.0,1044.0,105.0,69.0,44.0,0.265,0.356,0.382,0.738,0.344,100.8,22.37,4.65,2.0,613.0,2.0,2.0,144.0,76.0,58.0,33.0,74.0,1262.2,582.0,516.0,5388.0,1173.0,184.0,13.0,85.0,487.0,18.0,42.0,1060.0,1.0,56.0,3.68,3.74,1.32,122.1,118.7,24.68,3.64,2.0,2189.0,1295.0,11364.0,5363.0,3787.0,1464.0,112.0,0.979,4.16,10.7,9.32,-2.08,0.28,-1.71,16.5,1.74,-0.31,16.2,1.69,1.69,76,59,9,0.563,0.6307692307692307,0.5,0.5714285714285714,0.5625,0.4375,0.5,0.8571428571428571,0.5714285714285714,0.5,0.6875,0.4,0.5,0,1,0,0,0,0,0,0,0,0
45,6.0,1827.0,5644.0,4867.0,720.0,1259.0,244.0,28.0,90.0,1829.0,669.0,96.0,26.0,593.0,93.0,17.0,1051.0,93.0,35.0,56.0,0.259,0.347,0.376,0.723,0.34,100.0,22.33,4.1,7.0,629.0,1.0,1.0,144.0,69.0,67.0,30.0,56.0,1261.1,700.0,607.0,5591.0,1279.0,223.0,7.0,101.0,566.0,27.0,80.0,896.0,4.0,59.0,4.33,4.43,1.46,102.4,98.1,13.75,-2.72,5.0,2107.0,1289.0,11352.0,5443.0,3784.0,1530.0,129.0,0.976,4.21,11.24,2.73,-0.55,0.54,-5.13,8.83,0.93,0.06,8.88,0.915,0.915,70,67,7,0.511,0.6176470588235294,0.4057971014492754,0.5625,0.5333333333333333,0.5,0.6875,0.4666666666666667,0.35714285714285715,0.5,0.46153846153846156,0.5,0.5,0,0,0,0,0,0,0,0,1,0
46,7.0,1816.0,5552.0,4836.0,712.0,1292.0,204.0,18.0,133.0,1931.0,669.0,116.0,44.0,545.0,55.0,21.0,902.0,98.0,48.0,68.0,0.267,0.344,0.399,0.743,0.344,100.8,21.87,7.49,4.0,676.0,2.0,1.0,144.0,76.0,59.0,46.0,80.0,1259.0,658.0,601.0,5536.0,1297.0,230.0,24.0,131.0,530.0,13.0,51.0,1038.0,3.0,58.0,4.3,4.39,1.45,105.1,103.0,19.56,1.15,6.0,2184.0,1296.0,11331.0,5195.0,3777.0,1330.0,88.0,0.983,4.06,-6.77,5.83,-0.5,0.67,3.03,2.26,0.24,-0.16,2.1,0.214,0.214,76,59,9,0.563,0.6176470588235294,0.5074626865671642,0.6875,0.4375,0.5,0.6875,0.5,0.42857142857142855,0.5,0.7142857142857143,0.5,0.6,0,0,0,0,0,0,0,1,0,0
47,8.0,1960.0,5533.0,4750.0,654.0,1188.0,210.0,11.0,110.0,1750.0,622.0,92.0,34.0,593.0,93.0,16.0,926.0,102.0,52.0,45.0,0.25,0.342,0.368,0.71,0.334,99.4,21.04,0.5,1.0,697.0,0.0,0.0,144.0,72.0,58.0,32.0,81.0,1272.1,561.0,507.0,5453.0,1126.0,197.0,18.0,80.0,545.0,18.0,98.0,1068.0,5.0,44.0,3.59,3.95,1.31,120.3,110.0,26.62,6.45,1.0,2302.0,1296.0,11451.0,5388.0,3818.0,1479.0,91.0,0.983,4.16,23.21,-5.34,0.06,0.98,2.65,21.56,2.25,-0.13,21.43,2.209,2.209,72,58,14,0.554,0.5797101449275363,0.5245901639344263,0.6,0.46153846153846156,0.6428571428571429,0.5,0.4,0.5,0.6428571428571429,0.7333333333333333,0.5714285714285714,0.42857142857142855,0,0,1,0,0,0,0,0,0,0
48,9.0,1606.0,5495.0,4687.0,599.0,1111.0,213.0,17.0,80.0,1598.0,554.0,110.0,56.0,632.0,75.0,14.0,1286.0,110.0,53.0,48.0,0.237,0.334,0.341,0.675,0.32,87.6,11.86,-10.31,10.0,717.0,1.0,0.0,144.0,49.0,83.0,21.0,62.0,1258.2,739.0,654.0,5672.0,1208.0,223.0,19.0,115.0,673.0,23.0,101.0,1011.0,11.0,56.0,4.68,4.7,1.49,93.7,94.8,9.97,-6.54,3.0,2043.0,1295.0,11328.0,5150.0,3773.0,1257.0,120.0,0.977,4.0,19.13,0.38,-2.03,0.73,-3.37,14.83,1.57,0.18,15.01,1.496,1.496,49,83,12,0.371,0.38461538461538464,0.3582089552238806,0.23076923076923078,0.4375,0.5333333333333333,0.35714285714285715,0.375,0.26666666666666666,0.5384615384615384,0.5,0.2857142857142857,0.3125,0,0,0,0,0,0,0,0,0,1
49,10.0,1708.0,5577.0,4831.0,568.0,1198.0,183.0,21.0,66.0,1621.0,546.0,73.0,31.0,595.0,73.0,16.0,921.0,119.0,41.0,37.0,0.248,0.337,0.336,0.673,0.321,86.7,10.59,-3.12,6.0,676.0,1.0,0.0,144.0,58.0,76.0,36.0,94.0,1269.0,752.0,693.0,5701.0,1286.0,215.0,16.0,134.0,622.0,5.0,104.0,951.0,8.0,58.0,4.91,4.91,1.5,90.5,90.5,14.95,-5.75,9.0,2032.0,1296.0,11421.0,5283.0,3807.0,1366.0,110.0,0.979,4.08,-16.33,-5.34,0.16,-0.29,-1.21,-23.02,-2.41,-0.17,-23.19,-2.269,-2.269,58,76,10,0.433,0.45588235294117646,0.4090909090909091,0.5,0.35714285714285715,0.6,0.25,0.4,0.4,0.4375,0.7692307692307693,0.3125,0.42857142857142855,1,0,0,0,0,0,0,0,0,0
50,1.0,1736.0,5627.0,4927.0,715.0,1325.0,208.0,33.0,118.0,1953.0,674.0,102.0,46.0,501.0,103.0,18.0,924.0,109.0,49.0,46.0,0.269,0.346,0.396,0.742,0.34,113.4,31.02,3.5,1.0,748.0,0.0,0.0,144.0,87.0,55.0,43.0,107.0,1288.0,520.0,476.0,5432.0,1179.0,166.0,34.0,94.0,451.0,27.0,59.0,1031.0,0.0,50.0,3.33,3.81,1.27,119.5,104.4,27.64,12.55,1.0,2226.0,1296.0,11592.0,5345.0,3864.0,1392.0,89.0,0.983,4.08,37.79,-0.24,-3.31,0.99,4.84,40.08,4.14,-0.17,39.91,4.137,4.137,87,55,2,0.613,0.5352112676056338,0.6901408450704225,0.625,0.625,0.4666666666666667,0.625,0.4666666666666667,0.5,0.625,0.75,0.75,0.5625,0,0,1,0,0,0,0,0,0,0
51,2.0,1747.0,5703.0,5001.0,720.0,1362.0,250.0,19.0,113.0,1989.0,676.0,103.0,33.0,542.0,63.0,21.0,983.0,111.0,60.0,36.0,0.272,0.349,0.398,0.746,0.342,110.2,27.23,0.9,8.0,675.0,0.0,0.0,144.0,70.0,73.0,38.0,74.0,1279.2,679.0,599.0,5636.0,1286.0,233.0,22.0,120.0,526.0,20.0,67.0,1042.0,2.0,58.0,4.21,4.27,1.42,96.8,95.9,12.68,-2.45,5.0,2119.0,1296.0,11517.0,5323.0,3838.0,1378.0,107.0,0.98,4.08,3.71,-7.81,1.5,0.23,1.1,-1.27,-0.13,-0.18,-1.45,-0.116,-0.116,70,73,1,0.49,0.4305555555555556,0.5492957746478874,0.5,0.5625,0.75,0.5625,0.3125,0.375,0.375,0.75,0.375,0.3333333333333333,1,0,0,0,0,0,0,0,0,0
52,3.0,1860.0,5642.0,4893.0,720.0,1245.0,243.0,18.0,138.0,1938.0,682.0,98.0,39.0,530.0,95.0,22.0,1075.0,96.0,77.0,47.0,0.254,0.336,0.396,0.732,0.333,102.7,23.25,8.96,4.0,598.0,1.0,0.0,144.0,88.0,52.0,45.0,67.0,1301.1,622.0,564.0,5533.0,1223.0,174.0,17.0,130.0,457.0,18.0,65.0,1023.0,2.0,74.0,3.9,4.23,1.29,106.7,99.2,20.71,9.02,2.0,2152.0,1296.0,11712.0,5473.0,3904.0,1460.0,109.0,0.98,4.12,26.73,13.51,-2.52,-0.73,1.08,38.06,3.89,-0.04,38.02,3.94,3.94,88,52,4,0.629,0.6805555555555556,0.5735294117647058,0.6875,0.7333333333333333,0.6666666666666666,0.5333333333333333,0.5,0.5333333333333333,0.6875,0.625,0.6875,0.5,0,0,0,0,1,0,0,0,0,0
53,4.0,1744.0,5655.0,4953.0,621.0,1249.0,203.0,33.0,94.0,1800.0,577.0,63.0,20.0,527.0,92.0,26.0,1032.0,89.0,49.0,34.0,0.252,0.333,0.363,0.697,0.322,99.4,21.43,-1.21,3.0,649.0,2.0,1.0,144.0,80.0,62.0,48.0,84.0,1296.1,610.0,548.0,5579.0,1248.0,259.0,15.0,96.0,491.0,18.0,69.0,1010.0,1.0,51.0,3.8,4.0,1.34,105.1,98.9,22.66,10.22,4.0,2150.0,1296.0,11667.0,5550.0,3889.0,1544.0,117.0,0.979,4.19,2.38,10.53,0.33,1.36,-0.61,13.99,1.44,0.02,14.01,1.438,1.438,80,62,2,0.563,0.5492957746478874,0.5774647887323944,0.625,0.4375,0.625,0.7333333333333333,0.3125,0.375,0.5,0.75,0.6875,0.5333333333333333,0,0,0,0,0,0,0,0,1,0
54,5.0,1769.0,5585.0,4899.0,646.0,1261.0,231.0,14.0,105.0,1835.0,613.0,100.0,39.0,501.0,88.0,24.0,981.0,112.0,50.0,47.0,0.257,0.334,0.375,0.709,0.326,100.5,20.93,-7.33,5.0,681.0,0.0,0.0,144.0,67.0,74.0,25.0,54.0,1286.2,642.0,559.0,5604.0,1230.0,219.0,18.0,111.0,515.0,10.0,98.0,1168.0,5.0,80.0,3.91,4.05,1.36,104.2,101.4,18.72,3.85,6.0,2175.0,1296.0,11580.0,5346.0,3861.0,1358.0,127.0,0.976,4.06,3.88,-4.22,1.94,-1.66,-2.78,-2.84,-0.29,-0.06,-2.9,-0.262,-0.262,67,74,3,0.475,0.5072463768115942,0.4444444444444444,0.4375,0.5,0.5,0.5,0.4666666666666667,0.375,0.26666666666666666,0.6,0.625,0.5,0,0,0,1,0,0,0,0,0,0
55,6.0,1819.0,5647.0,5023.0,663.0,1357.0,241.0,19.0,103.0,1945.0,626.0,90.0,27.0,447.0,53.0,28.0,1029.0,119.0,83.0,41.0,0.27,0.334,0.387,0.721,0.328,99.3,20.58,-0.42,7.0,686.0,1.0,1.0,144.0,66.0,76.0,34.0,71.0,1287.0,695.0,619.0,5678.0,1370.0,251.0,14.0,129.0,478.0,22.0,66.0,971.0,3.0,47.0,4.33,4.35,1.44,96.4,95.0,13.46,-4.63,8.0,2181.0,1296.0,11583.0,5413.0,3860.0,1435.0,118.0,0.978,4.11,-22.1,3.26,1.89,1.18,-0.97,-16.74,-1.73,-0.25,-16.99,-1.741,-1.741,66,76,2,0.465,0.4714285714285714,0.4583333333333333,0.625,0.6875,0.5333333333333333,0.375,0.3125,0.25,0.3125,0.8,0.5,0.3125,0,0,0,0,0,0,0,1,0,0
56,7.0,1889.0,5547.0,4864.0,631.0,1237.0,191.0,19.0,119.0,1823.0,588.0,89.0,34.0,519.0,49.0,21.0,1183.0,105.0,70.0,44.0,0.254,0.33,0.375,0.704,0.322,95.7,19.09,1.09,2.0,588.0,1.0,1.0,144.0,80.0,62.0,37.0,65.0,1287.1,562.0,509.0,5405.0,1243.0,188.0,19.0,92.0,364.0,22.0,63.0,1074.0,3.0,43.0,3.56,3.54,1.25,115.7,115.0,26.67,7.76,3.0,2171.0,1296.0,11586.0,5378.0,3862.0,1420.0,96.0,0.982,4.1,14.67,3.92,-1.12,1.79,3.43,22.68,2.34,-0.12,22.57,2.381,2.381,80,62,2,0.563,0.5633802816901409,0.5633802816901409,0.6666666666666666,0.75,0.5625,0.5,0.5,0.4375,0.4666666666666667,0.5,0.6875,0.5,0,1,0,0,0,0,0,0,0,0
57,8.0,1903.0,5510.0,4892.0,638.0,1249.0,210.0,12.0,101.0,1786.0,592.0,90.0,40.0,450.0,71.0,16.0,1007.0,116.0,53.0,44.0,0.255,0.324,0.365,0.689,0.318,97.5,18.32,-3.71,9.0,670.0,0.0,0.0,144.0,60.0,82.0,32.0,68.0,1279.1,721.0,634.0,5700.0,1335.0,206.0,19.0,117.0,555.0,11.0,70.0,977.0,5.0,70.0,4.46,4.44,1.48,89.2,89.4,8.53,-7.3,9.0,2267.0,1296.0,11514.0,5347.0,3836.0,1393.0,118.0,0.978,4.09,-24.04,-7.54,-1.51,-1.37,-1.11,-35.57,-3.7,-0.24,-35.81,-3.654,-3.654,60,82,2,0.423,0.4084507042253521,0.43661971830985913,0.4375,0.5,0.5333333333333333,0.5,0.26666666666666666,0.375,0.5625,0.5625,0.3125,0.25,0,0,0,0,0,1,0,0,0,0
58,9.0,1761.0,5534.0,4948.0,605.0,1320.0,227.0,16.0,106.0,1897.0,570.0,61.0,39.0,417.0,54.0,19.0,991.0,127.0,73.0,42.0,0.267,0.328,0.383,0.711,0.324,96.4,16.62,-3.65,6.0,675.0,0.0,0.0,144.0,63.0,76.0,33.0,68.0,1280.2,712.0,636.0,5686.0,1373.0,257.0,22.0,84.0,492.0,21.0,80.0,1199.0,1.0,71.0,4.47,3.61,1.46,93.1,113.1,13.49,-2.38,10.0,2133.0,1296.0,11526.0,5357.0,3842.0,1399.0,116.0,0.978,4.09,-45.96,-6.48,-2.04,-1.5,-0.68,-56.66,-5.88,-0.3,-56.97,-5.788,-5.788,64,76,4,0.457,0.391304347826087,0.5211267605633803,0.25,0.4666666666666667,0.5,0.5,0.3333333333333333,0.5333333333333333,0.375,0.75,0.4666666666666667,0.4375,0,0,0,0,0,0,1,0,0,0
59,10.0,1614.0,5513.0,4877.0,564.0,1197.0,217.0,19.0,88.0,1716.0,520.0,93.0,49.0,497.0,52.0,13.0,1264.0,92.0,46.0,40.0,0.245,0.319,0.352,0.671,0.311,89.7,13.49,-13.54,10.0,749.0,1.0,0.0,144.0,46.0,95.0,25.0,81.0,1268.1,759.0,679.0,5710.0,1315.0,268.0,22.0,112.0,602.0,39.0,83.0,974.0,4.0,65.0,4.82,4.48,1.51,84.0,91.1,6.62,-11.27,7.0,2113.0,1296.0,11415.0,5344.0,3806.0,1405.0,133.0,0.975,4.11,3.24,-4.93,-0.19,-0.29,-4.3,-6.47,-0.68,0.04,-6.43,-0.626,-0.626,46,96,2,0.324,0.3888888888888889,0.2571428571428571,0.25,0.4375,0.25,0.4,0.375,0.25,0.25,0.5,0.2,0.5,0,0,0,0,0,0,0,0,0,1
60,1.0,311.0,1095.0,915.0,152.0,272.0,49.0,6.0,12.0,369.0,144.0,39.0,28.0,137.0,15.0,2.0,155.0,21.0,12.0,16.0,0.297,0.392,0.403,0.795,0.377,133.0,7.39,3.49,10.0,139.0,0.0,0.0,26.0,15.0,11.0,5.0,22.0,235.0,123.0,95.0,1029.0,226.0,42.0,3.0,11.0,102.0,1.0,10.0,182.0,2.0,12.0,3.64,3.79,1.4,105.3,101.6,1.23,-1.24,8.0,385.0,234.0,2115.0,980.0,705.0,243.0,32.0,0.967,4.03,1.43,-1.66,-1.11,-0.18,-1.88,-3.41,-1.93,-0.04,-3.45,-0.358,-0.358,16,11,0,0.593,0.6,0.5833333333333334,0.0,0.6666666666666666,0.3333333333333333,0.75,0.6666666666666666,0.5,0.6666666666666666,0.6666666666666666,1.0,0.5,0,0,1,0,0,0,0,0,0,0
61,2.0,318.0,1042.0,899.0,113.0,232.0,32.0,5.0,16.0,322.0,102.0,25.0,13.0,93.0,25.0,2.0,238.0,17.0,16.0,9.0,0.258,0.341,0.358,0.699,0.333,103.1,4.23,-1.17,1.0,114.0,0.0,0.0,26.0,14.0,12.0,6.0,19.0,229.0,98.0,83.0,958.0,191.0,26.0,2.0,13.0,91.0,1.0,7.0,220.0,0.0,13.0,3.26,3.4,1.23,119.7,116.1,4.44,1.85,5.0,381.0,234.0,2061.0,949.0,687.0,231.0,31.0,0.967,4.01,1.55,-0.79,0.04,0.13,-1.8,-0.87,-0.51,0.0,-0.88,-0.081,-0.081,14,13,0,0.519,0.5,0.5294117647058824,0.3333333333333333,0.3333333333333333,0.0,0.5,0.6666666666666666,0.25,1.0,1.0,0.5,0.6666666666666666,0,0,0,1,0,0,0,0,0,0
62,3.0,312.0,989.0,878.0,100.0,222.0,41.0,5.0,12.0,309.0,95.0,11.0,1.0,85.0,16.0,3.0,188.0,12.0,5.0,5.0,0.253,0.328,0.352,0.68,0.327,100.0,4.05,-1.55,4.0,103.0,0.0,0.0,24.0,11.0,13.0,3.0,13.0,212.0,95.0,86.0,910.0,214.0,38.0,2.0,9.0,68.0,3.0,9.0,176.0,2.0,10.0,3.65,3.26,1.33,104.9,116.7,3.19,0.34,6.0,353.0,216.0,1908.0,887.0,636.0,231.0,20.0,0.978,4.09,-2.67,1.38,-0.2,-0.03,0.07,-1.45,-0.91,0.04,-1.41,-0.14,-0.14,12,13,0,0.48,0.7142857142857143,0.18181818181818182,0.0,1.0,0.6666666666666666,0.5,0.3333333333333333,0.0,0.5,0.5,0.5,1.0,0,0,0,0,0,0,0,0,1,0
63,4.0,288.0,960.0,830.0,110.0,208.0,38.0,1.0,20.0,308.0,99.0,12.0,6.0,99.0,10.0,1.0,170.0,17.0,14.0,7.0,0.251,0.335,0.371,0.706,0.335,101.5,3.97,1.4,2.0,107.0,1.0,0.0,24.0,15.0,9.0,12.0,15.0,212.1,91.0,79.0,926.0,190.0,29.0,1.0,16.0,108.0,1.0,12.0,175.0,0.0,11.0,3.35,4.33,1.4,119.9,93.2,4.18,1.58,1.0,343.0,216.0,1911.0,902.0,637.0,242.0,23.0,0.975,4.14,6.45,2.47,0.28,0.18,-0.52,8.86,5.55,-0.04,8.82,0.938,0.938,15,10,0,0.6,0.6153846153846154,0.5833333333333334,0.5,0.6666666666666666,1.0,0.3333333333333333,0.5,0.3333333333333333,1.0,1.0,0.6666666666666666,0.25,0,0,0,0,1,0,0,0,0,0
64,5.0,346.0,986.0,878.0,118.0,236.0,46.0,2.0,15.0,331.0,111.0,8.0,2.0,84.0,7.0,1.0,181.0,18.0,8.0,9.0,0.269,0.334,0.377,0.711,0.338,102.5,3.89,-3.46,5.0,99.0,0.0,0.0,23.0,7.0,14.0,3.0,4.0,209.0,109.0,102.0,920.0,230.0,34.0,5.0,13.0,72.0,3.0,12.0,158.0,3.0,4.0,4.39,3.78,1.45,91.1,103.6,3.09,0.44,9.0,373.0,207.0,1881.0,868.0,627.0,224.0,17.0,0.98,4.07,-3.91,-1.59,-1.14,0.62,0.62,-5.4,-3.44,-0.04,-5.45,-0.561,-0.561,8,14,2,0.364,0.4,0.3333333333333333,0.5,0.0,0.6666666666666666,0.3333333333333333,0.75,0.5,0.0,0.5,0.0,0.5,0,1,0,0,0,0,0,0,0,0
65,6.0,305.0,964.0,841.0,103.0,205.0,30.0,2.0,20.0,299.0,92.0,22.0,11.0,95.0,16.0,3.0,156.0,14.0,6.0,6.0,0.244,0.33,0.356,0.685,0.329,101.3,3.66,-0.94,6.0,109.0,0.0,0.0,24.0,12.0,11.0,6.0,11.0,213.1,105.0,83.0,934.0,192.0,37.0,2.0,13.0,92.0,1.0,13.0,188.0,0.0,6.0,3.5,3.81,1.33,109.7,102.4,3.08,1.41,7.0,351.0,216.0,1920.0,873.0,640.0,208.0,25.0,0.971,3.98,-1.35,-0.6,0.57,-0.16,-0.9,-2.44,-1.52,-0.04,-2.48,-0.237,-0.237,13,11,1,0.542,0.7,0.42857142857142855,0.6666666666666666,0.5,0.5,0.6666666666666666,0.3333333333333333,0.3333333333333333,0.5,0.75,0.0,1.0,0,0,0,0,0,1,0,0,0,0
66,7.0,282.0,886.0,773.0,119.0,205.0,32.0,5.0,12.0,283.0,107.0,19.0,5.0,86.0,6.0,4.0,146.0,16.0,9.0,12.0,0.265,0.339,0.366,0.705,0.334,99.5,3.38,4.17,7.0,114.0,0.0,0.0,22.0,14.0,8.0,10.0,21.0,195.1,110.0,103.0,892.0,213.0,34.0,5.0,15.0,88.0,2.0,22.0,169.0,0.0,10.0,4.75,4.24,1.54,84.7,92.5,2.15,-0.71,10.0,346.0,198.0,1758.0,789.0,586.0,190.0,13.0,0.984,3.97,-9.35,-0.06,-0.7,-0.11,1.15,-9.06,-6.17,-0.08,-9.14,-0.932,-0.932,15,8,0,0.652,0.6923076923076923,0.6,0.75,0.5,0.5,1.0,0.0,0.6666666666666666,1.0,1.0,0.3333333333333333,0.3333333333333333,0,0,0,0,0,0,1,0,0,0
67,8.0,302.0,970.0,856.0,106.0,214.0,34.0,1.0,18.0,304.0,104.0,12.0,7.0,90.0,12.0,3.0,183.0,19.0,7.0,5.0,0.25,0.328,0.355,0.683,0.327,95.5,3.11,0.02,9.0,104.0,0.0,0.0,24.0,12.0,12.0,9.0,12.0,216.1,122.0,116.0,959.0,231.0,36.0,4.0,17.0,89.0,0.0,7.0,158.0,3.0,7.0,4.83,4.21,1.48,83.3,94.2,1.76,-0.72,4.0,340.0,216.0,1947.0,889.0,649.0,230.0,10.0,0.989,4.06,0.16,-0.54,-0.02,0.33,2.16,2.08,1.28,0.0,2.08,0.228,0.228,12,13,0,0.48,0.5384615384615384,0.4166666666666667,1.0,0.5,0.0,0.0,0.0,0.3333333333333333,0.5,1.0,0.5,1.0,0,0,0,0,0,0,0,1,0,0
68,9.0,305.0,924.0,810.0,97.0,206.0,29.0,2.0,11.0,272.0,86.0,19.0,3.0,88.0,8.0,1.0,189.0,23.0,10.0,8.0,0.254,0.33,0.336,0.666,0.32,94.4,3.0,0.49,3.0,106.0,0.0,0.0,23.0,12.0,11.0,4.0,10.0,205.1,90.0,85.0,908.0,187.0,28.0,1.0,14.0,111.0,4.0,16.0,175.0,1.0,17.0,3.73,4.3,1.45,103.4,90.3,3.52,-0.09,2.0,344.0,207.0,1848.0,840.0,616.0,208.0,16.0,0.981,4.01,4.51,0.72,0.01,-0.39,0.75,5.59,3.62,-0.05,5.54,0.607,0.607,12,12,0,0.5,0.5384615384615384,0.45454545454545453,0.5,0.3333333333333333,0.25,0.6666666666666666,0.5,1.0,0.0,0.3333333333333333,1.0,0.5,1,0,0,0,0,0,0,0,0,0
69,10.0,287.0,965.0,840.0,81.0,180.0,29.0,1.0,9.0,238.0,77.0,16.0,5.0,94.0,12.0,2.0,225.0,13.0,11.0,8.0,0.214,0.3,0.283,0.583,0.285,68.2,0.07,-3.44,8.0,130.0,0.0,0.0,24.0,6.0,17.0,1.0,8.0,216.2,115.0,105.0,952.0,217.0,45.0,3.0,17.0,98.0,4.0,11.0,163.0,1.0,16.0,4.36,4.29,1.45,89.9,92.6,1.91,-2.6,3.0,359.0,216.0,1950.0,925.0,650.0,256.0,19.0,0.98,4.18,3.22,0.67,1.07,-0.4,0.36,4.92,3.02,-0.01,4.91,0.547,0.547,6,18,1,0.25,0.16666666666666666,0.3333333333333333,0.6666666666666666,0.25,0.0,0.0,0.0,0.3333333333333333,0.0,0.5,0.5,0.5,0,0,0,0,0,0,0,0,0,1
